GSM,470,1,21029,10130,0,90.382,23.7672,2205,9,1,1306431168,1764732482,0
GSM,470,1,21033,16054,0,90.3727,23.7546,1000,7,1,1312041256,1764931682,0
GSM,470,1,21027,45826,0,90.3579,23.7714,1000,17,1,1338796800,1764931682,0
GSM,470,1,21027,45827,0,90.3581,23.771,1000,6,1,1338796945,1764469753,0
GSM,470,1,21027,10988,0,90.3589,23.7697,1000,9,1,1338796948,1764931682,0
GSM,470,1,21027,45885,0,90.3607,23.7713,1000,16,1,1338796950,1764931682,0
GSM,470,1,21027,16018,0,90.3553,23.7715,500,26,1,1338839491,1764931681,0
GSM,470,1,21027,45828,0,90.357,23.7713,1000,23,1,1338839510,1764931682,0
GSM,470,1,23011,21697,0,89.1648,23.5468,1102,4,1,1338922096,1771016942,0
GSM,470,1,25008,26073,0,90.4073,24.7428,1000,9,1,1338927492,1789909770,0
GSM,470,1,25058,36405,0,89.8867,23.8491,1282,22,1,1338928138,1768816155,0
GSM,470,1,25034,25513,0,90.3804,23.9715,1350,4,1,1338930840,1763653149,0
GSM,470,1,21029,15881,0,90.389,23.7695,1000,23,1,1338930982,1764568982,0
GSM,470,1,23011,21693,0,89.1572,23.5231,2632,4,1,1338935372,1771016942,0
GSM,470,1,25008,26071,0,90.4083,24.7454,1000,11,1,1338939207,1784987282,0
GSM,470,1,25008,39522,0,90.4069,24.7481,1000,8,1,1338975343,1788360242,0
GSM,470,1,25008,19008,0,90.4051,24.7529,1000,10,1,1338975358,1787794201,0
GSM,470,1,25008,37058,0,90.417,24.7504,728,47,1,1338982618,1788720541,0
GSM,470,1,21031,16149,0,90.411,23.7642,1000,8,1,1363850356,1764168962,0
GSM,470,1,21031,14810,0,90.4179,23.7713,1000,11,1,1366642117,1764210844,0
GSM,470,1,21033,62029,0,90.3871,23.7513,1000,7,1,1400502013,1764469754,0
GSM,470,1,21029,15879,0,90.391,23.7749,1000,21,1,1430800970,1764732483,0
GSM,470,1,21029,16126,0,90.3874,23.7655,1000,15,1,1436186134,1764732482,0
GSM,470,1,25034,25514,0,90.383,23.9652,500,45,1,1449871945,1763653149,0
GSM,470,1,23055,51209,0,89.7924,23.5725,2426,17,1,1450862605,1771268223,0
GSM,470,1,24046,12928,0,89.7503,26.1394,4499,3,1,1419835413,1762707543,0
GSM,470,1,25008,10357,0,90.414,24.7505,1000,16,1,1458574013,1789906484,0
GSM,470,1,25008,10885,0,90.4078,24.7463,1000,6,1,1458574013,1788971955,0
GSM,470,1,25008,2689,0,90.4043,24.7476,1000,10,1,1458574013,1789909770,0
GSM,470,1,25034,25515,0,90.3803,23.9634,1000,2,1,1452477522,1763653149,0
GSM,470,1,25034,36876,0,90.3802,23.9639,1000,10,1,1458668102,1763653149,0
GSM,470,2,47,2113,0,90.3296,23.8545,1862,6,1,1458668155,1760364792,0
GSM,470,2,47,2111,0,90.3371,23.8472,1230,10,1,1458668155,1760364792,0
GSM,470,2,47,2112,0,90.3203,23.8009,3748,6,1,1458668155,1757014749,0
GSM,470,2,54,1863,0,90.4052,23.8123,1000,11,1,1447893235,1743584822,0
GSM,470,2,54,1885,0,90.4248,23.8135,1000,4,1,1458668159,1766868302,0
GSM,470,2,54,1727,0,90.424,23.7948,1000,3,1,1452040209,1766868301,0
GSM,470,2,92,1253,0,90.4161,23.7727,1000,10,1,1454365688,1764840721,0
GSM,470,2,54,1862,0,90.4059,23.8117,1000,5,1,1447893235,1743584822,0
GSM,470,2,54,1854,0,90.4016,23.8033,1000,18,1,1442901021,1743584823,0
GSM,470,2,92,3309,0,90.4162,23.7777,1000,9,1,1458668165,1764732483,0
GSM,470,2,92,1254,0,90.4152,23.7721,1000,4,1,1453611089,1764840721,0
GSM,470,2,92,3311,0,90.4152,23.778,1000,5,1,1458668165,1764732483,0
GSM,470,2,92,1280,0,90.4163,23.7777,1000,6,1,1458668164,1764732483,0
GSM,470,2,92,1258,0,90.4169,23.7803,1000,6,1,1458668164,1764568982,0
GSM,470,2,92,1259,0,90.4158,23.7787,2350,16,1,1458668164,1764210845,0
GSM,470,2,92,1262,0,90.4142,23.7796,1000,16,1,1458668164,1764732483,0
GSM,470,2,92,1261,0,90.4164,23.7803,1000,9,1,1458668164,1764149341,0
GSM,470,2,92,1279,0,90.4175,23.7783,1000,18,1,1458668164,1764732483,0
GSM,470,2,92,1281,0,90.4167,23.7785,1000,16,1,1458668164,1764732483,0
GSM,470,1,21020,15544,0,90.3715,23.7947,1000,2,1,1452231281,1788640201,0
GSM,470,1,21027,729,0,90.3657,23.7698,1000,6,1,1433203159,1764732482,0
GSM,470,1,21027,1798,0,90.3566,23.773,1000,9,1,1458832593,1764408963,0
GSM,470,1,21031,922,0,90.4098,23.76,1000,10,1,1458832595,1764168962,0
GSM,470,1,21030,47011,0,90.4145,23.7674,1000,7,1,1458832595,1764168962,0
GSM,470,1,21033,46264,0,90.3802,23.7522,1000,23,1,1458832597,1764640682,0
GSM,470,1,21027,16008,0,90.3629,23.7677,1000,11,1,1439888364,1764931682,0
GSM,470,1,21027,16003,0,90.362,23.7706,1000,19,1,1458832593,1764931682,0
GSM,470,1,21033,13998,0,90.3761,23.7557,1000,7,1,1458832597,1764931682,0
GSM,470,1,21033,10948,0,90.3694,23.7515,1000,3,1,1425177060,1764931682,0
GSM,470,1,21027,15224,0,90.3591,23.772,1000,4,1,1458832593,1764168963,0
GSM,470,1,21027,730,0,90.3668,23.7703,1000,8,1,1440374060,1764732482,0
GSM,470,1,21027,1799,0,90.3549,23.773,1000,20,1,1458832593,1764931682,0
GSM,470,1,21027,45059,0,90.3616,23.7681,1000,4,1,1430951163,1764255306,0
GSM,470,1,21033,13999,0,90.3757,23.7556,1000,20,1,1458832597,1764931682,0
GSM,470,1,21034,30103,0,90.3654,23.7631,1000,4,1,1439404578,1764255305,0
GSM,470,1,21027,45884,0,90.3604,23.7721,1000,4,1,1432684049,1764408963,0
GSM,470,1,21031,30936,0,90.4184,23.7595,1000,8,1,1458832596,1764840661,0
GSM,470,1,21027,16004,0,90.3635,23.7696,1000,12,1,1458832593,1764732482,0
GSM,470,1,21027,41150,0,90.359,23.7701,1000,2,1,1437142826,1764313382,0
GSM,470,1,21031,14976,0,90.4179,23.7586,1000,15,1,1458832595,1764840661,0
GSM,470,1,21037,10684,0,90.3993,23.7517,1000,5,1,1417330224,1764469754,0
GSM,470,1,21027,16002,0,90.3636,23.7707,1000,6,1,1437142826,1764732482,0
GSM,470,1,21027,16001,0,90.3653,23.7689,1000,5,1,1433203159,1764469754,0
GSM,470,1,21027,731,0,90.3658,23.77,1000,9,1,1433203159,1764732482,0
GSM,470,1,21033,45779,0,90.3746,23.757,500,26,1,1458832597,1764931682,0
GSM,470,4,1019,14112,0,90.3766,23.7541,1000,4,1,1458858718,1746596763,0
GSM,470,2,1109,14528,0,91.8218,22.3589,500,25,1,1459825865,1772454841,0
GSM,470,2,1109,16211,0,91.8224,22.3553,1000,8,1,1459825865,1772473321,0
GSM,470,2,108,893,0,90.3931,23.7494,1000,3,1,1452654884,1764210841,0
GSM,470,2,108,923,0,90.3867,23.7522,1000,6,1,1458934690,1746404721,0
GSM,470,2,108,897,0,90.3871,23.7522,1000,6,1,1458934690,1764945601,0
GSM,470,2,108,773,0,90.3906,23.75,1000,3,1,1452593566,1764210841,0
GSM,470,2,108,925,0,90.3876,23.7513,1000,13,1,1458934690,1764469754,0
GSM,470,2,108,886,0,90.3832,23.7531,1000,8,1,1458934690,1764469754,0
GSM,470,2,107,5015,0,90.3665,23.7611,1000,8,1,1458934689,1764925741,0
GSM,470,2,108,887,0,90.3839,23.7525,1000,16,1,1458934690,1764469754,0
GSM,470,2,1109,16183,0,91.8242,22.3592,1000,3,1,1459804338,1772455501,0
GSM,470,2,1109,17958,0,91.8237,22.3591,1000,10,1,1459825865,1772455681,0
GSM,470,2,108,924,0,90.386,23.7518,1000,12,1,1461005591,1764469754,0
GSM,470,2,46,1920,0,90.4116,23.8481,1029,19,1,1461327459,1743584763,0
GSM,470,2,46,1946,0,90.4103,23.8502,1000,13,1,1461327459,1743584763,0
GSM,470,2,1109,16212,0,91.822,22.3545,1000,9,1,1461704227,1772473622,0
GSM,470,2,1111,17634,0,91.8244,22.365,1000,5,1,1462233359,1772462641,0
GSM,470,2,1103,15071,0,91.7966,22.3198,1000,2,1,1463111448,1773247502,0
GSM,470,1,25008,26059,0,90.413,24.7526,1000,17,1,1464436150,1785342361,0
GSM,470,2,107,295,0,90.3615,23.7636,1000,6,1,1468126215,1764925741,0
GSM,470,2,46,2011,0,90.4116,23.8481,1000,18,1,1469931782,1743584763,0
GSM,470,2,46,1919,0,90.4115,23.8478,1000,19,1,1469931782,1743584763,0
GSM,470,2,1187,35080,0,91.1341,23.4766,1710,23,1,1471155794,1782708424,0
GSM,470,1,23026,50230,0,89.5503,22.8222,1000,3,1,1472131566,1776232501,0
UMTS,470,1,1022,922364,463,89.0218,25.1017,3599,14,1,1474456966,1774255022,0
UMTS,470,1,1022,959635,27,89.0248,25.1023,1000,9,1,1474544736,1774255021,0
GSM,470,1,23076,50970,0,88.9843,23.0431,2088,2,1,1476356223,1759876863,0
GSM,470,2,1187,35160,0,91.1272,23.4796,1221,11,1,1476524311,1782708424,0
GSM,470,1,21033,4204,0,90.3762,23.7547,1000,13,1,1477376955,1764469754,0
GSM,470,1,21031,920,0,90.411,23.7624,558,50,1,1478652681,1764210843,0
GSM,470,1,21033,4202,0,90.3757,23.7556,1000,5,1,1479640056,1764469754,0
GSM,470,2,46,3398,0,90.417,23.8488,1000,10,1,1481026448,1764000368,0
GSM,470,2,54,4008,0,90.4117,23.815,1534,14,1,1481548219,1743584822,0
GSM,470,3,886,1310,0,90.2395,24.0403,1133,10,1,1482080877,1768816144,0
GSM,470,1,21029,16844,0,90.3892,23.7688,1000,20,1,1483819692,1764732482,0
GSM,470,1,23041,8565,0,90.2548,23.4525,4486,11,1,1484877196,1759876990,0
GSM,470,3,889,6120,0,90.4067,23.9932,1000,4,1,1485450525,1763653150,0
GSM,470,1,21027,45849,0,90.3538,23.7736,1000,6,1,1488101818,1764640682,0
GSM,470,2,54,1874,0,90.4265,23.8153,1000,5,1,1488956656,1766868302,0
GSM,470,2,54,1873,0,90.4266,23.8147,1000,5,1,1489139610,1766868302,0
GSM,470,2,54,1875,0,90.4264,23.8143,1000,5,1,1489139610,1766868302,0
GSM,470,2,54,1861,0,90.4099,23.814,1686,13,1,1489139610,1743584822,0
GSM,470,2,54,4010,0,90.4103,23.8158,1000,5,1,1489555487,1743584822,0
GSM,470,2,54,4009,0,90.4067,23.8133,1000,22,1,1489555487,1743584822,0
GSM,470,1,25086,4749,0,89.9294,24.2436,1401,2,1,1490689052,1766336041,0
GSM,470,2,92,8,0,90.4189,23.7735,1000,5,1,1492044681,1764168962,0
GSM,470,2,107,291,0,90.3671,23.7633,1000,10,1,1492434288,1764945601,0
GSM,470,2,204,4520,-1,90.406,23.7558,1000,17,1,1494810719,1764469755,0
GSM,470,2,204,4510,-1,90.404,23.7553,1000,11,1,1494600579,1764469755,0
GSM,470,2,204,4635,-1,90.3937,23.7746,2345,3,1,1494040287,1743584823,0
GSM,470,2,108,42186,-1,90.3924,23.7506,1000,3,1,1506516676,1764168962,0
GSM,470,2,108,18693,-1,90.3928,23.7514,1000,3,1,1506516560,1764469754,0
LTE,470,1,60061,25721100,0,90.3993,23.8082,5875,17,1,1536042296,1757487902,0
LTE,470,1,60101,25817611,0,90.422,23.8248,1279,16,1,1536042513,1759877041,0
LTE,470,1,60721,25666828,0,90.4019,23.8584,3684,13,1,1536132010,1759877042,0
LTE,470,1,60721,25666827,0,90.4,23.8627,1000,10,1,1536132136,1759877042,0
LTE,470,1,60573,25898764,0,90.4028,23.8737,1000,6,1,1536132402,1757321161,0
LTE,470,1,60061,26041868,0,90.4057,23.8189,3101,8,1,1536675195,1757487902,0
LTE,470,1,60401,25798413,0,90.4065,23.8107,18713,8,1,1537246108,1759877045,0
LTE,470,1,60401,25798411,0,90.4156,23.7567,1175,5,1,1537246117,1759876997,0
GSM,470,2,46,1901,-1,90.4179,23.8361,1522,17,1,1539924824,1743584764,0
GSM,470,2,46,1900,-1,90.4199,23.8302,1000,8,1,1539924944,1743584764,0
LTE,470,1,60061,25624076,0,90.4072,23.816,1776,19,1,1600653341,1757487902,0
LTE,470,1,60101,25621004,0,90.4202,23.8273,1000,14,1,1600653461,1757487902,0
LTE,470,1,60101,25636107,0,90.4194,23.8317,1000,16,1,1600653758,1759877042,0
LTE,470,1,60581,26146573,0,90.2831,23.936,1794,7,1,1600657465,1749845102,0
LTE,470,1,60573,25609740,0,90.4006,23.8763,1000,8,1,1600690740,1759877043,0
LTE,470,1,60101,25636108,0,90.4195,23.8299,2179,28,1,1600691755,1759877042,0
LTE,470,1,60031,25605899,0,90.4192,23.8224,2931,28,1,1600691818,1759877041,0
LTE,470,1,60061,25625614,0,90.4122,23.8175,1112,22,1,1600691904,1757487902,0
LTE,470,1,60061,25624332,0,90.4044,23.8146,1000,19,1,1600692020,1757487901,0
LTE,470,1,60061,25624588,0,90.4037,23.8118,1000,17,1,1600692047,1757487901,0
LTE,470,1,60442,25740812,0,90.4287,23.7262,1000,4,1,1623266127,1759876996,0
GSM,470,1,25050,17594,-1,90.5194,23.8606,1282,2,1,1626756243,1761302526,0
GSM,470,1,21031,9744,-1,90.4222,23.7684,1000,6,1,1629607341,1764168962,0
LTE,470,1,60061,25619979,0,90.4,23.8066,1000,13,1,1629962319,1757487901,0
LTE,470,1,60061,25743117,0,90.399,23.8087,1000,14,1,1629962334,1757487902,0
LTE,470,1,60393,25834272,0,90.422,23.7659,1000,14,1,1630009129,1759876997,0
LTE,470,1,60393,25836064,0,90.4189,23.7604,1000,6,1,1630009164,1759876997,0
LTE,470,1,60401,25800973,0,90.4163,23.7538,1000,5,1,1630009240,1759876997,0
LTE,470,1,60462,25656608,0,90.3982,23.7791,1000,7,1,1630160789,1747546381,0
LTE,470,1,60321,25843469,0,90.4293,23.7119,1000,9,1,1630217285,1759876996,0
LTE,470,1,60321,25843467,0,90.4299,23.713,1000,6,1,1630217287,1759876996,0
LTE,470,1,60061,25619982,0,90.3991,23.8062,1000,10,1,1630223732,1757487902,0
LTE,470,1,60432,25842957,0,90.4292,23.7183,1000,7,1,1630765365,1759876996,0
LTE,470,1,60432,25770509,0,90.4288,23.7214,1000,3,1,1630765485,1759876996,0
LTE,470,1,60402,25698829,0,90.4261,23.7456,1000,2,1,1630817411,1759876996,0
LTE,470,1,60402,25766413,0,90.4252,23.7469,1000,2,1,1630817427,1759876996,0
LTE,470,1,60402,25764107,0,90.4244,23.7477,1000,5,1,1630817434,1759876996,0
LTE,470,1,60402,25762827,0,90.4215,23.7486,1000,7,1,1630817471,1759876997,0
LTE,470,1,60402,25798667,0,90.4163,23.7495,1000,6,1,1630817516,1759876997,0
LTE,470,1,60392,25695520,0,90.4258,23.7762,1000,5,1,1631783900,1759876997,0
LTE,470,1,60402,25763596,0,90.4188,23.749,1000,7,1,1632071537,1759876997,0
UMTS,470,4,7901,2098165,91,91.128,23.9013,2936,30,1,1635716803,1782533163,0
UMTS,470,4,7901,2099405,259,91.1347,23.8815,5500,14,1,1635717874,1782533163,0
LTE,470,4,58781,189450754,-1,91.1907,23.8443,5950,26,1,1635718395,1782533164,0
UMTS,470,4,7901,2098118,46,91.1395,23.8272,1149,23,1,1635719035,1782533165,0
UMTS,470,4,7901,2098115,46,91.1359,23.8281,1000,16,1,1635719435,1782533165,0
GSM,470,4,7302,2212,-1,91.1334,23.7953,5717,50,1,1635719785,1782533165,0
GSM,470,4,7302,1101,-1,91.1462,23.8117,6520,50,1,1635719855,1782533165,0
GSM,470,4,7302,2271,-1,91.1353,23.793,4273,50,1,1635719855,1782533165,0
UMTS,470,4,7901,2099423,366,91.1326,23.8304,1000,4,1,1635723086,1782533165,0
GSM,470,4,7302,2473,-1,91.1832,23.8327,5151,50,1,1635725787,1782533165,0
GSM,470,4,7302,1023,-1,91.1157,23.864,5174,50,1,1635725807,1782533163,0
GSM,470,4,7302,1022,-1,91.1676,23.8418,3780,50,1,1635726250,1782533165,0
UMTS,470,4,7901,2098116,30,91.1565,23.832,895,49,1,1635798599,1782533164,0
UMTS,470,4,7901,2098117,38,91.1918,23.8334,4303,48,1,1635974197,1782533164,0
GSM,470,1,21029,45070,-1,90.3683,23.7704,1000,10,1,1637109670,1764640682,0
GSM,470,1,21029,11515,-1,90.3697,23.7672,1000,2,1,1637109731,1764640682,0
GSM,470,1,21029,45071,-1,90.3693,23.7694,1000,9,1,1637109676,1764640682,0
LTE,470,1,60573,25609760,-1,90.4015,23.8754,1000,7,1,1640644058,1757321161,0
LTE,470,1,60573,25612556,-1,90.4011,23.8793,1000,6,1,1640644178,1759877043,0
LTE,470,1,60573,25612555,-1,90.4008,23.8818,1000,19,1,1640644198,1759877043,0
LTE,470,1,60573,25613325,-1,90.4005,23.8734,1000,7,1,1640681729,1759877042,0
LTE,470,1,60721,25612301,-1,90.4008,23.8707,1000,14,1,1640681789,1759877042,0
LTE,470,1,60721,26262539,-1,90.4005,23.8717,1000,4,1,1640681799,1759877042,0
LTE,470,1,60721,25666572,-1,90.4,23.8651,1000,8,1,1640681989,1759877042,0
LTE,470,1,60721,25870368,-1,90.4057,23.854,1000,10,1,1640682879,1757487903,0
GSM,470,1,25082,19826,-1,89.8834,23.8491,1000,14,1,1637199192,1768816155,0
GSM,470,1,25082,34495,-1,89.8089,23.7917,1000,5,1,1637616222,1759287911,0
LTE,470,4,58791,189455360,-1,91.1504,23.8099,2981,50,1,1651188933,1782533164,0
LTE,470,4,58791,189453314,-1,91.1536,23.822,2626,5,1,1651189083,1782533164,0
LTE,470,4,58791,190984193,-1,91.1395,23.8309,1810,11,1,1651191184,1782533165,0
UMTS,470,4,7901,2101854,131,91.1375,23.8275,1000,8,1,1651195329,1782533165,0
UMTS,470,4,7901,2102143,145,91.1123,23.84,2374,13,1,1651545607,1782533165,0
LTE,470,4,58791,189445377,-1,91.1577,23.8468,1541,50,1,1651546520,1782533164,0
LTE,470,4,58791,189445378,-1,91.1316,23.8714,5757,50,1,1651547383,1782533163,0
LTE,470,4,58791,189454338,-1,91.1325,23.89,1518,50,1,1651547563,1782533163,0
UMTS,470,4,7901,2102154,176,91.1316,23.8924,1343,5,1,1651547839,1782533163,0
UMTS,470,4,7901,2102157,176,91.1288,23.8985,1798,23,1,1651547935,1782533163,0
LTE,470,4,58791,190987009,-1,91.1222,23.9061,6906,35,1,1651548065,1782533162,0
LTE,470,4,58791,189447681,-1,91.118,23.9318,1608,27,1,1651548165,1782533162,0
GSM,470,4,7302,1072,-1,91.1272,23.9025,1930,50,1,1651790659,1782533162,0
GSM,470,4,7302,5002,-1,91.132,23.8855,5865,50,1,1651790867,1782533163,0
GSM,470,4,7302,1013,-1,91.1294,23.8893,7988,41,1,1651790888,1782533162,0
GSM,470,4,7302,1016,-1,91.1261,23.9061,2457,10,1,1651791194,1782533162,0
GSM,470,4,7302,1021,-1,91.152,23.8605,3037,50,1,1651791524,1782533163,0
GSM,470,4,7302,4702,-1,91.1585,23.8147,5415,22,1,1651791795,1782533165,0
GSM,470,4,7302,4991,-1,91.0981,23.8378,3648,21,1,1651791868,1782533165,0
GSM,470,4,7302,4992,-1,91.1337,23.7926,4388,23,1,1651792479,1782533165,0
GSM,470,2,1187,6480,-1,91.1388,23.4696,1000,18,1,1651803493,1782708424,0
GSM,470,2,1187,7624,-1,91.1391,23.4698,1000,6,1,1651803493,1782708424,0
GSM,470,2,1187,35079,-1,91.1382,23.4722,1083,24,1,1651803493,1782708424,0
GSM,470,2,1187,452,-1,91.1379,23.474,1293,24,1,1651803493,1782708424,0
GSM,470,2,1187,35165,-1,91.142,23.4601,707,25,1,1651803501,1782708423,0
GSM,470,2,1187,6479,-1,91.1397,23.4668,1000,11,1,1651803501,1782708423,0
LTE,470,2,12021,34121752,-1,90.4081,23.8513,1000,5,1,1659423447,1743584763,0
LTE,470,4,58791,190986752,-1,91.1149,23.8406,2075,11,1,1660522545,1782533165,0
UMTS,470,4,1908,2304051,49,90.2687,23.797,3097,5,1,1676698244,1757014745,0
LTE,470,1,60721,25666877,-1,90.3999,23.8642,1000,5,1,1684632766,1763653147,0
LTE,470,2,8417,38401297,-1,90.6406,23.531,1000,4,1,1727287077,1744466521,0
LTE,470,2,8417,38401291,-1,90.6411,23.5327,1000,14,1,1727293225,1744466521,0
LTE,470,2,8105,34416915,-1,90.4324,23.764,1000,18,1,1729127165,1766868303,0
LTE,470,2,8108,34396171,-1,90.3595,23.7605,1000,9,1,1729277381,1750001522,0
LTE,470,2,8108,33511181,-1,90.3595,23.7576,1000,22,1,1729277441,1759752361,0
LTE,470,2,8108,33932056,-1,90.3608,23.7572,1000,5,1,1729277481,1759752361,0
LTE,470,2,8108,33511179,-1,90.3619,23.7573,1000,6,1,1729277511,1759752361,0
LTE,470,2,8108,258587432,-1,90.3626,23.7559,1000,14,1,1729277678,1759752361,0
LTE,470,2,8108,34043665,-1,90.3658,23.7536,1000,16,1,1729277752,1746986582,0
LTE,470,2,8108,33515788,-1,90.3666,23.7529,1000,6,1,1729277776,1746986582,0
LTE,470,2,8425,33975059,-1,90.3677,23.7523,1000,7,1,1729277795,1746634082,0
LTE,470,2,8108,34433554,-1,90.3706,23.754,1000,8,1,1729277816,1747832281,0
LTE,470,2,8425,33972243,-1,90.3717,23.7542,1000,3,1,1729277825,1747832281,0
LTE,470,2,8431,33980946,-1,90.3733,23.7553,1000,11,1,1729277836,1747832281,0
LTE,470,2,8431,33980945,-1,90.3745,23.7554,1000,6,1,1729277865,1747832281,0
LTE,470,2,8425,33352205,-1,90.3839,23.7525,1000,9,1,1729277978,1764642902,0
GSM,470,1,23041,40796,-1,90.2646,23.4698,1991,40,1,1732501031,1759876990,0
LTE,470,2,50029,199684940,-1,89.9996,23.3778,1000,19,1,1732499236,1743584839,0
LTE,470,1,48271,28787528,-1,89.9964,23.3845,1000,5,1,1732499374,1759876983,0
LTE,470,2,50028,199685196,-1,90.0159,23.3765,1506,16,1,1732499524,1743584839,0
LTE,470,2,50028,199685195,-1,90.0434,23.3722,3987,27,1,1732499554,1743584838,0
LTE,470,2,50041,202252364,-1,90.0891,23.3705,1000,24,1,1732499804,1743584837,0
LTE,470,2,50041,202252362,-1,90.1038,23.3748,2645,50,1,1732499844,1743584837,0
LTE,470,1,46271,28699474,-1,90.1041,23.3759,1221,50,1,1732499854,1759876986,0
LTE,470,2,50040,202251340,-1,90.1295,23.3876,2892,39,1,1732499904,1743584836,0
LTE,470,2,50041,202253644,-1,90.1205,23.3811,1319,25,1,1732499984,1743584836,0
LTE,470,1,46231,29104397,-1,90.1341,23.401,1000,24,1,1732500044,1759876986,0
LTE,470,1,46231,29104396,-1,90.1443,23.4029,648,30,1,1732500084,1759876987,0
LTE,470,2,50040,202252815,-1,90.2113,23.3992,1042,28,1,1732500344,1743584834,0
LTE,470,2,50040,202251792,-1,90.2223,23.3979,1014,42,1,1732500374,1743584834,0
LTE,470,2,50040,202258191,-1,90.2332,23.3973,1000,19,1,1732500414,1743584834,0
LTE,470,2,50040,204815376,-1,90.2417,23.3991,940,46,1,1732500444,1743584833,0
LTE,470,2,50040,204815375,-1,90.2486,23.402,1000,19,1,1732500484,1743584833,0
LTE,470,2,50040,189479695,-1,90.2534,23.4067,1000,20,1,1732500504,1743584833,0
LTE,470,1,46231,28505416,-1,90.2577,23.4137,1034,23,1,1732500524,1759876989,0
LTE,470,2,50040,189479694,-1,90.2568,23.4112,1000,21,1,1732500774,1743584833,0
LTE,470,2,50040,202258190,-1,90.2599,23.4232,1964,50,1,1732500834,1743584833,0
LTE,470,1,46231,29556039,-1,90.2596,23.4252,1885,13,1,1732500865,1759876988,0
LTE,470,2,8401,38407188,-1,90.2687,23.4819,1000,21,1,1732501154,1743584831,0
LTE,470,2,8401,38420243,-1,90.2816,23.5216,1000,11,1,1732501795,1743584830,0
LTE,470,2,8401,38419723,-1,90.2986,23.5507,1000,20,1,1732501975,1743584830,0
LTE,470,2,8401,38473740,-1,90.2989,23.5568,1000,10,1,1732501995,1743584830,0
LTE,470,1,58331,26212385,-1,90.2992,23.565,583,25,1,1732502005,1759876992,0
LTE,470,1,56551,26168332,-1,90.3107,23.5894,1000,9,1,1732502155,1759876992,0
LTE,470,1,56551,26168331,-1,90.3143,23.5952,642,28,1,1732502165,1759876992,0
LTE,470,2,8401,38436107,-1,90.3155,23.5965,1855,26,1,1732502175,1743584829,0
LTE,470,2,8301,38460428,-1,90.3188,23.6008,1263,22,1,1732502215,1743584829,0
LTE,470,2,8301,38430227,-1,90.3309,23.6141,1000,6,1,1732502275,1767524221,0
LTE,470,2,8301,261898293,-1,90.3332,23.6172,1000,21,1,1732502285,1767524221,0
LTE,470,2,8301,38430219,-1,90.3367,23.6214,1125,27,1,1732502345,1743584828,0
GSM,470,4,1402,22,-1,90.4216,23.8524,1000,22,1,1734177178,1764000425,0
GSM,470,4,1402,83,-1,90.422,23.8528,688,34,1,1734177178,1764000368,0
GSM,470,4,1402,21,-1,90.4212,23.8525,513,34,1,1734177178,1757014760,0
GSM,470,4,1402,82,-1,90.4223,23.8528,500,25,1,1734177178,1764000368,0
LTE,470,2,8202,33290509,-1,90.4052,23.8585,3891,27,1,1734177178,1774971544,0
GSM,470,4,1402,23,-1,90.4205,23.852,613,36,1,1734177363,1757014760,0
LTE,470,2,8202,33787696,-1,90.4162,23.851,1190,49,1,1734177385,1743584762,0
LTE,470,2,8202,33290515,-1,90.4206,23.8526,1102,26,1,1734190153,1774971544,0
LTE,470,2,8202,33287179,-1,90.4199,23.852,1000,17,1,1734190449,1757014760,0
LTE,470,2,8202,33944593,-1,90.4218,23.8525,1000,22,1,1734190459,1764000425,0
LTE,470,2,8202,33290507,-1,90.4228,23.8532,663,28,1,1734190509,1774971543,0
GSM,470,4,1402,81,-1,90.4229,23.8531,1000,21,1,1734197975,1759766402,0
LTE,470,2,8202,33290510,-1,90.4224,23.8529,1000,14,1,1734199084,1764000363,0
LTE,470,2,8202,33787665,-1,90.4196,23.8524,1000,9,1,1734200715,1760364797,0
LTE,470,2,8202,33290512,-1,90.421,23.8534,1000,20,1,1734201315,1764000425,0
GSM,470,4,1215,32611,-1,90.4208,23.8511,1000,20,1,1734222104,1766215149,0
LTE,470,2,8202,33362445,-1,90.4232,23.8522,1000,19,1,1734222120,1774971543,0
GSM,470,4,1215,32301,-1,90.418,23.8511,1000,13,1,1734222240,1764000362,0
LTE,470,2,8202,34402061,-1,90.423,23.8507,1000,19,1,1734222240,1774971543,0
GSM,470,4,1402,273,-1,90.4231,23.8513,1000,8,1,1734222300,1764000361,0
LTE,470,2,8202,33290508,-1,90.4211,23.8503,1000,16,1,1734222320,1766215149,0
LTE,470,2,8202,33287181,-1,90.4177,23.8517,504,25,1,1734222460,1757014760,0
LTE,470,2,8202,33944595,-1,90.4175,23.8515,1000,10,1,1734222470,1764000368,0
LTE,470,2,8202,33787660,-1,90.4144,23.8499,1000,13,1,1734222630,1757014759,0
LTE,470,2,8202,33286674,-1,90.4117,23.8513,1000,9,1,1734222790,1766215148,0
LTE,470,2,8202,33288721,-1,90.41,23.8513,1000,13,1,1734222870,1764000369,0
LTE,470,2,8202,33286668,-1,90.4118,23.8514,1000,8,1,1734222890,1757014760,0
LTE,470,2,8202,33288715,-1,90.4112,23.8508,1000,14,1,1734222900,1757014760,0
LTE,470,2,8202,33288717,-1,90.407,23.8524,1000,12,1,1734223070,1764000423,0
LTE,470,2,8202,33288746,-1,90.4086,23.8505,1000,7,1,1734223110,1757014759,0
LTE,470,2,8202,33286675,-1,90.4073,23.8534,1000,14,1,1734223240,1764000368,0
LTE,470,2,8206,34362166,-1,90.3678,23.8671,936,27,1,1734225090,1766215146,0
LTE,470,2,8216,34361613,-1,90.3672,23.8675,1000,13,1,1734225160,1764000366,0
LTE,470,2,8428,34410038,-1,90.3517,23.8578,1290,23,1,1734225270,1774971543,0
LTE,470,2,8428,34409997,-1,90.3589,23.8597,1871,23,1,1734225300,1766215146,0
LTE,470,2,8429,34406155,-1,90.3579,23.8594,675,30,1,1734225320,1774971543,0
GSM,470,4,1401,1162,-1,90.3414,23.8554,8275,24,1,1734225330,1774971542,0
LTE,470,2,8428,34410037,-1,90.3565,23.8579,1757,14,1,1734225370,1774971543,0
LTE,470,2,8429,34320395,-1,90.3513,23.8596,1473,40,1,1734225440,1760364794,0
LTE,470,2,8429,34406157,-1,90.3541,23.8589,1000,19,1,1734225461,1764000366,0
LTE,470,2,8429,34320401,-1,90.353,23.8609,1541,24,1,1734225490,1774971543,0
LTE,470,2,8429,34320402,-1,90.346,23.857,1000,21,1,1734225581,1764000366,0
LTE,470,2,8429,34320396,-1,90.3448,23.8557,1000,20,1,1734225590,1766215145,0
LTE,470,2,8429,34320397,-1,90.3398,23.8539,1329,28,1,1734225631,1766215145,0
GSM,470,4,1402,1393,-1,90.3379,23.8575,2687,26,1,1734225641,1774971542,0
LTE,470,2,8429,33684270,-1,90.3328,23.8568,3380,21,1,1734225671,1764000365,0
LTE,470,2,8429,33817646,-1,90.3404,23.8514,1000,12,1,1734225681,1766215145,0
GSM,470,4,1401,1163,-1,90.3214,23.8459,6338,14,1,1734225791,1760364786,0
LTE,470,2,8429,33684271,-1,90.3303,23.858,3658,24,1,1734225791,1759766404,0
LTE,470,2,8429,33671179,-1,90.3294,23.8551,1282,18,1,1734225831,1760148482,0
LTE,470,2,8429,33684236,-1,90.3273,23.8566,636,30,1,1734225841,1774971542,0
LTE,470,2,8429,33684235,-1,90.3229,23.8602,986,26,1,1734226001,1766215145,0
LTE,470,2,8429,33684237,-1,90.3175,23.8579,1000,16,1,1734226011,1774971542,0
LTE,470,2,8429,34513419,-1,90.3135,23.8595,1632,36,1,1734226041,1774971542,0
LTE,470,2,8429,33796363,-1,90.311,23.8596,1000,21,1,1734226201,1760364790,0
LTE,470,2,8429,33655565,-1,90.3135,23.8616,1523,12,1,1734226211,1774971542,0
LTE,470,2,8429,33655563,-1,90.312,23.8683,788,34,1,1734226241,1764000364,0
LTE,470,2,8429,33800715,-1,90.3133,23.8755,1000,16,1,1734226381,1760364789,0
LTE,470,2,8429,33833231,-1,90.3181,23.876,1000,6,1,1734226571,1760148483,0
LTE,470,2,8429,33782541,-1,90.3216,23.8758,1000,22,1,1734226621,1774971541,0
LTE,470,2,8429,33833227,-1,90.3284,23.8773,1108,9,1,1734226681,1760364787,0
LTE,470,2,8429,34356238,-1,90.3206,23.8769,1000,11,1,1734226731,1764000364,0
LTE,470,2,8429,34356236,-1,90.3267,23.874,3747,25,1,1734227621,1774971541,0
LTE,470,2,8429,33926192,-1,90.3261,23.877,1185,15,1,1734228422,1760364787,0
LTE,470,2,8429,258617648,-1,90.318,23.8761,630,34,1,1734228462,1760148483,0
LTE,470,2,8429,34356242,-1,90.3244,23.8721,2436,17,1,1734228572,1774971542,0
LTE,470,2,8429,33782547,-1,90.3152,23.8756,1000,21,1,1734229192,1774971542,0
LTE,470,2,8429,33833234,-1,90.3178,23.8762,1053,10,1,1734229202,1760364784,0
LTE,470,2,8429,33800721,-1,90.3121,23.8748,1816,32,1,1734229222,1760364789,0
LTE,470,2,8429,34088977,-1,90.3111,23.8665,1000,23,1,1734229372,1764000364,0
LTE,470,2,8429,34088979,-1,90.3111,23.8609,531,26,1,1734229512,1760364790,0
LTE,470,2,8429,33796369,-1,90.311,23.8589,1000,12,1,1734229552,1766215144,0
LTE,470,2,8429,33655564,-1,90.3231,23.8654,1293,13,1,1734229642,1759766404,0
LTE,470,2,8429,33684243,-1,90.3184,23.8579,1000,10,1,1734229672,1766215145,0
LTE,470,2,8429,33671185,-1,90.3302,23.8584,2018,23,1,1734229942,1760364787,0
LTE,470,2,8429,33817617,-1,90.3413,23.8594,987,25,1,1734229952,1774971543,0
LTE,470,2,8429,33817648,-1,90.34,23.8521,598,27,1,1734230022,1774971543,0
LTE,470,2,8428,34410036,-1,90.3528,23.8572,1441,26,1,1734230072,1764000366,0
LTE,470,2,8429,34465547,-1,90.3631,23.8613,1000,12,1,1734230282,1760364794,0
GSM,470,2,1392,13309,-1,90.3651,23.864,1000,22,1,1734230372,1760364794,0
LTE,470,2,8428,34410003,-1,90.3606,23.8597,1000,24,1,1734230422,1766215146,0
GSM,470,4,1402,1343,-1,90.3744,23.8747,1000,22,1,1734230861,1760364794,0
LTE,470,2,8202,33945136,-1,90.4088,23.8531,1000,7,1,1734232792,1743584763,0
LTE,470,2,8202,33288723,-1,90.4073,23.8524,1000,7,1,1734233052,1766215148,0
GSM,470,4,1215,32492,-1,90.4145,23.8509,1000,22,1,1734233062,1757014760,0
LTE,470,2,8202,33288722,-1,90.4086,23.8509,1000,2,1,1734233062,1760364796,0
LTE,470,2,8202,33288751,-1,90.4102,23.8502,1000,16,1,1734233333,1757014760,0
LTE,470,2,8202,33286667,-1,90.4124,23.8514,1000,2,1,1734233612,1757014760,0
LTE,470,2,8202,34239499,-1,90.4157,23.8504,1000,14,1,1734233673,1766215149,0
GSM,470,4,1215,32612,-1,90.4166,23.8501,1000,6,1,1734233813,1766215149,0
LTE,470,2,8202,33787694,-1,90.4154,23.8509,1000,6,1,1734233853,1757014760,0
LTE,470,2,8202,33899277,-1,90.4232,23.8531,1000,11,1,1734234453,1766215149,0
LTE,470,1,48091,29060107,-1,89.2288,23.1604,1000,8,1,1734248926,1759876923,0
LTE,470,1,48091,29060127,-1,89.2295,23.1602,1000,5,1,1734249028,1769209387,0
LTE,470,2,8202,33365260,-1,90.4238,23.8533,1000,5,1,1734287113,1766215148,0
GSM,470,4,1402,231,-1,90.4236,23.8533,1000,9,1,1734335781,1759766402,0
LTE,470,2,8202,33983763,-1,90.4229,23.8519,1000,7,1,1734335911,1760364797,0
LTE,470,2,8202,33985298,-1,90.4229,23.8533,1000,5,1,1734337332,1774971543,0
LTE,470,2,8202,33899282,-1,90.4235,23.8515,1000,21,1,1734337362,1774971543,0
LTE,470,2,8202,33287182,-1,90.4198,23.8519,1000,10,1,1734369909,1764000423,0
LTE,470,2,8202,33899318,-1,90.4235,23.8526,1000,23,1,1734415029,1774971543,0
LTE,470,2,8202,33899317,-1,90.4239,23.8515,1000,12,1,1734415099,1764000362,0
LTE,470,4,17022,25893142,-1,90.4111,23.8514,1000,6,1,1735175947,1766215148,0
LTE,470,4,17023,25645335,-1,90.4087,23.8517,1000,23,1,1735175937,1766215148,0
LTE,470,4,17151,25620996,-1,90.4136,23.851,1000,10,1,1735175987,1766215149,0
LTE,470,4,17023,25768471,-1,90.4151,23.8511,1000,14,1,1735176167,1764000423,0
LTE,470,4,17151,25772802,-1,90.4138,23.8481,1000,24,1,1735176197,1766215148,0
LTE,470,4,17023,25768461,-1,90.416,23.8509,1000,11,1,1735176317,1766215148,0
GSM,470,2,46,9173,-1,90.4178,23.849,868,28,1,1735176297,1764000362,0
GSM,470,2,46,64786,-1,90.4212,23.8526,1000,15,1,1735176317,1766215150,0
GSM,470,2,46,1925,-1,90.4174,23.8463,1000,9,1,1735176317,1764000362,0
GSM,470,2,46,1924,-1,90.4219,23.853,1000,19,1,1735176317,1766215150,0
GSM,470,2,46,1926,-1,90.4141,23.8512,1000,15,1,1735176317,1760364797,0
LTE,470,2,8202,33287180,-1,90.4166,23.8508,1000,13,1,1735176337,1757014760,0
LTE,470,4,17023,25768460,-1,90.4213,23.8527,544,27,1,1735176377,1774971544,0
LTE,470,4,17023,25601549,-1,90.4221,23.853,1000,13,1,1735176547,1766215150,0
LTE,470,4,17023,25870605,-1,90.4232,23.8509,500,25,1,1735176607,1774971543,0
LTE,470,2,8202,34402067,-1,90.4232,23.8506,1000,8,1,1735176607,1774971543,0
LTE,470,4,17023,25601548,-1,90.4218,23.853,1000,21,1,1735176647,1774971544,0
LTE,470,4,17023,25768470,-1,90.4157,23.8543,4143,30,1,1735183537,1766215148,0
LTE,470,4,17023,25601558,-1,90.4237,23.8527,500,31,1,1735204251,1766215148,0
LTE,470,4,17023,25601559,-1,90.423,23.8529,1000,22,1,1735204271,1766215148,0
GSM,470,2,46,19123,-1,90.4225,23.853,1000,24,1,1735211361,1766215150,0
GSM,470,2,46,19121,-1,90.4226,23.8529,1000,12,1,1735412119,1764000368,0
GSM,470,2,46,1904,-1,90.4223,23.853,1000,8,1,1735412119,1764000368,0
GSM,470,2,46,13254,-1,90.4221,23.8512,1000,18,1,1735412119,1766215150,0
LTE,470,4,17023,25799189,-1,90.4251,23.8528,1000,6,1,1735412629,1766215148,0
LTE,470,4,17151,27241729,-1,90.4216,23.8488,500,44,1,1735412649,1774971543,0
LTE,470,2,8202,33362446,-1,90.4234,23.8527,1000,2,1,1735412779,1764000361,0
LTE,470,4,17151,27241732,-1,90.4213,23.8493,500,30,1,1735412799,1766215149,0
LTE,470,2,8202,33787666,-1,90.416,23.8504,1000,16,1,1735413129,1766215149,0
LTE,470,4,17022,25893143,-1,90.4079,23.8528,1000,15,1,1735413229,1766215148,0
LTE,470,4,17022,25648918,-1,90.4062,23.853,1000,12,1,1735413499,1766215148,0
LTE,470,4,17022,27164437,-1,90.4052,23.8548,1000,8,1,1735413609,1766215148,0
LTE,470,4,17022,25648917,-1,90.4037,23.8565,1000,17,1,1735413629,1766215148,0
LTE,470,4,17022,25772566,-1,90.401,23.8605,500,25,1,1735413649,1766215147,0
LTE,470,4,17022,25772565,-1,90.4004,23.8611,1000,11,1,1735413689,1766215147,0
LTE,470,4,17022,25681943,-1,90.3999,23.8644,1000,17,1,1735413959,1766215147,0
LTE,470,4,17022,25648663,-1,90.4002,23.8669,1000,22,1,1735413979,1766215147,0
LTE,470,4,17022,25648661,-1,90.4005,23.8709,500,26,1,1735414029,1766215147,0
LTE,470,4,17022,25682454,-1,90.3993,23.8743,1000,24,1,1735414069,1766215147,0
LTE,470,4,17021,25649686,-1,90.3946,23.8744,1000,12,1,1735414159,1766215147,0
LTE,470,4,17021,26627094,-1,90.3907,23.8744,1000,11,1,1735414199,1766215147,0
LTE,470,4,17021,25770519,-1,90.3866,23.8743,1000,17,1,1735414229,1766215147,0
LTE,470,4,17021,25689878,-1,90.3834,23.8743,1000,14,1,1735414279,1766215147,0
LTE,470,2,8206,34116883,-1,90.3832,23.8742,1000,11,1,1735414299,1764000367,0
LTE,470,4,17021,25689879,-1,90.3809,23.8742,1000,6,1,1735414319,1760364795,0
LTE,470,4,17021,27137558,-1,90.3772,23.8731,1000,22,1,1735414329,1766215147,0
LTE,470,4,17161,26902788,-1,90.3686,23.8666,758,26,1,1735414439,1766215146,0
LTE,470,4,17021,26900503,-1,90.3674,23.8683,1005,10,1,1735414469,1764000366,0
LTE,470,4,17021,25771543,-1,90.3643,23.8632,1000,22,1,1735414549,1766215146,0
LTE,470,4,17021,26626071,-1,90.3656,23.8641,1000,10,1,1735414559,1764000366,0
GSM,470,2,1313,11243,-1,90.3671,23.8683,1000,11,1,1735414559,1760364794,0
GSM,470,2,111,11233,-1,90.3673,23.8695,1000,12,1,1735414569,1760364794,0
LTE,470,4,17101,26714628,-1,90.3618,23.8572,1748,24,1,1735414679,1774971543,0
LTE,470,4,17021,27160341,-1,90.351,23.8596,1000,14,1,1735414760,1774971543,0
LTE,470,2,8429,34406163,-1,90.3539,23.8589,1000,14,1,1735414760,1764000366,0
LTE,470,4,17021,27160343,-1,90.3482,23.8593,1000,7,1,1735414820,1774971543,0
LTE,470,4,17021,26901015,-1,90.3448,23.8565,1031,25,1,1735414830,1774971543,0
LTE,470,2,8429,34320399,-1,90.344,23.8548,1000,5,1,1735414900,1760364792,0
LTE,470,2,8429,33817611,-1,90.3405,23.8552,1296,19,1,1735414920,1766215145,0
LTE,470,2,8429,34450444,-1,90.3184,23.8672,4831,24,1,1735415350,1774971542,0
LTE,470,2,8429,34450443,-1,90.3103,23.8711,1000,12,1,1735415410,1774971542,0
LTE,470,2,8429,33782539,-1,90.3163,23.8753,1000,11,1,1735415530,1774971542,0
LTE,470,2,8429,33782545,-1,90.3218,23.876,1459,34,1,1735429798,1774971542,0
GSM,470,2,1392,4922,-1,90.3236,23.8779,1278,6,1,1735430208,1760364786,0
GSM,470,2,1392,45414,-1,90.3206,23.8758,1542,17,1,1735430268,1760364789,0
GSM,470,2,1392,18421,-1,90.3248,23.8746,1503,30,1,1735430288,1760364789,0
LTE,470,4,17021,27160331,-1,90.3528,23.8592,1000,14,1,1735431399,1766215146,0
LTE,470,4,17101,26714625,-1,90.3614,23.8609,1000,20,1,1735431439,1766215146,0
LTE,470,4,17011,26903318,-1,90.3399,23.855,1236,21,1,1735431499,1774971542,0
LTE,470,2,8206,33853709,-1,90.3676,23.8664,1000,22,1,1735431539,1764000366,0
LTE,470,4,17021,25691405,-1,90.375,23.8681,1341,22,1,1735431549,1760148481,0
LTE,470,4,17021,25694221,-1,90.3668,23.8674,1000,9,1,1735431629,1766215146,0
LTE,470,4,17021,27137549,-1,90.3652,23.8669,1311,25,1,1735431659,1766215146,0
LTE,470,4,17021,25771533,-1,90.3664,23.8648,1077,23,1,1735431679,1766215146,0
LTE,470,4,17021,27137548,-1,90.3769,23.873,715,34,1,1735431879,1764000367,0
LTE,470,4,17021,25689868,-1,90.3838,23.8742,1000,22,1,1735432119,1764000367,0
LTE,470,2,8206,33731597,-1,90.3838,23.8743,1000,16,1,1735432139,1766215147,0
LTE,470,2,8206,34116881,-1,90.3863,23.8743,1000,9,1,1735432169,1766215147,0
LTE,470,4,17021,25770509,-1,90.3885,23.8741,1354,25,1,1735432189,1764000367,0
LTE,470,2,8206,33731595,-1,90.3871,23.8743,1000,17,1,1735432189,1766215147,0
LTE,470,4,17021,26627084,-1,90.3914,23.8744,1000,22,1,1735432259,1764000367,0
LTE,470,4,17021,25649676,-1,90.3949,23.8743,500,31,1,1735432359,1764000367,0
LTE,470,4,17022,25682445,-1,90.3964,23.8744,1000,14,1,1735432439,1764000367,0
LTE,470,4,17022,25682444,-1,90.3998,23.8742,500,38,1,1735432489,1760364796,0
LTE,470,4,17022,25648651,-1,90.4006,23.8709,500,35,1,1735432599,1764000367,0
LTE,470,4,17022,25648653,-1,90.4005,23.8671,500,28,1,1735432679,1764000369,0
LTE,470,4,17022,25681933,-1,90.4,23.8643,1000,17,1,1735432719,1764000369,0
LTE,470,4,17022,25772555,-1,90.4003,23.861,1000,18,1,1735432749,1764000369,0
LTE,470,4,17022,25772556,-1,90.401,23.8603,1000,16,1,1735433039,1764000369,0
LTE,470,4,17022,25648907,-1,90.4027,23.8575,1000,16,1,1735433139,1764000369,0
LTE,470,2,8202,33286923,-1,90.4049,23.855,1000,22,1,1735433169,1760364796,0
LTE,470,4,17022,25893133,-1,90.4057,23.8537,1000,13,1,1735433249,1764000369,0
LTE,470,4,17151,25772801,-1,90.4075,23.8528,809,29,1,1735433339,1764000369,0
LTE,470,2,8216,34361618,-1,90.3773,23.8691,1000,12,1,1734464417,1760148481,0
LTE,470,2,8206,33853715,-1,90.3676,23.8666,930,28,1,1734464637,1760148481,0
GSM,470,4,1402,1433,-1,90.3709,23.8726,1813,31,1,1734464670,1760364794,0
LTE,470,2,8429,34463759,-1,90.3277,23.8781,1027,6,1,1734479012,1760364787,0
LTE,470,2,8428,33899795,-1,90.3654,23.8615,1000,14,1,1734481304,1760364794,0
GSM,470,4,1401,791,-1,90.3692,23.8712,1000,17,1,1734481334,1760364794,0
GSM,470,4,1402,1431,-1,90.3733,23.8743,1000,24,1,1734481464,1760364794,0
LTE,470,2,8216,33781260,-1,90.3686,23.8743,1000,15,1,1734481464,1764000366,0
LTE,470,2,8202,33944849,-1,90.4032,23.8571,1000,5,1,1734483495,1766215147,0
LTE,470,2,8426,33717010,-1,90.4025,23.8579,500,50,1,1734483525,1766215148,0
LTE,470,2,8202,33286929,-1,90.405,23.855,500,27,1,1734483535,1766215148,0
LTE,470,2,8202,33288729,-1,90.4088,23.8509,1000,3,1,1734484115,1760364796,0
LTE,470,2,8202,33288745,-1,90.4097,23.8511,1000,10,1,1734484215,1757014760,0
LTE,470,2,8202,33362444,-1,90.4233,23.8515,1000,3,1,1734484965,1774971543,0
LTE,470,4,17022,27164439,-1,90.4052,23.8548,1000,4,1,1734722399,1766215148,0
LTE,470,4,17022,25681941,-1,90.4002,23.8649,1000,3,1,1734722619,1766215147,0
LTE,470,4,17022,25682455,-1,90.3962,23.8744,1000,11,1,1734722919,1766215147,0
LTE,470,2,8206,34116113,-1,90.3924,23.8744,1000,8,1,1734722949,1764000367,0
LTE,470,2,8206,34116114,-1,90.3906,23.8743,1000,10,1,1734722979,1766215147,0
LTE,470,4,17021,25770518,-1,90.3885,23.8743,1000,6,1,1734723009,1766215147,0
LTE,470,2,8216,33706770,-1,90.379,23.8733,1000,9,1,1734723079,1760364795,0
LTE,470,4,17161,26902785,-1,90.3699,23.8661,944,28,1,1734723269,1766215146,0
LTE,470,4,17101,26631940,-1,90.3365,23.8586,2218,13,1,1734723690,1760148484,0
LTE,470,4,17171,25775876,-1,90.3317,23.8545,1000,13,1,1734723800,1774971542,0
LTE,470,2,8429,33684242,-1,90.3301,23.8582,3625,31,1,1734723880,1764000365,0
LTE,470,4,17022,25648908,-1,90.4046,23.8551,1000,14,1,1734899336,1764000369,0
LTE,470,4,18072,25894400,-1,90.4016,23.8588,1000,24,1,1734899416,1764000369,0
LTE,470,4,17022,25683723,-1,90.3931,23.8744,1000,9,1,1734899896,1764000367,0
LTE,470,4,17021,26900493,-1,90.3729,23.8674,1000,13,1,1734900807,1760148481,0
LTE,470,4,17011,26903308,-1,90.3408,23.8598,988,27,1,1734901657,1766215145,0
LTE,470,4,17011,26903319,-1,90.3261,23.8746,1632,20,1,1734901908,1774971541,0
LTE,470,2,8429,34450449,-1,90.31,23.8704,1000,9,1,1734912753,1764000364,0
LTE,470,2,8429,34513425,-1,90.3124,23.8594,624,25,1,1734912954,1774971542,0
LTE,470,2,8429,33684241,-1,90.3246,23.8604,1045,11,1,1734913124,1764000365,0
LTE,470,2,8440,33658934,-1,90.3268,23.8088,5109,17,1,1734913344,1757014749,0
LTE,470,4,17021,25689869,-1,90.3799,23.8734,1000,16,1,1734914084,1764000367,0
LTE,470,2,8216,33706769,-1,90.3793,23.8736,1000,22,1,1734914214,1766215147,0
LTE,470,2,8426,34340113,-1,90.4006,23.8687,500,30,1,1734914994,1766215147,0
LTE,470,2,8426,33717009,-1,90.4001,23.862,500,29,1,1734915544,1766215148,0
LTE,470,2,8426,34114066,-1,90.4,23.8627,1000,4,1,1734917044,1760364796,0
LTE,470,2,8206,34116115,-1,90.3931,23.8744,735,26,1,1735154629,1766215147,0
LTE,470,2,8206,33853713,-1,90.3789,23.8705,1000,17,1,1735154979,1760148481,0
LTE,470,4,17021,26901517,-1,90.3553,23.8587,1000,6,1,1735155410,1764000366,0
LTE,470,4,17101,25904641,-1,90.3473,23.8585,1000,7,1,1735155500,1760148482,0
LTE,470,4,17021,26901005,-1,90.3445,23.8568,1077,32,1,1735172025,1766215146,0
LTE,470,2,8216,34144780,-1,90.3679,23.8721,1000,5,1,1735172455,1764000366,0
LTE,470,4,17021,27137557,-1,90.3697,23.8743,1000,12,1,1735172576,1766215146,0
LTE,470,2,8426,34340114,-1,90.4002,23.8654,1000,9,1,1735173906,1766215147,0
LTE,470,2,8426,34117137,-1,90.4001,23.8645,1000,8,1,1735174136,1766215147,0
LTE,470,4,17023,25870615,-1,90.4241,23.8507,1000,23,1,1735525338,1766215149,0
LTE,470,4,17151,25620993,-1,90.4194,23.8485,1000,12,1,1735527078,1766215149,0
GSM,470,2,46,11420,-1,90.4181,23.838,1303,8,1,1735586039,1743584764,0
GSM,470,2,46,9175,-1,90.414,23.8467,1000,2,1,1735586039,1757014759,0
LTE,470,2,8202,34239502,-1,90.4148,23.8507,500,26,1,1735586043,1764000423,0
LTE,470,2,8202,33288720,-1,90.4072,23.8528,1000,11,1,1735586623,1766215148,0
LTE,470,2,8216,33706767,-1,90.3784,23.8737,1000,6,1,1735587414,1766215147,0
LTE,470,4,17021,26901516,-1,90.3565,23.8586,1000,11,1,1735587774,1766215146,0
LTE,470,4,17021,26901013,-1,90.3474,23.8586,1000,7,1,1735587874,1774971543,0
GSM,470,2,1392,10513,-1,90.3306,23.8611,1659,34,1,1735603910,1764000365,0
LTE,470,2,8428,34240016,-1,90.3614,23.8611,1000,3,1,1735604490,1760364794,0
LTE,470,2,8206,33853714,-1,90.3723,23.8672,1000,15,1,1735604780,1760148481,0
LTE,470,2,8426,33847826,-1,90.4028,23.8685,1000,7,1,1735605660,1764000423,0
LTE,470,4,17151,25772803,-1,90.4117,23.8466,1019,25,1,1735606811,1764000369,0
LTE,470,2,8202,34373394,-1,90.4145,23.8432,1000,7,1,1735607071,1757014756,0
LTE,470,4,17151,25620995,-1,90.4157,23.842,1000,19,1,1735607101,1757014756,0
LTE,470,2,8202,34119194,-1,90.4158,23.8416,578,25,1,1735607101,1757014756,0
LTE,470,2,8202,34119182,-1,90.4172,23.8405,1049,8,1,1735607141,1764000369,0
LTE,470,4,17151,25905923,-1,90.4181,23.8375,500,26,1,1735607151,1743584764,0
LTE,470,2,8437,33771022,-1,90.4186,23.8359,1000,11,1,1735607161,1757014756,0
LTE,470,4,17151,25872643,-1,90.419,23.8342,1000,17,1,1735607181,1743584764,0
LTE,470,2,8437,34027027,-1,90.4189,23.8341,1000,4,1,1735607241,1757014756,0
LTE,470,4,17151,25712387,-1,90.4193,23.8325,559,26,1,1735607261,1743584764,0
LTE,470,2,8437,34358070,-1,90.4199,23.8276,1219,30,1,1735607311,1757014756,0
LTE,470,4,17151,25709315,-1,90.4204,23.8272,1000,10,1,1735607341,1743584764,0
LTE,470,4,17151,25624321,-1,90.4199,23.8236,1000,21,1,1735607471,1743584821,0
LTE,470,4,17151,25709314,-1,90.4203,23.825,1000,11,1,1735607501,1743584764,0
LTE,470,4,17151,25624323,-1,90.418,23.8207,1000,11,1,1735607561,1757014756,0
LTE,470,4,17161,25714435,-1,90.413,23.8178,1000,19,1,1735607861,1757014755,0
LTE,470,4,17161,25782786,-1,90.406,23.816,1280,16,1,1735607981,1757014755,0
LTE,470,2,8102,33324044,-1,90.4057,23.8175,1181,6,1,1735608031,1757014755,0
LTE,470,2,8439,33318667,-1,90.402,23.818,1000,3,1,1735608121,1757014755,0
LTE,470,4,17161,25800962,-1,90.4035,23.8112,1000,22,1,1735608251,1743584822,0
LTE,470,4,17161,25606402,-1,90.4024,23.8051,633,33,1,1735608321,1743584822,0
LTE,470,4,17161,25606403,-1,90.3983,23.8016,1000,24,1,1735608531,1760076781,0
LTE,470,4,17201,25794049,-1,90.4007,23.7947,1000,2,1,1735609351,1743584823,0
LTE,470,4,17211,25635073,-1,90.3998,23.7882,1000,6,1,1735609561,1743584823,0
LTE,470,4,17211,25635075,-1,90.3994,23.7859,1000,17,1,1735609621,1743584823,0
LTE,470,4,17211,25778689,-1,90.399,23.7833,1284,8,1,1735609962,1743584823,0
LTE,470,4,17211,25778691,-1,90.3971,23.779,1781,18,1,1735610042,1743584823,0
LTE,470,2,8431,258582064,-1,90.393,23.7604,3891,6,1,1735611673,1743584823,0
LTE,470,2,8431,33689357,-1,90.3938,23.7486,1000,6,1,1735611813,1764642902,0
LTE,470,2,8431,34097206,-1,90.3938,23.7484,1382,23,1,1735611823,1764513782,0
LTE,470,4,17231,25611266,-1,90.402,23.7649,3321,3,1,1735615389,1743584823,0
LTE,470,4,17231,25690115,-1,90.4015,23.7602,3843,5,1,1735615429,1743584823,0
LTE,470,2,8112,33697328,-1,90.404,23.7554,1000,17,1,1735615639,1764513782,0
LTE,470,2,8431,33811473,-1,90.4008,23.7636,3467,4,1,1735615659,1743584823,0
LTE,470,2,8112,33705227,-1,90.4004,23.7541,1000,8,1,1735615749,1764642902,0
LTE,470,2,8112,33704752,-1,90.4004,23.7694,2813,10,1,1735615919,1743584823,0
LTE,470,4,17211,25665027,-1,90.3989,23.7805,1594,5,1,1735616269,1743584823,0
LTE,470,2,8435,33968176,-1,90.3987,23.7788,1783,8,1,1735616299,1743584823,0
LTE,470,2,8102,33324043,-1,90.4093,23.8177,1528,7,1,1735617580,1757014755,0
LTE,470,2,8437,34472204,-1,90.4145,23.8192,1000,20,1,1735617620,1757014755,0
LTE,470,2,8202,34239501,-1,90.4116,23.8462,1000,5,1,1735618040,1757014759,0
LTE,470,2,8202,33944594,-1,90.4169,23.8504,1000,16,1,1735619020,1766215148,0
LTE,470,4,17411,28165893,-1,90.5011,23.6963,1000,15,1,1736390139,1755488402,0
LTE,470,4,17411,28162820,-1,90.506,23.697,1000,14,1,1736390169,1755488401,0
LTE,470,4,17411,28162822,-1,90.5073,23.6973,1000,14,1,1736390269,1755488402,0
LTE,470,2,8435,33389579,-1,90.4016,23.7991,1000,3,1,1736721152,1747546381,0
LTE,470,2,8435,33996329,-1,90.4012,23.796,500,27,1,1736721372,1747546381,0
LTE,470,2,8435,34101523,-1,90.3993,23.7844,1152,3,1,1736722472,1743584823,0
GSM,470,2,1395,3987,-1,90.3986,23.7779,1000,2,1,1736723803,1764568982,0
GSM,470,2,1395,1305,-1,90.3983,23.7786,1000,7,1,1736723832,1764732483,0
LTE,470,4,17161,27239682,-1,90.41,23.8165,1637,22,1,1736726593,1757014755,0
LTE,470,2,8437,34384665,-1,90.418,23.8211,1000,4,1,1736726683,1757014756,0
LTE,470,2,8437,34511373,-1,90.4203,23.8265,1000,9,1,1736726783,1757014756,0
LTE,470,4,17151,25712390,-1,90.4196,23.8322,500,25,1,1736726823,1757014756,0
LTE,470,2,8437,33477643,-1,90.4199,23.8302,1000,6,1,1736726823,1757014756,0
LTE,470,2,8437,34028596,-1,90.4198,23.8322,1000,8,1,1736726843,1757014756,0
LTE,470,2,8202,34373423,-1,90.4149,23.8426,1000,14,1,1736726983,1757014756,0
LTE,470,4,17021,27137547,-1,90.3695,23.8746,1000,12,1,1736728573,1766215146,0
LTE,470,4,17011,25918732,-1,90.3611,23.861,886,26,1,1736728823,1766215146,0
LTE,470,4,17171,25707777,-1,90.3286,23.8561,1000,11,1,1736729343,1766215145,0
GSM,470,2,1392,13312,-1,90.3304,23.8591,1994,32,1,1736734654,1764000365,0
LTE,470,4,17022,27164427,-1,90.4051,23.8546,1000,5,1,1736738864,1764000369,0
LTE,470,4,17022,25798411,-1,90.4014,23.8764,1000,11,1,1736804985,1760364796,0
LTE,470,4,17051,33309197,-1,90.4008,23.8803,1000,11,1,1736805045,1760364796,0
LTE,470,4,17051,33309207,-1,90.401,23.8775,1000,17,1,1736835260,1764000367,0
LTE,470,4,17022,25798421,-1,90.401,23.8766,1000,7,1,1736835370,1764000367,0
GSM,470,2,46,7035,-1,90.422,23.8507,1000,15,1,1736881793,1766215150,0
GSM,470,2,46,19122,-1,90.4217,23.8495,1000,11,1,1736881853,1766215149,0
GSM,470,2,46,1905,-1,90.4223,23.8533,1000,9,1,1736881853,1766215150,0
GSM,470,2,46,1903,-1,90.4223,23.8527,1000,4,1,1736881853,1764000361,0
LTE,470,2,8202,33287183,-1,90.416,23.8495,1000,6,1,1736882323,1764000423,0
LTE,470,4,17021,25649687,-1,90.3925,23.8744,1000,5,1,1736883783,1766215147,0
GSM,470,2,111,4144,-1,90.3676,23.8701,1000,9,1,1736899937,1760364794,0
LTE,470,2,8429,34465550,-1,90.3632,23.8591,1000,9,1,1736900317,1760364794,0
LTE,470,2,8311,258614326,-1,90.3632,23.8161,1000,2,1,1736900677,1757014754,0
LTE,470,4,17101,25687041,-1,90.3632,23.8161,1000,2,1,1736900727,1757014754,0
LTE,470,4,17221,25738755,-1,90.3936,23.7769,2105,2,1,1736901637,1743584823,0
LTE,470,2,8112,33473292,-1,90.4125,23.7485,1000,5,1,1736904608,1764840721,0
LTE,470,2,8112,34022698,-1,90.4118,23.7576,4286,7,1,1736904618,1743584823,0
LTE,470,4,17231,25658372,-1,90.4137,23.7611,3977,7,1,1736904628,1743584823,0
LTE,470,4,17231,25654022,-1,90.4206,23.7634,1000,10,1,1736905208,1769784061,0
LTE,470,2,8107,34016042,-1,90.4232,23.7684,1000,16,1,1736905298,1766868303,0
LTE,470,2,8103,34353945,-1,90.425,23.7713,1000,4,1,1736905678,1766868303,0
LTE,470,4,17131,25899778,-1,90.4257,23.7743,1000,7,1,1736905718,1769789581,0
LTE,470,2,8103,34353944,-1,90.4255,23.7729,1000,7,1,1736905768,1766868303,0
LTE,470,2,8103,33963539,-1,90.4256,23.7736,1000,4,1,1736905918,1766868303,0
LTE,470,2,8103,33963562,-1,90.4258,23.776,1000,12,1,1736905938,1766868303,0
LTE,470,2,8103,33951024,-1,90.4256,23.7808,1000,16,1,1736906058,1766868303,0
LTE,470,2,8103,34359053,-1,90.4256,23.7858,1000,10,1,1736906258,1766868303,0
LTE,470,2,8103,33951542,-1,90.4255,23.7863,1000,6,1,1736906358,1766868301,0
LTE,470,2,8103,34507533,-1,90.425,23.79,1000,9,1,1736906398,1766868301,0
LTE,470,2,8102,33396235,-1,90.4243,23.7927,1000,5,1,1736906478,1766868301,0
LTE,470,2,8102,34000170,-1,90.4243,23.7938,1000,7,1,1736906528,1766868303,0
LTE,470,2,8102,34000182,-1,90.424,23.7954,1000,9,1,1736906588,1766868303,0
LTE,470,2,8102,33383692,-1,90.4232,23.7995,1000,5,1,1736906728,1743336601,0
LTE,470,2,8102,33383693,-1,90.4229,23.8009,1000,10,1,1736906748,1766868301,0
LTE,470,2,8102,34003218,-1,90.423,23.8007,1000,7,1,1736906778,1766868302,0
LTE,470,2,8102,33400587,-1,90.4224,23.8033,1000,9,1,1736906798,1766868301,0
LTE,470,2,8102,34003474,-1,90.4224,23.8038,1000,5,1,1736906938,1766868302,0
LTE,470,2,8102,33769229,-1,90.4217,23.8066,1000,12,1,1736907028,1766868301,0
LTE,470,2,8102,33294098,-1,90.4217,23.8068,1000,7,1,1736907948,1766868302,0
LTE,470,2,8102,34441741,-1,90.4212,23.8129,1000,5,1,1736909398,1766868301,0
LTE,470,4,17151,25709317,-1,90.4203,23.8271,1000,14,1,1736909808,1757014756,0
LTE,470,4,17151,25709318,-1,90.4202,23.8291,1000,4,1,1736909838,1757014756,0
LTE,470,4,17151,25620998,-1,90.4145,23.8431,1000,18,1,1736910038,1757014756,0
GSM,470,2,46,9174,-1,90.415,23.8413,1246,19,1,1736910058,1757014759,0
GSM,470,2,46,21916,-1,90.4118,23.8476,1000,18,1,1736910070,1743584763,0
GSM,470,2,46,1918,-1,90.4133,23.8462,1000,17,1,1736910070,1743584763,0
GSM,470,2,46,11258,-1,90.4134,23.8459,1000,18,1,1736910098,1743584763,0
GSM,470,2,46,1945,-1,90.4103,23.8516,1000,2,1,1737073449,1743584763,0
LTE,470,2,8202,33290511,-1,90.4212,23.8485,1000,4,1,1737140885,1766215149,0
LTE,470,2,8216,33706766,-1,90.3793,23.8725,1000,5,1,1737142775,1766215147,0
GSM,470,2,1392,10941,-1,90.3252,23.8757,1352,22,1,1737156601,1760364788,0
GSM,470,2,1392,42405,-1,90.3263,23.8754,1348,35,1,1737156621,1760364788,0
GSM,470,2,1392,19261,-1,90.3297,23.8684,2107,20,1,1737157951,1760364791,0
GSM,470,2,1392,18552,-1,90.3284,23.8669,2266,50,1,1737157951,1764000365,0
GSM,470,2,1392,18536,-1,90.3389,23.8565,1000,7,1,1737157951,1764000365,0
GSM,470,2,1392,18553,-1,90.3324,23.8562,1642,19,1,1737157951,1764000365,0
LTE,470,2,8421,35971084,-1,90.5034,23.6959,1000,6,1,1738639803,1755525361,0
LTE,470,1,60393,27142431,-1,90.4257,23.774,500,33,1,1739359264,1759876997,0
LTE,470,1,60392,25696829,-1,90.4249,23.7896,2259,14,1,1739446370,1759876998,0
LTE,470,1,60393,27205152,-1,90.4242,23.7699,1000,14,1,1739600262,1759876997,0
LTE,470,1,60391,25715518,-1,90.4222,23.8047,1000,8,1,1739617693,1759876998,0
LTE,470,1,60391,25715517,-1,90.4216,23.8069,1000,14,1,1739617713,1759876998,0
LTE,470,1,49211,38418259,-1,91.8734,24.903,1000,19,1,1740149527,1772893742,0
LTE,470,1,52901,33313292,-1,89.2227,25.7414,1000,1,1,1743183430,1743183430,0
LTE,470,2,8102,33400588,-1,90.4234,23.7992,1000,7,1,1736212940,1766868303,0
LTE,470,2,8102,34351897,-1,90.4235,23.7982,1000,8,1,1736213100,1766868303,0
GSM,470,2,54,42572,-1,90.4238,23.7969,1000,2,1,1736213195,1743336601,0
LTE,470,2,8102,33956626,-1,90.4239,23.7961,1000,4,1,1736213211,1743336601,0
LTE,470,2,8102,34000181,-1,90.4241,23.7946,1000,8,1,1736213234,1766868303,0
LTE,470,2,8102,34000169,-1,90.4245,23.7929,1000,5,1,1736213267,1766868303,0
LTE,470,2,8102,33396236,-1,90.4246,23.7919,1000,6,1,1736213303,1766868303,0
LTE,470,2,8103,34001199,-1,90.4249,23.7906,1000,4,1,1736213328,1743336601,0
LTE,470,2,8103,33397515,-1,90.4249,23.7907,1000,9,1,1736213385,1766868303,0
LTE,470,2,8103,34507539,-1,90.4254,23.7879,1000,9,1,1736213409,1766868303,0
LTE,470,2,8103,33960209,-1,90.4257,23.7862,1000,2,1,1736213449,1743336601,0
LTE,470,2,8103,33951507,-1,90.4258,23.7851,1000,3,1,1736213483,1743336602,0
LTE,470,2,8103,33951506,-1,90.4259,23.7844,1000,2,1,1736213512,1743336602,0
LTE,470,2,8103,34359059,-1,90.4259,23.7831,1000,15,1,1736213534,1766868303,0
LTE,470,2,8103,33950995,-1,90.4257,23.7814,1000,2,1,1736213600,1743336602,0
LTE,470,2,8103,33950993,-1,90.4258,23.7804,1000,2,1,1736213630,1743336602,0
LTE,470,2,8103,33950994,-1,90.4256,23.7793,1000,2,1,1736213757,1743336602,0
LTE,470,2,8103,33946129,-1,90.4258,23.7768,1000,10,1,1736213811,1766868303,0
LTE,470,2,8103,33291020,-1,90.4259,23.7764,1000,4,1,1736213842,1743336602,0
LTE,470,2,8103,33738507,-1,90.426,23.7751,1000,4,1,1736213870,1743336602,0
LTE,470,2,8103,33738509,-1,90.4255,23.7729,1000,4,1,1736213931,1766868303,0
LTE,470,2,8103,34471448,-1,90.4246,23.7703,1000,6,1,1736214006,1766868303,0
LTE,470,2,8103,33302284,-1,90.4238,23.7689,1000,3,1,1736214036,1766868303,0
LTE,470,2,8107,34016040,-1,90.4242,23.7673,1000,6,1,1736214113,1743336602,0
LTE,470,2,8107,34016041,-1,90.4234,23.768,1000,12,1,1736214354,1766868303,0
LTE,470,2,8107,34506769,-1,90.4264,23.766,1000,2,1,1736214385,1766868303,0
LTE,470,2,8107,34506763,-1,90.4262,23.7662,1000,4,1,1736214410,1766868303,0
GSM,470,2,98,3468,-1,90.4274,23.7654,1000,2,1,1736214680,1766868303,0
GSM,470,2,98,21661,-1,90.4274,23.7654,1000,2,1,1736214680,1766868303,0
GSM,470,2,98,4661,-1,90.4274,23.7654,1000,2,1,1736214680,1766868303,0
LTE,470,2,8107,33475600,-1,90.4274,23.7654,1000,2,1,1736214711,1766868303,0
GSM,470,2,98,4663,-1,90.4274,23.7654,1000,2,1,1736214736,1766868303,0
LTE,470,2,8107,34020369,-1,90.4274,23.7654,1000,2,1,1736214748,1766868303,0
LTE,470,2,8107,33469198,-1,90.4274,23.7654,1000,2,1,1736214810,1766868303,0
LTE,470,2,8107,33469200,-1,90.4274,23.7654,1000,2,1,1736214778,1766868303,0
LTE,470,2,8107,33469197,-1,90.4273,23.7654,1000,3,1,1736214836,1766868303,0
LTE,470,2,8202,33945648,-1,90.4085,23.852,1000,1,1,1743542592,1743542592,0
GSM,470,2,46,2012,-1,90.4092,23.851,1000,7,1,1743545683,1743584763,0
GSM,470,2,46,3329,-1,90.409,23.8513,1000,3,1,1743545817,1743584763,0
GSM,470,2,46,10731,-1,90.4102,23.8497,1000,1,1,1743545886,1743545886,0
GSM,470,2,46,1922,-1,90.4174,23.844,1000,4,1,1743545986,1764000362,0
GSM,470,2,46,21981,-1,90.4179,23.838,1000,10,1,1743546003,1743584764,0
GSM,470,2,1397,21914,-1,90.4183,23.8364,1000,6,1,1743546023,1743584764,0
GSM,470,2,1391,1925,-1,90.4183,23.8364,1000,7,1,1743546023,1743584764,0
GSM,470,2,1397,21983,-1,90.4197,23.8309,1000,14,1,1743546063,1743584764,0
GSM,470,2,1397,1966,-1,90.4194,23.8325,1000,7,1,1743546063,1743584764,0
GSM,470,2,1397,1963,-1,90.4197,23.8309,1000,14,1,1743546063,1743584764,0
GSM,470,2,1397,3002,-1,90.4201,23.8293,1000,7,1,1743546083,1743584764,0
GSM,470,2,1397,1947,-1,90.4204,23.8273,1000,10,1,1743546083,1743584764,0
GSM,470,2,1397,3000,-1,90.4201,23.8293,1000,7,1,1743546083,1743584764,0
GSM,470,2,1397,13378,-1,90.4203,23.8315,1737,8,1,1743546083,1764000362,0
GSM,470,2,1397,40518,-1,90.4206,23.8263,1000,7,1,1743546103,1743584764,0
GSM,470,2,1397,21923,-1,90.4188,23.8224,1000,22,1,1743546103,1743584821,0
GSM,470,2,1397,1973,-1,90.4204,23.8247,1000,10,1,1743546103,1743584764,0
GSM,470,2,1397,11369,-1,90.4198,23.8234,1000,16,1,1743546103,1743584821,0
GSM,470,2,1397,18689,-1,90.4204,23.8234,1000,7,1,1743546123,1743584764,0
GSM,470,2,1397,21781,-1,90.4182,23.8212,1000,16,1,1743546123,1743584821,0
GSM,470,2,1397,1972,-1,90.4204,23.8234,1000,7,1,1743546123,1743584764,0
GSM,470,2,1397,21780,-1,90.417,23.8202,1000,14,1,1743546143,1743584821,0
GSM,470,2,1397,3818,-1,90.4161,23.8197,1000,6,1,1743546163,1743584821,0
GSM,470,2,1397,21924,-1,90.4157,23.8194,1000,8,1,1743546163,1743584821,0
GSM,470,2,1397,1970,-1,90.4157,23.8194,1000,8,1,1743546163,1743584821,0
GSM,470,2,1397,20604,-1,90.4118,23.8169,1000,14,1,1743546185,1743584822,0
GSM,470,2,1397,21925,-1,90.4125,23.8174,1000,4,1,1743546185,1743584821,0
GSM,470,2,1397,20603,-1,90.413,23.8177,1000,8,1,1743546185,1743584821,0
LTE,470,4,17161,25714433,-1,90.4137,23.8187,1000,16,1,1743546193,1757014755,0
GSM,470,2,54,42953,-1,90.4087,23.8148,1000,13,1,1743546216,1743584822,0
GSM,470,2,203,1835,-1,90.4074,23.8139,1000,10,1,1743546216,1743584822,0
GSM,470,2,54,42952,-1,90.406,23.8123,1000,21,1,1743546223,1743584822,0
GSM,470,2,203,3890,-1,90.4039,23.8113,1000,7,1,1743546263,1743584822,0
GSM,470,2,203,4030,-1,90.4039,23.8113,1000,7,1,1743546263,1743584822,0
GSM,470,2,203,3892,-1,90.4018,23.8042,1000,15,1,1743546283,1743584823,0
GSM,470,2,203,22315,-1,90.4019,23.8048,1000,24,1,1743546283,1743584823,0
GSM,470,2,203,42425,-1,90.4021,23.8058,1000,12,1,1743546283,1743584822,0
GSM,470,2,203,3891,-1,90.4019,23.8046,1000,11,1,1743546303,1743584822,0
GSM,470,2,203,1834,-1,90.4017,23.8032,1000,17,1,1743546303,1743584823,0
GSM,470,2,203,1832,-1,90.4012,23.7999,1000,17,1,1743546323,1743584823,0
GSM,470,2,203,21984,-1,90.4013,23.8008,1000,7,1,1743546333,1743584823,0
GSM,470,2,1395,3926,-1,90.4007,23.7969,1000,10,1,1743546353,1743584823,0
GSM,470,2,203,3969,-1,90.4007,23.7969,1000,10,1,1743546353,1743584823,0
GSM,470,2,203,1833,-1,90.4008,23.7976,1000,7,1,1743546353,1743584823,0
GSM,470,2,203,5493,-1,90.4008,23.7976,1000,7,1,1743546353,1743584823,0
GSM,470,2,1395,4198,-1,90.4004,23.7952,1000,3,1,1743546375,1743584823,0
GSM,470,2,1395,1788,-1,90.4004,23.7952,1000,3,1,1743546375,1743584823,0
GSM,470,2,203,21921,-1,90.4004,23.7952,1000,3,1,1743546375,1743584823,0
GSM,470,2,203,1812,-1,90.4004,23.7952,1000,3,1,1743546375,1743584823,0
GSM,470,2,203,1976,-1,90.4004,23.7952,1000,3,1,1743546375,1743584823,0
LTE,470,4,17211,25619971,-1,90.4004,23.7947,1000,1,1,1743546403,1743546403,0
GSM,470,2,1395,21920,-1,90.4004,23.7947,1000,1,1,1743546403,1743546403,0
GSM,470,2,1395,3927,-1,90.4004,23.7947,1000,1,1,1743546403,1743546403,0
GSM,470,2,1395,4197,-1,90.4004,23.7947,1000,1,1,1743546403,1743546403,0
GSM,470,2,1395,4196,-1,90.4004,23.7947,1000,1,1,1743546403,1743546403,0
GSM,470,2,1395,21921,-1,90.4004,23.7947,1000,1,1,1743546403,1743546403,0
GSM,470,2,1395,1798,-1,90.4004,23.7947,1000,1,1,1743546433,1743546433,0
LTE,470,2,8435,33376013,-1,90.4004,23.7947,1000,1,1,1743546473,1743546473,0
LTE,470,2,8435,34344978,-1,90.4004,23.7947,1000,1,1,1743546483,1743546483,0
LTE,470,4,17211,25601282,-1,90.4004,23.7947,1000,1,1,1743546513,1743546513,0
LTE,470,2,8435,33705743,-1,90.4004,23.7947,1000,1,1,1743546523,1743546523,0
LTE,470,4,17211,25668609,-1,90.4004,23.7947,1000,1,1,1743546543,1743546543,0
LTE,470,2,8112,33802763,-1,90.4004,23.7947,1000,1,1,1743546543,1743546543,0
LTE,470,4,17211,25668611,-1,90.4004,23.7947,1000,1,1,1743546563,1743546563,0
LTE,470,2,8112,33802806,-1,90.4004,23.7947,1000,1,1,1743546563,1743546563,0
LTE,470,4,17211,25648387,-1,90.4004,23.7947,1000,1,1,1743546593,1743546593,0
LTE,470,4,17211,25742081,-1,90.4004,23.7947,1000,1,1,1743546603,1743546603,0
LTE,470,4,17211,25742083,-1,90.4004,23.7947,1000,1,1,1743546623,1743546623,0
GSM,470,2,204,42196,-1,90.4004,23.7947,1000,1,1,1743546643,1743546643,0
GSM,470,2,204,4517,-1,90.4004,23.7947,1000,1,1,1743546643,1743546643,0
GSM,470,2,204,21918,-1,90.4004,23.7947,1000,1,1,1743546643,1743546643,0
GSM,470,2,204,4516,-1,90.4004,23.7947,1000,1,1,1743546643,1743546643,0
GSM,470,2,204,4518,-1,90.4004,23.7947,1000,1,1,1743546643,1743546643,0
LTE,470,2,8112,33704204,-1,90.4004,23.7947,1000,1,1,1743546653,1743546653,0
LTE,470,4,17221,25607939,-1,90.4004,23.7947,1000,1,1,1743546663,1743546663,0
LTE,470,2,8431,33762571,-1,90.4004,23.7947,1000,1,1,1743546663,1743546663,0
LTE,470,2,8431,258582070,-1,90.4004,23.7947,1000,1,1,1743546683,1743546683,0
LTE,470,4,17221,25738754,-1,90.4004,23.7947,1000,1,1,1743546723,1743546723,0
LTE,470,2,8431,33811467,-1,90.4006,23.7598,3890,6,1,1743546723,1764642902,0
LTE,470,4,17231,25611265,-1,90.4004,23.7947,1000,1,1,1743546743,1743546743,0
LTE,470,2,8112,33605900,-1,90.4013,23.773,2420,2,1,1743546763,1764642902,0
LTE,470,4,17231,25690114,-1,90.4004,23.7947,1000,1,1,1743546783,1743546783,0
LTE,470,2,8112,258603823,-1,90.4004,23.7947,1000,1,1,1743546783,1743546783,0
LTE,470,4,17231,25660931,-1,90.4004,23.7947,1000,1,1,1743546793,1743546793,0
LTE,470,2,8112,33605644,-1,90.4004,23.7947,1000,1,1,1743546813,1743546813,0
LTE,470,4,17231,25804549,-1,90.4004,23.7947,1000,1,1,1743546823,1743546823,0
LTE,470,2,8112,33597453,-1,90.4004,23.7947,1000,1,1,1743546843,1743546843,0
LTE,470,4,17231,25658373,-1,90.4004,23.7947,1000,1,1,1743546873,1743546873,0
LTE,470,4,17231,25875462,-1,90.4004,23.7947,1000,1,1,1743546913,1743546913,0
LTE,470,4,17271,25651462,-1,90.4004,23.7947,1000,1,1,1743546933,1743546933,0
LTE,470,2,8112,34045994,-1,90.4004,23.7947,1000,1,1,1743546933,1743546933,0
LTE,470,2,8107,258601008,-1,90.4004,23.7947,1000,1,1,1743546953,1743546953,0
LTE,470,4,17271,26708486,-1,90.4004,23.7947,1000,1,1,1743546983,1743546983,0
LTE,470,2,8107,258601002,-1,90.4004,23.7947,1000,1,1,1743547003,1743547003,0
LTE,470,2,8107,34020626,-1,90.4004,23.7947,1000,1,1,1743547023,1743547023,0
LTE,470,4,17271,25623302,-1,90.4004,23.7947,1000,1,1,1743547043,1743547043,0
LTE,470,2,8107,33477133,-1,90.4004,23.7947,1000,1,1,1743547073,1743547073,0
LTE,470,2,8107,33526027,-1,90.4004,23.7947,1000,1,1,1743547093,1743547093,0
LTE,470,4,17271,25623301,-1,90.4004,23.7947,1000,1,1,1743547133,1743547133,0
LTE,470,2,8105,33526285,-1,90.4004,23.7947,1000,1,1,1743547133,1743547133,0
LTE,470,4,17271,25646084,-1,90.4004,23.7947,1000,1,1,1743547163,1743547163,0
LTE,470,2,8105,33526284,-1,90.4004,23.7947,1000,1,1,1743547163,1743547163,0
LTE,470,4,17271,25646085,-1,90.4214,23.7489,5533,5,1,1743547183,1743584823,0
LTE,470,4,17271,26650374,-1,90.4004,23.7947,1000,1,1,1743547203,1743547203,0
LTE,470,2,8105,34048273,-1,90.4201,23.7528,5078,4,1,1743547203,1743584823,0
LTE,470,2,8101,33610508,-1,90.4266,23.7381,1000,2,1,1743547243,1743584823,0
LTE,470,2,8111,33537547,-1,90.4267,23.7369,1000,5,1,1743547253,1743584823,0
LTE,470,4,17341,25687814,-1,90.4268,23.7338,1000,11,1,1743547293,1743584823,0
LTE,470,2,8101,33610768,-1,90.4268,23.7353,1000,3,1,1743547293,1743584823,0
LTE,470,2,8101,33610771,-1,90.4268,23.7345,1000,2,1,1743547313,1743584823,0
LTE,470,2,8101,258589238,-1,90.4269,23.7333,1000,4,1,1743547333,1743584823,0
LTE,470,2,8101,33610764,-1,90.4269,23.7322,1000,2,1,1743547393,1743584823,0
LTE,470,4,17341,25634308,-1,90.4269,23.7317,1000,2,1,1743547413,1743584824,0
LTE,470,2,8101,258589232,-1,90.4269,23.7318,1000,1,1,1743547413,1743547413,0
LTE,470,2,8101,33790988,-1,90.4269,23.7317,1000,1,1,1743547423,1743547423,0
LTE,470,4,17341,25634310,-1,90.4268,23.7289,1000,19,1,1743547433,1743584824,0
LTE,470,2,8101,33611789,-1,90.4269,23.7317,1000,1,1,1743547443,1743547443,0
LTE,470,2,8101,258604086,-1,90.4268,23.7303,1000,6,1,1743547543,1743584824,0
LTE,470,4,17341,25620485,-1,90.4269,23.7286,1000,2,1,1743548023,1743584824,0
LTE,470,2,8111,33527088,-1,90.4269,23.7283,1000,16,1,1743548023,1743584824,0
GSM,470,4,1234,39453,-1,90.4268,23.729,1000,2,1,1743548713,1743584824,0
GSM,470,4,1234,39611,-1,90.4268,23.729,1000,2,1,1743548763,1743584824,0
GSM,470,4,1234,39652,-1,90.4268,23.729,1000,1,1,1743548763,1743548763,0
LTE,470,4,17301,25645574,-1,90.427,23.7249,1000,5,1,1743549453,1743584824,0
LTE,470,2,8101,258604080,-1,90.427,23.7244,1000,8,1,1743549453,1743584824,0
LTE,470,4,17341,25753092,-1,90.4271,23.7236,1000,3,1,1743549493,1743584824,0
LTE,470,4,17341,25753093,-1,90.4272,23.7231,1000,1,1,1743549513,1743549513,0
LTE,470,2,8111,258605110,-1,90.4272,23.7229,1000,2,1,1743549513,1743584824,0
LTE,470,4,17341,25640964,-1,90.4272,23.7228,1000,1,1,1743549533,1743549533,0
LTE,470,4,17341,25674756,-1,90.4272,23.7228,1000,1,1,1743549583,1743549583,0
LTE,470,2,8111,258605104,-1,90.4272,23.7228,1000,1,1,1743549603,1743549603,0
LTE,470,4,17341,25674758,-1,90.4272,23.7228,1000,1,1,1743549633,1743549633,0
LTE,470,2,8433,34143274,-1,90.4272,23.7228,1000,1,1,1743549643,1743549643,0
LTE,470,4,17341,25697796,-1,90.4272,23.7228,1000,1,1,1743549673,1743549673,0
LTE,470,4,17341,25697797,-1,90.4272,23.7228,1000,1,1,1743549703,1743549703,0
LTE,470,2,8419,34143792,-1,90.4272,23.7061,1849,13,1,1743549703,1743584824,0
LTE,470,4,17301,25675012,-1,90.4272,23.7228,1000,1,1,1743549713,1743549713,0
LTE,470,4,17301,25675014,-1,90.4265,23.7097,1456,5,1,1743549723,1743584824,0
LTE,470,4,17331,25735173,-1,90.4272,23.7045,1000,5,1,1743549753,1743584824,0
LTE,470,4,17301,26905094,-1,90.4285,23.7026,1000,5,1,1743549773,1743584824,0
LTE,470,2,8419,34252854,-1,90.4287,23.7022,1000,3,1,1743549783,1743584824,0
LTE,470,4,17311,25628422,-1,90.4295,23.7008,1000,4,1,1743549793,1743584824,0
GSM,470,2,421,4778,-1,90.4293,23.7013,1000,2,1,1743549793,1743584824,0
GSM,470,2,421,20163,-1,90.4293,23.7013,1000,2,1,1743549793,1743584824,0
GSM,470,2,421,20162,-1,90.4295,23.7008,1000,1,1,1743549807,1743549807,0
GSM,470,2,421,20120,-1,90.4295,23.7008,1000,1,1,1743549807,1743549807,0
GSM,470,2,421,20121,-1,90.4295,23.7008,1000,1,1,1743549807,1743549807,0
GSM,470,2,421,4758,-1,90.4295,23.7008,1000,1,1,1743549807,1743549807,0
LTE,470,2,8419,34459148,-1,90.43,23.7,1000,4,1,1743549814,1743584824,0
LTE,470,4,17311,25833220,-1,90.4307,23.6987,1000,8,1,1743549823,1743584824,0
LTE,470,2,8419,33761036,-1,90.4307,23.6987,1000,5,1,1743549833,1743584824,0
LTE,470,4,17311,26641925,-1,90.4312,23.6978,1000,2,1,1743549863,1743584824,0
LTE,470,2,8413,33636918,-1,90.4327,23.6955,1000,14,1,1743549873,1743584824,0
LTE,470,4,17311,25751302,-1,90.4323,23.6958,1000,6,1,1743549894,1743584824,0
LTE,470,4,17311,25619204,-1,90.4346,23.6933,1000,5,1,1743549954,1743584824,0
LTE,470,4,17311,25833221,-1,90.4338,23.6942,1000,2,1,1743549964,1743584824,0
LTE,470,4,17311,26757638,-1,90.4367,23.6909,1000,5,1,1743549974,1743584824,0
LTE,470,2,8413,33636912,-1,90.4359,23.6918,1000,6,1,1743549984,1743584824,0
LTE,470,4,17311,25619205,-1,90.4364,23.6913,1000,4,1,1743550024,1743584824,0
LTE,470,4,17311,25701126,-1,90.4375,23.6901,1000,5,1,1743550044,1743584824,0
LTE,470,2,8413,33636911,-1,90.4371,23.6906,1000,2,1,1743550044,1743584824,0
GSM,470,2,233,43386,-1,90.4385,23.6888,1000,8,1,1743550054,1743584824,0
GSM,470,2,233,43298,-1,90.4384,23.6889,1000,3,1,1743550064,1743584824,0
GSM,470,2,233,43388,-1,90.4388,23.6885,1000,6,1,1743550064,1743584824,0
GSM,470,2,233,43296,-1,90.4413,23.6858,1000,11,1,1743550064,1743584825,0
LTE,470,4,17311,26757637,-1,90.4397,23.6874,1000,6,1,1743550074,1743584824,0
GSM,470,2,233,43297,-1,90.4402,23.6869,1000,9,1,1743550074,1743584824,0
LTE,470,4,17311,26757636,-1,90.445,23.6815,1000,8,1,1743550094,1743584825,0
LTE,470,4,17311,26757382,-1,90.4426,23.6844,1000,7,1,1743550104,1743584825,0
GSM,470,2,1376,43267,-1,90.4426,23.6844,1000,7,1,1743550104,1743584825,0
GSM,470,2,1376,43315,-1,90.4426,23.6844,1000,7,1,1743550104,1743584825,0
GSM,470,2,233,4885,-1,90.4426,23.6844,1000,7,1,1743550104,1743584825,0
GSM,470,2,1376,43266,-1,90.4426,23.6844,1000,7,1,1743550104,1743584825,0
LTE,470,4,17311,25836806,-1,90.4442,23.6827,1000,4,1,1743550124,1743584825,0
LTE,470,2,8420,33790000,-1,90.4481,23.6783,1000,16,1,1743550124,1743584825,0
LTE,470,4,17311,26757381,-1,90.4459,23.6808,1000,8,1,1743550134,1743584825,0
LTE,470,4,17321,25837574,-1,90.4489,23.6773,1000,9,1,1743550154,1743584825,0
LTE,470,4,17321,26652678,-1,90.4516,23.6744,1000,3,1,1743550184,1743584825,0
LTE,470,4,17401,28171270,-1,90.4562,23.6696,1000,9,1,1743550204,1743584825,0
LTE,470,2,8420,35924241,-1,90.452,23.674,1000,1,1,1743550204,1743550204,0
LTE,470,2,8420,35924242,-1,90.4553,23.6706,1000,5,1,1743550214,1743584825,0
LTE,470,2,8420,35876406,-1,90.4576,23.6681,1000,6,1,1743550224,1743584825,0
LTE,470,4,17401,28171269,-1,90.4581,23.6676,1000,1,1,1743550234,1743550234,0
LTE,470,4,17401,28163078,-1,90.4582,23.6674,1000,1,1,1743550244,1743550244,0
LTE,470,4,17401,29803014,-1,90.4582,23.6674,1000,1,1,1743550254,1743550254,0
LTE,470,4,17401,28163076,-1,90.4672,23.6555,1616,9,1,1743550264,1743584825,0
LTE,470,2,8415,35868214,-1,90.4465,23.6494,2341,35,1,1743550264,1743584826,0
LTE,470,4,17401,28165638,-1,90.4663,23.6586,1279,11,1,1743550274,1743584825,0
LTE,470,2,8420,258072624,-1,90.4662,23.6516,1000,13,1,1743550314,1743584825,0
LTE,470,4,17401,29803013,-1,90.467,23.6513,1000,4,1,1743550334,1743584825,0
LTE,470,4,17401,29802757,-1,90.4652,23.6502,1000,4,1,1743550344,1743584825,0
LTE,470,4,17401,28185601,-1,90.4634,23.6491,1000,5,1,1743550354,1743584825,0
LTE,470,4,17401,29441796,-1,90.4525,23.6433,1173,19,1,1743550364,1743584826,0
LTE,470,4,17401,28170245,-1,90.4597,23.6469,1000,5,1,1743550374,1743584825,0
LTE,470,4,17401,28176387,-1,90.4563,23.645,1000,4,1,1743550394,1743584825,0
LTE,470,2,8422,258057008,-1,90.4563,23.645,1000,4,1,1743550394,1743584825,0
LTE,470,2,8415,258563632,-1,90.4523,23.6426,1000,6,1,1743550404,1743584826,0
LTE,470,2,8415,258563631,-1,90.4491,23.6411,1000,4,1,1743550434,1743584825,0
LTE,470,2,8420,35860754,-1,90.4459,23.6408,1000,8,1,1743550444,1743584826,0
LTE,470,4,17401,28163077,-1,90.4408,23.6421,1000,10,1,1743550464,1743584826,0
LTE,470,2,8420,35860748,-1,90.4427,23.6412,1000,5,1,1743550464,1743584826,0
LTE,470,4,17381,32001284,-1,90.4406,23.642,1000,5,1,1743550474,1743584826,0
LTE,470,2,8415,34331946,-1,90.4398,23.6425,1000,9,1,1743550474,1743584826,0
LTE,470,4,17351,25831172,-1,90.4324,23.6467,1040,22,1,1743550494,1743584826,0
LTE,470,2,8401,38427689,-1,90.4362,23.6448,1000,9,1,1743550494,1743584826,0
LTE,470,4,17351,26888197,-1,90.4276,23.6494,1000,13,1,1743550534,1743584826,0
LTE,470,2,8415,258564400,-1,90.4254,23.6498,1000,5,1,1743550554,1743584826,0
LTE,470,2,8401,38427690,-1,90.4224,23.6495,1000,8,1,1743550564,1743584826,0
LTE,470,4,17351,26888196,-1,90.4213,23.6493,1000,4,1,1743550574,1743584826,0
LTE,470,4,17351,26888193,-1,90.4146,23.6485,1000,14,1,1743550584,1743584826,0
LTE,470,2,8415,34273554,-1,90.4165,23.6488,1000,9,1,1743550584,1743584826,0
LTE,470,2,8415,33451789,-1,90.4092,23.6479,1000,18,1,1743550614,1743584826,0
LTE,470,4,17351,25830402,-1,90.3993,23.6467,1000,20,1,1743550634,1743584827,0
LTE,470,2,8415,34273549,-1,90.4034,23.6472,1000,5,1,1743550654,1743584826,0
LTE,470,2,8309,34231055,-1,90.399,23.6466,1000,16,1,1743550664,1743584827,0
LTE,470,4,17351,26656003,-1,90.3985,23.6466,1000,6,1,1743550674,1743584827,0
LTE,470,2,8309,34231052,-1,90.3936,23.646,1000,6,1,1743550694,1743584827,0
LTE,470,2,8309,33895728,-1,90.3895,23.6455,1000,6,1,1743550704,1743584827,0
LTE,470,4,17351,25836034,-1,90.38,23.6446,1040,22,1,1743550714,1743584827,0
GSM,470,2,234,11554,-1,90.3861,23.6451,1000,6,1,1743550724,1743584827,0
GSM,470,2,234,11553,-1,90.3861,23.6451,1000,6,1,1743550724,1743584827,0
GSM,470,2,234,11552,-1,90.3861,23.6451,1000,6,1,1743550724,1743584827,0
LTE,470,2,8309,38447371,-1,90.3786,23.6444,1000,6,1,1743550754,1743584827,0
LTE,470,2,8309,38447377,-1,90.3744,23.6441,1000,6,1,1743550764,1743584827,0
LTE,470,2,8401,261892406,-1,90.371,23.6438,1000,6,1,1743550784,1743584827,0
LTE,470,4,17351,25836035,-1,90.3662,23.6433,1000,16,1,1743550794,1743584827,0
LTE,470,2,8309,38427958,-1,90.3653,23.643,1000,20,1,1743550794,1743584827,0
LTE,470,4,17351,25600258,-1,90.3617,23.642,1000,5,1,1743550824,1743584827,0
LTE,470,4,17351,25600261,-1,90.3571,23.6371,1000,24,1,1743550834,1743584828,0
LTE,470,2,8301,258583088,-1,90.3592,23.6399,1000,9,1,1743550834,1743584827,0
LTE,470,2,8301,38448938,-1,90.3521,23.6322,879,36,1,1743550854,1743584828,0
LTE,470,4,17351,25600262,-1,90.3483,23.6295,652,26,1,1743550884,1743584828,0
LTE,470,2,8301,38416655,-1,90.3426,23.6269,1000,11,1,1743550924,1743584828,0
LTE,470,4,17351,25600259,-1,90.3392,23.6244,1000,14,1,1743550934,1743584828,0
LTE,470,2,8301,38448914,-1,90.3387,23.6244,1000,8,1,1743550944,1743584828,0
LTE,470,4,17351,26696706,-1,90.3373,23.623,1000,8,1,1743550954,1743584828,0
LTE,470,4,17361,26663169,-1,90.3341,23.6181,1000,8,1,1743550984,1743584828,0
LTE,470,4,17351,25748994,-1,90.3294,23.6133,1000,22,1,1743551004,1743584828,0
LTE,470,2,8301,261898294,-1,90.3234,23.6065,1356,21,1,1743551024,1767524221,0
UMTS,470,4,1236,32263429,446,90.3249,23.6083,1000,4,1,1743551064,1743584828,0
UMTS,470,4,2901,1333623,93,90.3198,23.6025,1000,18,1,1743551074,1743584829,0
LTE,470,2,8301,38445586,-1,90.3171,23.5994,1000,10,1,1743551114,1743584829,0
LTE,470,2,8301,38445579,-1,90.3137,23.5976,2329,12,1,1743551134,1767057661,0
UMTS,470,4,2901,1331502,446,90.3145,23.5967,1000,6,1,1743551134,1743584829,0
UMTS,470,4,2901,1332311,75,90.3114,23.5919,1000,11,1,1743551144,1743584829,0
UMTS,470,4,2901,1332312,83,90.3074,23.5846,1000,14,1,1743551185,1743584829,0
LTE,470,2,8401,38436108,-1,90.3074,23.5846,1000,14,1,1743551185,1743584829,0
UMTS,470,4,2901,1332313,91,90.3016,23.5713,1221,48,1,1743551214,1743584829,0
LTE,470,2,8401,38417962,-1,90.3043,23.5774,1000,19,1,1743551214,1743584829,0
LTE,470,2,8401,38417973,-1,90.3018,23.5712,1000,10,1,1743551254,1743584829,0
LTE,470,2,8401,38417974,-1,90.2986,23.5639,618,25,1,1743551274,1743584829,0
UMTS,470,4,2901,1326384,10,90.2986,23.5566,1000,20,1,1743551314,1743584830,0
LTE,470,2,8401,38451254,-1,90.2987,23.5565,1000,10,1,1743551324,1743584830,0
UMTS,470,4,2901,1326386,18,90.2949,23.5431,1052,22,1,1743551354,1743584830,0
LTE,470,2,8401,38466573,-1,90.295,23.5432,1000,14,1,1743551384,1743584830,0
LTE,470,2,8401,38466579,-1,90.2926,23.5396,1000,5,1,1743551415,1743584830,0
LTE,470,2,8401,38466578,-1,90.2914,23.5377,1000,5,1,1743551425,1743584830,0
LTE,470,2,8401,261890346,-1,90.2895,23.5326,1000,18,1,1743551435,1743584830,0
UMTS,470,4,2901,1328493,438,90.2878,23.5298,1000,17,1,1743551445,1743584830,0
LTE,470,2,8401,38421266,-1,90.287,23.5275,1000,6,1,1743551475,1743584830,0
LTE,470,2,8401,261897002,-1,90.2839,23.5254,1000,10,1,1743551485,1743584830,0
UMTS,470,4,2901,1322611,0,90.2829,23.5245,1000,4,1,1743551495,1743584830,0
UMTS,470,4,2901,1322614,0,90.2792,23.5172,1000,18,1,1743551505,1743584831,0
LTE,470,2,8401,38463243,-1,90.2799,23.5194,1000,10,1,1743551515,1743584830,0
LTE,470,2,8401,38421260,-1,90.2783,23.5149,1000,10,1,1743551535,1743584831,0
LTE,470,2,8401,38420242,-1,90.2774,23.5117,1000,5,1,1743551555,1743584831,0
UMTS,470,4,2901,1322615,8,90.2737,23.5027,1021,37,1,1743551565,1743584831,0
LTE,470,2,8401,38420237,-1,90.2765,23.5097,1000,6,1,1743551565,1743584831,0
LTE,470,2,8401,38419470,-1,90.2754,23.5067,1000,10,1,1743551575,1743584831,0
LTE,470,2,8401,38433297,-1,90.274,23.5033,1000,5,1,1743551595,1743584831,0
LTE,470,2,8401,38433291,-1,90.2728,23.5002,1000,10,1,1743551605,1743584831,0
LTE,470,2,8401,38433299,-1,90.271,23.4961,1000,9,1,1743551625,1743584831,0
UMTS,470,4,2901,1330091,280,90.2701,23.488,1000,11,1,1743551645,1743584831,0
LTE,470,2,8401,97455146,-1,90.2703,23.4885,614,25,1,1743551645,1743584831,0
UMTS,470,4,2901,1332061,4,90.2679,23.4796,1378,35,1,1743551655,1743584832,0
UMTS,470,4,2901,1328472,19,90.2704,23.4876,1000,9,1,1743551665,1743584831,0
LTE,470,2,8401,38405168,-1,90.2645,23.4697,882,35,1,1743551725,1743584832,0
UMTS,470,4,2901,1332062,12,90.2636,23.4665,1000,21,1,1743551755,1743584832,0
LTE,470,4,17381,30722565,-1,90.2623,23.4584,1000,6,1,1743551795,1743584832,0
LTE,470,2,8401,38437389,-1,90.2625,23.4597,1000,11,1,1743551795,1743584832,0
LTE,470,4,17381,32263686,-1,90.2613,23.4452,1000,21,1,1743551805,1743584833,0
LTE,470,2,8401,38461708,-1,90.2618,23.454,1000,15,1,1743551815,1743584832,0
LTE,470,2,8401,38437395,-1,90.2614,23.4492,1000,6,1,1743551845,1743584832,0
LTE,470,2,8401,261889846,-1,90.261,23.4373,1195,46,1,1743551855,1743584833,0
LTE,470,4,17381,32261379,-1,90.2609,23.435,1000,6,1,1743551905,1743584832,0
LTE,470,4,28092,45059584,-1,90.2594,23.4183,1731,21,1,1743551915,1743584833,0
LTE,470,4,28092,45059585,-1,90.254,23.4068,1000,14,1,1743552015,1743584833,0
LTE,470,4,28092,45059586,-1,90.2272,23.3972,2512,22,1,1743552055,1743584866,0
LTE,470,4,28092,46086146,-1,90.217,23.3983,1000,5,1,1743552195,1743584834,0
GSM,470,4,2303,20152,-1,90.2143,23.399,1000,6,1,1743552205,1743584834,0
GSM,470,4,2303,20153,-1,90.1792,23.4002,3738,23,1,1743552205,1743584835,0
UMTS,470,4,2303,20152,473,90.2119,23.399,1000,5,1,1743552215,1743584834,0
UMTS,470,4,2909,2182841,473,90.2024,23.3991,843,33,1,1743552225,1743584834,0
LTE,470,2,50040,202267151,-1,90.1981,23.3989,1000,22,1,1743552255,1743584834,0
LTE,470,2,50040,202254860,-1,90.1924,23.3983,1000,1,1,1743552325,1743552325,0
LTE,470,2,50040,202254863,-1,90.175,23.4001,1787,20,1,1743552345,1743584835,0
GSM,470,4,2303,20021,-1,90.1704,23.4006,1000,19,1,1743552358,1743584835,0
GSM,470,4,2303,20022,-1,90.1705,23.4005,844,33,1,1743552358,1743584835,0
GSM,470,4,2303,20053,-1,90.1731,23.4003,1000,15,1,1743552366,1743584835,0
GSM,470,4,2303,62323,-1,90.1706,23.4006,635,25,1,1743552366,1743584835,0
GSM,470,4,2303,20023,-1,90.166,23.4011,1000,15,1,1743552395,1743584835,0
LTE,470,2,50040,202262543,-1,90.167,23.401,1000,11,1,1743552395,1743584835,0
LTE,470,2,50040,202262544,-1,90.1634,23.4013,1000,5,1,1743552416,1743584835,0
UMTS,470,4,2909,2182709,74,90.1521,23.402,1000,21,1,1743552426,1743584835,0
LTE,470,2,50040,202260494,-1,90.1544,23.4021,1000,16,1,1743552426,1743584835,0
LTE,470,2,50040,202251280,-1,90.1563,23.4019,1000,15,1,1743552435,1743584835,0
LTE,470,2,50040,202260495,-1,90.1442,23.4016,1000,16,1,1743552485,1743584835,0
UMTS,470,4,2909,2182711,90,90.1308,23.3892,2753,39,1,1743552505,1743584836,0
LTE,470,2,50040,202255120,-1,90.1398,23.3996,1000,6,1,1743552515,1743584835,0
LTE,470,2,50040,202255118,-1,90.1379,23.3982,1000,6,1,1743552525,1743584835,0
LTE,470,2,50040,202255119,-1,90.1357,23.3956,1000,10,1,1743552535,1743584835,0
UMTS,470,4,2909,2182741,360,90.1202,23.378,1000,15,1,1743552635,1743584836,0
UMTS,470,4,2909,2182749,368,90.0977,23.372,2041,21,1,1743552665,1743584837,0
UMTS,470,4,2909,2182750,368,90.0852,23.3686,1000,13,1,1743552785,1743584837,0
UMTS,470,4,2909,2184799,480,90.04,23.3701,4080,21,1,1743552825,1743584871,0
LTE,470,2,50028,199749390,-1,90.0745,23.3687,1000,12,1,1743552825,1743584837,0
LTE,470,2,50028,199749392,-1,90.0665,23.3689,1000,15,1,1743552865,1743584837,0
LTE,470,2,50028,199741455,-1,90.0581,23.3693,1000,16,1,1743552895,1743584837,0
LTE,470,2,50028,199682062,-1,90.0462,23.3697,1156,13,1,1743552915,1743584838,0
LTE,470,2,50028,199684621,-1,90.0516,23.3695,1000,5,1,1743552935,1743584837,0
LTE,470,2,50028,199684630,-1,90.0481,23.3696,1000,9,1,1743552945,1743584838,0
LTE,470,2,50028,199682068,-1,90.0425,23.3698,1000,12,1,1743552965,1743584838,0
LTE,470,2,50028,199682069,-1,90.0347,23.3704,1000,5,1,1743553015,1743584838,0
UMTS,470,4,2909,2184220,12,90.0088,23.3762,2259,49,1,1743553065,1743584839,0
UMTS,470,4,2909,2202949,171,90.0275,23.3726,1000,2,1,1743553105,1743584838,0
LTE,470,4,28091,38401025,-1,90.0232,23.3739,1000,1,1,1743553185,1743553185,0
GSM,470,4,2303,20063,-1,90.0231,23.374,1000,1,1,1743553205,1743553205,0
GSM,470,4,2302,22132,-1,90.0231,23.374,1000,1,1,1743553205,1743553205,0
GSM,470,4,2302,21532,-1,90.0231,23.374,1000,1,1,1743553205,1743553205,0
UMTS,470,4,2303,46081794,12,90.0231,23.374,1000,1,1,1743553215,1743553215,0
UMTS,470,4,2909,2184820,440,90.023,23.374,1000,1,1,1743553225,1743553225,0
LTE,470,2,50028,199685136,-1,90.0156,23.3765,1000,3,1,1743553476,1743584838,0
LTE,470,2,50028,199685199,-1,90.0137,23.3771,1000,7,1,1743553496,1743584838,0
LTE,470,2,50028,199684118,-1,90.0095,23.3783,1000,12,1,1743553556,1743584839,0
LTE,470,2,50029,199685908,-1,89.9866,23.3731,1000,14,1,1743553726,1743584839,0
LTE,470,4,28091,38401026,-1,89.9774,23.3714,1000,9,1,1743553776,1743584839,0
LTE,470,2,50028,199712534,-1,89.9632,23.3693,1806,15,1,1743553776,1743584840,0
LTE,470,2,50029,199685960,-1,89.9658,23.3697,1046,20,1,1743553796,1743584839,0
LTE,470,4,48112,170499584,-1,89.9676,23.37,1000,15,1,1743553806,1743584840,0
UMTS,470,4,2909,2185050,20,89.956,23.3683,622,26,1,1743553856,1743584840,0
LTE,470,4,48112,169985280,-1,89.9417,23.366,1000,21,1,1743553906,1743584840,0
LTE,470,2,50029,199747344,-1,89.937,23.3653,1339,29,1,1743553906,1743584840,0
UMTS,470,4,2909,2185051,65,89.94,23.3658,1000,11,1,1743553936,1743584840,0
GSM,470,4,2302,21752,-1,89.9274,23.3638,1000,23,1,1743553976,1743584840,0
GSM,470,4,2302,22363,-1,89.9259,23.3636,1000,17,1,1743553987,1743584840,0
LTE,470,2,50029,199695631,-1,89.9238,23.3632,1000,8,1,1743554006,1743584840,0
GSM,470,4,4302,40311,-1,89.9223,23.363,1000,2,1,1743554017,1743584840,0
LTE,470,2,50029,207382544,-1,89.7292,23.2371,1000,18,1,1743555019,1743584840,0
UMTS,470,4,4901,2071897,53,89.7266,23.2346,1000,12,1,1743555069,1743584841,0
LTE,470,2,50041,207363598,-1,89.7222,23.2301,985,37,1,1743555109,1743584841,0
LTE,470,2,50029,207382541,-1,89.726,23.2335,1000,2,1,1743555229,1743584840,0
LTE,470,2,50041,207363595,-1,89.726,23.2333,1000,3,1,1743555269,1743584840,0
LTE,470,2,50029,207382550,-1,89.7258,23.2339,1000,1,1,1743555319,1743555319,0
UMTS,470,4,4901,2071898,61,89.7202,23.2281,1000,16,1,1743555469,1743584841,0
LTE,470,2,50041,207363604,-1,89.7229,23.231,1000,4,1,1743555479,1743584841,0
LTE,470,2,50041,207365647,-1,89.7221,23.2301,1000,2,1,1743555509,1743584841,0
LTE,470,2,50041,207365644,-1,89.7218,23.2298,1000,2,1,1743555519,1743584841,0
LTE,470,2,50041,207363600,-1,89.711,23.2185,750,28,1,1743555629,1743584881,0
LTE,470,2,50041,207366165,-1,89.7028,23.2108,1000,11,1,1743555719,1743584882,0
UMTS,470,4,2909,2071901,61,89.699,23.2083,1000,3,1,1743555759,1743584881,0
UMTS,470,4,4901,2184193,33,89.6982,23.2079,1000,1,1,1743555769,1743555769,0
LTE,470,2,50041,207366157,-1,89.6982,23.2079,1000,1,1,1743555769,1743555769,0
UMTS,470,4,2909,2075459,376,89.6982,23.2079,1000,1,1,1743555789,1743555789,0
UMTS,470,4,4901,2075459,376,89.6982,23.2079,1000,1,1,1743555799,1743555799,0
LTE,470,2,50041,207366166,-1,89.6982,23.2079,1000,1,1,1743555819,1743555819,0
GSM,470,4,4302,47002,-1,89.6982,23.2079,1000,1,1,1743555829,1743555829,0
GSM,470,4,4302,47003,-1,89.6982,23.2079,1000,1,1,1743555829,1743555829,0
LTE,470,2,50026,192016662,-1,89.6982,23.2079,1000,1,1,1743555849,1743555849,0
GSM,470,4,4342,45341,-1,89.6982,23.2079,1000,1,1,1743555880,1743555880,0
LTE,470,2,50026,192003861,-1,89.6982,23.2079,1000,1,1,1743555917,1743555917,0
UMTS,470,4,4901,2071902,69,89.6982,23.2079,1000,1,1,1743555947,1743555947,0
UMTS,470,4,4901,2076960,97,89.6982,23.2079,1000,1,1,1743555977,1743555977,0
UMTS,470,4,4901,2076957,97,89.6982,23.2079,1000,1,1,1743555997,1743555997,0
LTE,470,2,50026,192002582,-1,89.6982,23.2079,1000,1,1,1743555997,1743555997,0
LTE,470,2,50026,192019733,-1,89.6982,23.2079,1000,1,1,1743556017,1743556017,0
UMTS,470,4,4901,2071899,69,89.6982,23.2079,1000,1,1,1743556087,1743556087,0
GSM,470,4,4342,46072,-1,89.6982,23.2079,1000,1,1,1743556157,1743556157,0
GSM,470,4,4342,47552,-1,89.6982,23.2079,1000,1,1,1743556157,1743556157,0
GSM,470,2,7042,44066,-1,89.6982,23.2079,1000,1,1,1743556097,1743556097,0
GSM,470,2,7042,19261,-1,89.6982,23.2079,1000,1,1,1743556157,1743556157,0
GSM,470,4,4342,46071,-1,89.6982,23.2079,1000,1,1,1743556187,1743556187,0
GSM,470,4,4342,43641,-1,89.6982,23.2079,1000,1,1,1743556187,1743556187,0
GSM,470,2,7042,44044,-1,89.6982,23.2079,1000,1,1,1743556187,1743556187,0
GSM,470,2,7042,44045,-1,89.6982,23.2079,1000,1,1,1743556187,1743556187,0
GSM,470,2,7042,44059,-1,89.6982,23.2079,1000,1,1,1743556187,1743556187,0
LTE,470,2,50026,192006156,-1,89.6982,23.2079,1000,1,1,1743556197,1743556197,0
GSM,470,4,4342,47553,-1,89.6982,23.2079,1000,1,1,1743556207,1743556207,0
LTE,470,2,50026,192006159,-1,89.6982,23.2079,1000,1,1,1743556207,1743556207,0
LTE,470,2,50026,192006411,-1,89.6982,23.2079,1000,1,1,1743556227,1743556227,0
LTE,470,2,50026,192006422,-1,89.6982,23.2079,1000,1,1,1743556267,1743556267,0
LTE,470,2,50026,192011531,-1,89.6982,23.2079,1000,1,1,1743556317,1743556317,0
GSM,470,4,4342,46073,-1,89.6982,23.2079,1000,1,1,1743556357,1743556357,0
GSM,470,4,4342,46032,-1,89.4954,23.173,21083,6,1,1743556357,1743584884,0
GSM,470,4,4342,43192,-1,89.6982,23.2079,1000,1,1,1743556367,1743556367,0
LTE,470,2,50026,192017166,-1,89.6982,23.2079,1000,1,1,1743556367,1743556367,0
UMTS,470,4,4901,2075257,30,89.6982,23.2079,1000,1,1,1743556387,1743556387,0
LTE,470,2,50026,192008207,-1,89.6982,23.2079,1000,1,1,1743556387,1743556387,0
UMTS,470,4,4901,2079169,331,89.6982,23.2079,1000,1,1,1743556417,1743556417,0
LTE,470,2,50026,192011534,-1,89.6982,23.2079,1000,1,1,1743556447,1743556447,0
GSM,470,4,4342,41792,-1,89.6982,23.2079,1000,1,1,1743556477,1743556477,0
LTE,470,2,50026,192011535,-1,89.6982,23.2079,1000,1,1,1743556477,1743556477,0
LTE,470,2,50026,192011541,-1,89.6982,23.2079,1000,1,1,1743556497,1743556497,0
GSM,470,4,4342,43181,-1,89.6982,23.2079,1000,1,1,1743556527,1743556527,0
GSM,470,4,4342,41791,-1,89.6982,23.2079,1000,1,1,1743556527,1743556527,0
GSM,470,4,4342,41821,-1,89.6982,23.2079,1000,1,1,1743556527,1743556527,0
GSM,470,4,4342,43191,-1,89.6982,23.2079,1000,1,1,1743556527,1743556527,0
LTE,470,2,50026,192004619,-1,89.6982,23.2079,1000,1,1,1743556527,1743556527,0
GSM,470,2,7042,53823,-1,89.6982,23.2079,1000,1,1,1743556557,1743556557,0
GSM,470,4,4342,41803,-1,89.4844,23.1694,22262,20,1,1743556577,1743584883,0
LTE,470,2,50026,192012559,-1,89.6982,23.2079,1000,1,1,1743556577,1743556577,0
GSM,470,4,4342,41793,-1,89.4656,23.1668,2083,45,1,1743556617,1743584884,0
GSM,470,4,4342,41823,-1,89.4864,23.17,22058,14,1,1743556617,1743584883,0
LTE,470,2,50026,192008777,-1,89.6982,23.2079,1000,1,1,1743556627,1743556627,0
GSM,470,4,4342,43193,-1,89.4916,23.1727,21479,6,1,1743556647,1743584884,0
GSM,470,4,4342,41813,-1,89.6982,23.2079,1000,1,1,1743556647,1743556647,0
LTE,470,2,50026,192008718,-1,89.6982,23.2079,1000,1,1,1743556647,1743556647,0
GSM,470,4,4342,43642,-1,89.4614,23.1664,1509,50,1,1743556677,1743584884,0
LTE,470,2,50026,192008780,-1,89.6982,23.2079,1000,1,1,1743556677,1743556677,0
GSM,470,4,4342,41831,-1,89.5919,23.1888,11064,2,1,1743556697,1743584882,0
GSM,470,4,4342,46041,-1,89.4611,23.1664,2096,50,1,1743556697,1743584884,0
LTE,470,2,50026,192008783,-1,89.6982,23.2079,1000,1,1,1743556697,1743556697,0
GSM,470,4,4342,43183,-1,89.4746,23.1684,23269,24,1,1743556737,1743584884,0
LTE,470,2,50026,192008781,-1,89.4999,23.175,20596,13,1,1743556737,1743584883,0
LTE,470,4,47151,113667072,-1,89.6982,23.2079,1000,1,1,1743556887,1743556887,0
LTE,470,4,47151,112640258,-1,89.5636,23.1873,13949,3,1,1743556937,1743584882,0
LTE,470,4,47151,112645120,-1,89.4922,23.1739,1000,17,1,1743556957,1743584882,0
LTE,470,4,47151,113667074,-1,89.4941,23.1754,1000,5,1,1743556987,1743584882,0
LTE,470,4,47151,113925121,-1,89.4914,23.1733,1000,5,1,1743557027,1743584882,0
LTE,470,2,50026,192009293,-1,89.4884,23.1715,1000,22,1,1743557027,1743584882,0
GSM,470,4,4342,41833,-1,89.4543,23.166,3243,23,1,1743557121,1743584884,0
GSM,470,4,4342,41802,-1,89.4825,23.1684,1000,3,1,1743557140,1743584882,0
LTE,470,2,50026,192013389,-1,89.4754,23.1675,702,26,1,1743557147,1743584883,0
GSM,470,4,4342,46082,-1,89.4735,23.1673,1000,11,1,1743557180,1743584883,0
GSM,470,4,4342,46042,-1,89.4586,23.1662,1648,44,1,1743557188,1743584884,0
LTE,470,2,50026,192013390,-1,89.4623,23.1665,1000,16,1,1743557227,1743584883,0
GSM,470,4,4342,46033,-1,89.4519,23.1657,1000,17,1,1743557257,1743584884,0
GSM,470,2,7042,7145,-1,89.456,23.166,1000,7,1,1743557257,1743584884,0
GSM,470,2,7042,53784,-1,89.456,23.166,1000,7,1,1743557257,1743584884,0
GSM,470,2,7042,53835,-1,89.456,23.166,1000,7,1,1743557257,1743584884,0
LTE,470,2,50026,192013384,-1,89.4455,23.1653,851,25,1,1743557277,1743584884,0
UMTS,470,4,4901,2077660,102,89.442,23.165,1000,20,1,1743557307,1743584884,0
LTE,470,2,50026,192005961,-1,89.4268,23.1639,1240,29,1,1743557337,1743584885,0
UMTS,470,4,4901,2077662,118,89.4012,23.1621,1390,51,1,1743557347,1743584901,0
LTE,470,2,50026,192005964,-1,89.4162,23.1631,1000,5,1,1743557427,1743584885,0
LTE,470,2,50026,189523983,-1,89.3985,23.162,1665,30,1,1743557437,1743584885,0
LTE,470,2,50026,189478928,-1,89.3882,23.1612,1917,11,1,1743557487,1743584886,0
LTE,470,2,50026,189445644,-1,89.3945,23.1617,1000,11,1,1743557507,1743584885,0
UMTS,470,4,4901,2074278,8,89.3861,23.1613,1000,8,1,1743557547,1743584885,0
LTE,470,2,50026,189523989,-1,89.3816,23.161,1000,9,1,1743557567,1743584886,0
LTE,470,2,50026,189446421,-1,89.3778,23.1606,1000,6,1,1743557587,1743584886,0
LTE,470,2,50026,189469710,-1,89.3644,23.1576,1293,24,1,1743557597,1743584886,0
LTE,470,2,50026,189446415,-1,89.3682,23.1599,1000,6,1,1743557627,1743584886,0
UMTS,470,4,4901,2075018,134,89.3638,23.1586,1000,5,1,1743557647,1743584886,0
UMTS,470,4,4901,2074279,219,89.3594,23.1562,1000,14,1,1743557657,1743584886,0
GSM,470,2,7042,4083,-1,89.3525,23.1499,1000,12,1,1743557697,1743584886,0
UMTS,470,4,4901,2077267,219,89.3525,23.15,1000,3,1,1743557707,1743584886,0
GSM,470,2,7042,2562,-1,89.3525,23.15,1000,3,1,1743557707,1743584886,0
GSM,470,2,7042,7067,-1,89.3514,23.1489,1000,8,1,1743557707,1743584886,0
GSM,470,2,7042,42799,-1,89.3514,23.1489,1000,8,1,1743557707,1743584886,0
GSM,470,2,7010,57926,-1,89.3514,23.1489,1000,8,1,1743557707,1743584886,0
UMTS,470,4,4901,2072067,49,89.3432,23.1407,1033,25,1,1743557727,1743584886,0
LTE,470,2,50026,189504014,-1,89.3428,23.1403,1095,23,1,1743557727,1743584886,0
LTE,470,2,50026,189469712,-1,89.3478,23.1454,1000,5,1,1743557737,1743584886,0
LTE,470,2,50026,189522699,-1,89.3358,23.1331,1000,9,1,1743557807,1743584886,0
UMTS,470,4,4901,2072308,251,89.3333,23.1306,1000,4,1,1743557827,1743584886,0
LTE,470,2,50026,189459788,-1,89.33,23.1281,1000,10,1,1743557827,1743584887,0
LTE,470,4,47211,110089729,-1,89.3259,23.1264,1000,20,1,1743557837,1743584887,0
LTE,470,2,50026,189522708,-1,89.3316,23.1292,1000,5,1,1743557837,1743584886,0
LTE,470,2,50026,189522702,-1,89.3263,23.1261,1000,15,1,1743557847,1743584887,0
LTE,470,2,50026,189522703,-1,89.3161,23.1251,1000,13,1,1743557887,1743584887,0
LTE,470,4,47211,110089730,-1,89.3112,23.1251,1000,14,1,1743557907,1743584887,0
LTE,470,2,50025,189469454,-1,89.3078,23.1252,1000,14,1,1743557937,1743584887,0
GSM,470,4,4334,40693,-1,89.3047,23.1252,1000,1,1,1743557977,1743557977,0
GSM,470,4,4334,40602,-1,89.2778,23.1254,2751,28,1,1743558017,1743584888,0
LTE,470,2,50025,189469455,-1,89.3047,23.1252,1000,1,1,1743558017,1743558017,0
LTE,470,2,50025,189469461,-1,89.3047,23.1252,1000,1,1,1743558047,1743558047,0
LTE,470,2,50025,189457931,-1,89.295,23.1252,1000,4,1,1743558067,1743584887,0
LTE,470,2,50025,189457940,-1,89.289,23.1253,1000,10,1,1743558087,1743584887,0
LTE,470,2,50025,189457935,-1,89.284,23.1253,1000,12,1,1743558187,1743584887,0
LTE,470,2,50025,189457936,-1,89.2744,23.1256,1376,21,1,1743558287,1743584888,0
LTE,470,2,50025,189499406,-1,89.2684,23.1256,1000,11,1,1743558377,1743584888,0
LTE,470,2,50025,189518351,-1,89.2584,23.1287,1000,21,1,1743558417,1743584888,0
GSM,470,4,4334,40512,-1,89.2432,23.137,2502,31,1,1743558427,1743584898,0
LTE,470,2,50025,189518352,-1,89.2491,23.1339,1000,14,1,1743558497,1743584888,0
LTE,470,2,50025,189469964,-1,89.243,23.1372,1000,11,1,1743558537,1743584888,0
LTE,470,2,50025,189469968,-1,89.2387,23.1393,1000,7,1,1743558567,1743584888,0
LTE,470,2,50025,189469965,-1,89.2361,23.1408,1000,4,1,1743558587,1743584888,0
LTE,470,2,50025,189467147,-1,89.2338,23.142,1000,7,1,1743558597,1743584888,0
GSM,470,4,4334,42683,-1,89.2296,23.1439,1000,11,1,1743558617,1743584888,0
GSM,470,4,4334,40702,-1,89.2233,23.1471,1000,21,1,1743558617,1743584889,0
GSM,470,4,4334,40705,-1,89.2296,23.1439,1000,11,1,1743558617,1743584888,0
LTE,470,2,50025,189467157,-1,89.2288,23.1443,1000,14,1,1743558617,1743584888,0
GSM,470,4,4334,40706,-1,89.2285,23.1444,1000,7,1,1743558629,1743584888,0
LTE,470,2,50025,189461013,-1,89.2232,23.1472,1000,12,1,1743558657,1743584889,0
LTE,470,2,50025,189516299,-1,89.2183,23.1497,1000,11,1,1743558697,1743584889,0
GSM,470,2,7010,9214,-1,89.2165,23.1504,1000,4,1,1743558727,1743584889,0
GSM,470,2,7010,9215,-1,89.2153,23.1508,1000,4,1,1743558742,1743584889,0
GSM,470,2,7010,19924,-1,89.2153,23.1508,1000,4,1,1743558742,1743584889,0
GSM,470,2,7010,55903,-1,89.2158,23.1505,1000,1,1,1743558742,1743558742,0
GSM,470,2,7010,2553,-1,89.2158,23.1505,1000,1,1,1743558742,1743558742,0
GSM,470,4,4334,40663,-1,89.2024,23.1499,1333,22,1,1743558747,1743584889,0
LTE,470,2,50025,189523727,-1,89.2149,23.1511,1000,1,1,1743558757,1743558757,0
LTE,470,2,50025,189468939,-1,89.2144,23.1512,1000,1,1,1743558777,1743558777,0
LTE,470,2,50025,189460235,-1,89.2093,23.1539,1000,9,1,1743558877,1743584889,0
LTE,470,2,50025,189460246,-1,89.2046,23.1526,1000,17,1,1743559377,1743584889,0
LTE,470,2,50025,189460237,-1,89.2051,23.155,1000,5,1,1743559417,1743584889,0
LTE,470,2,50025,189510216,-1,89.204,23.1515,1000,2,1,1743559527,1743584889,0
LTE,470,2,50025,189468941,-1,89.2024,23.1487,1000,2,1,1743559567,1743584889,0
LTE,470,2,50025,189475854,-1,89.1988,23.1456,1000,20,1,1743559577,1743584889,0
LTE,470,4,47211,111104258,-1,89.1941,23.1437,1000,10,1,1743559978,1743584889,0
LTE,470,2,50025,189475856,-1,89.195,23.1437,1000,3,1,1743560187,1743584889,0
LTE,470,2,50025,189475862,-1,89.1925,23.1434,1000,10,1,1743560207,1743584889,0
LTE,470,4,47211,110089473,-1,89.1902,23.1426,1000,11,1,1743560288,1743584890,0
LTE,470,2,50025,189458955,-1,89.1893,23.1422,1000,7,1,1743560318,1743584890,0
LTE,470,2,50025,189458964,-1,89.1894,23.1422,1000,2,1,1743560348,1743584889,0
LTE,470,4,47211,110089472,-1,89.1794,23.1392,1470,18,1,1743560508,1743584890,0
LTE,470,2,50025,189458956,-1,89.1844,23.1412,1000,15,1,1743560518,1743584890,0
LTE,470,2,50025,189458965,-1,89.1795,23.1405,1000,6,1,1743560578,1743584890,0
LTE,470,4,47211,110081024,-1,89.1741,23.1384,1000,19,1,1743560598,1743584890,0
LTE,470,2,50025,189498638,-1,89.1746,23.1388,1000,16,1,1743560598,1743584890,0
LTE,470,2,50025,189522447,-1,89.1709,23.1364,1000,3,1,1743560658,1743584890,0
LTE,470,2,50025,189516558,-1,89.1686,23.1344,1000,10,1,1743560668,1743584890,0
GSM,470,4,4334,40684,-1,89.1585,23.1299,1000,19,1,1743560708,1743584890,0
LTE,470,2,50025,189516559,-1,89.1616,23.1306,1000,19,1,1743560708,1743584890,0
GSM,470,4,4334,40643,-1,89.1583,23.1294,1000,9,1,1743560758,1743584890,0
LTE,470,2,50025,189513238,-1,89.1584,23.1294,1000,3,1,1743560768,1743584890,0
LTE,470,2,50025,189513232,-1,89.1557,23.129,1000,6,1,1743560778,1743584890,0
GSM,470,4,4334,40646,-1,89.1536,23.1287,1000,6,1,1743560798,1743584890,0
GSM,470,4,4334,40503,-1,89.1529,23.1286,1000,3,1,1743560808,1743584890,0
LTE,470,2,50025,189466639,-1,89.1515,23.1284,1000,8,1,1743560808,1743584890,0
GSM,470,4,4334,40762,-1,89.128,23.1198,2510,50,1,1743560828,1743584891,0
GSM,470,4,4332,45683,-1,89.1353,23.1233,1715,43,1,1743560828,1743584891,0
LTE,470,2,50025,189462798,-1,89.1444,23.127,1000,10,1,1743560838,1743584891,0
LTE,470,2,50025,189462800,-1,89.1341,23.1234,730,28,1,1743560918,1743584891,0
LTE,470,2,50025,189452308,-1,89.1238,23.1186,1000,18,1,1743561058,1743584891,0
GSM,470,4,4332,45671,-1,89.1259,23.1194,1000,3,1,1743561076,1743584891,0
GSM,470,4,4332,45682,-1,89.1229,23.1183,1000,14,1,1743561089,1743584891,0
LTE,470,2,50025,189452299,-1,89.1179,23.1148,1000,12,1,1743561158,1743584891,0
LTE,470,2,50025,189452302,-1,89.114,23.1115,1000,11,1,1743561198,1743584891,0
LTE,470,2,50025,189452310,-1,89.1096,23.1082,1000,12,1,1743561228,1743584891,0
LTE,470,2,50025,189450570,-1,89.1048,23.1046,1000,8,1,1743561268,1743584891,0
GSM,470,4,4332,42641,-1,89.0987,23.1007,5146,37,1,1743561288,1743584892,0
LTE,470,2,50025,189450507,-1,89.1048,23.1046,1000,7,1,1743561288,1743584891,0
GSM,470,4,4332,40531,-1,89.1046,23.1044,1000,2,1,1743561309,1743584891,0
GSM,470,4,4332,42642,-1,89.1046,23.1044,1000,2,1,1743561309,1743584891,0
GSM,470,4,4332,40533,-1,89.1046,23.1044,1000,2,1,1743561309,1743584891,0
LTE,470,4,47161,110084097,-1,89.1021,23.1027,1000,13,1,1743561318,1743584891,0
LTE,470,2,50025,189450567,-1,89.1013,23.1021,1000,5,1,1743561348,1743584891,0
LTE,470,2,50025,189450569,-1,89.0994,23.1006,1000,9,1,1743561368,1743584892,0
LTE,470,4,47161,111109120,-1,89.0998,23.1009,1000,3,1,1743561388,1743584891,0
LTE,470,4,47161,111109122,-1,89.0964,23.0989,1000,15,1,1743561448,1743584892,0
LTE,470,2,50025,189450568,-1,89.0964,23.0988,1000,7,1,1743561468,1743584892,0
LTE,470,2,50025,189450517,-1,89.0942,23.0979,1000,3,1,1743561508,1743584892,0
LTE,470,2,50025,189450511,-1,89.0934,23.0975,1000,2,1,1743561528,1743584892,0
GSM,470,4,4332,42643,-1,89.0902,23.0967,1000,4,1,1743561538,1743584892,0
LTE,470,2,50025,189503246,-1,89.0902,23.0967,1000,4,1,1743561548,1743584892,0
LTE,470,2,50025,189503248,-1,89.0886,23.0963,1000,1,1,1743561578,1743561578,0
LTE,470,2,50025,189503253,-1,89.0886,23.0963,1000,1,1,1743561598,1743561598,0
LTE,470,2,50025,189504524,-1,89.0886,23.0963,1000,1,1,1743561608,1743561608,0
GSM,470,4,4332,40722,-1,89.0628,23.084,2961,4,1,1743561688,1743584892,0
LTE,470,2,50025,189479435,-1,89.0886,23.0963,1000,1,1,1743561688,1743561688,0
GSM,470,4,4332,42092,-1,89.0711,23.0882,2002,2,1,1743561728,1743584892,0
GSM,470,4,4332,47392,-1,89.0886,23.0963,1000,1,1,1743561728,1743561728,0
GSM,470,4,4332,40532,-1,89.0886,23.0963,1000,1,1,1743561728,1743561728,0
LTE,470,2,50025,189479444,-1,89.0886,23.0963,1000,1,1,1743561728,1743561728,0
GSM,470,4,4332,40721,-1,89.0628,23.084,2961,4,1,1743561748,1743584892,0
LTE,470,2,50025,189479439,-1,89.0886,23.0963,1000,1,1,1743561768,1743561768,0
LTE,470,2,50025,189450766,-1,89.0886,23.0963,1000,1,1,1743561828,1743561828,0
GSM,470,4,4332,40723,-1,89.061,23.0833,3170,5,1,1743561868,1743584892,0
LTE,470,2,50025,189450768,-1,89.0716,23.0882,1957,2,1,1743561868,1743584892,0
LTE,470,2,50025,189450774,-1,89.0541,23.0799,1000,2,1,1743561938,1743584892,0
LTE,470,2,50025,189450765,-1,89.0536,23.0801,1000,1,1,1743561978,1743561978,0
LTE,470,2,50025,189452044,-1,89.0536,23.0801,1000,1,1,1743562028,1743562028,0
LTE,470,2,50025,189480468,-1,89.0536,23.0801,1000,1,1,1743562058,1743562058,0
LTE,470,2,50025,189509132,-1,89.0536,23.0801,1000,1,1,1743562138,1743562138,0
LTE,470,2,50025,189476620,-1,89.0536,23.0801,1000,1,1,1743562168,1743562168,0
LTE,470,2,50025,189470484,-1,89.0536,23.0801,1000,1,1,1743562248,1743562248,0
LTE,470,2,50025,189470475,-1,89.0177,23.0653,4024,3,1,1743562298,1743584892,0
GSM,470,2,7010,42607,-1,89.0101,23.0618,4897,6,1,1743562308,1743584892,0
GSM,470,2,7010,42608,-1,89.0011,23.0581,1000,4,1,1743562330,1743584892,0
GSM,470,2,7010,42609,-1,89.0011,23.0581,1000,4,1,1743562330,1743584892,0
LTE,470,2,50025,189470476,-1,88.9996,23.0565,1000,7,1,1743562368,1743584892,0
GSM,470,4,4332,40572,-1,88.9999,23.056,1000,1,1,1743562648,1743562648,0
GSM,470,4,4332,40573,-1,88.9999,23.056,1000,1,1,1743562648,1743562648,0
GSM,470,4,4332,40571,-1,88.9999,23.056,1000,1,1,1743562698,1743562698,0
LTE,470,2,50025,189470485,-1,88.9999,23.056,1000,1,1,1743562698,1743562698,0
LTE,470,1,56541,27443488,-1,90.5113,23.5606,1000,5,1,1744713114,1744713125,0
LTE,470,1,56541,25990944,-1,90.5111,23.5604,1000,1,1,1744713114,1744713114,0
LTE,470,1,56541,27269132,-1,90.5109,23.5604,1000,2,1,1744713114,1744713125,0
LTE,470,1,49641,78565389,-1,91.855,24.8833,1000,1,1,1745082272,1745082272,0
LTE,470,2,44013,79426829,-1,91.855,24.8833,1000,1,1,1745082272,1745082272,0
LTE,470,2,9508,117770253,-1,92.2248,22.1982,1000,1,1,1745331595,1745331595,0
LTE,470,1,49341,40891403,-1,91.556,25.0505,1000,2,1,1745932929,1757683921,0
LTE,470,2,8425,33974035,-1,90.3762,23.7526,1000,2,1,1746313798,1764408963,0
LTE,470,4,17191,25610754,-1,90.3764,23.7524,1000,3,1,1746313798,1746404721,0
LTE,470,2,8425,33341197,-1,90.377,23.7532,1000,11,1,1746313817,1764640682,0
LTE,470,4,17191,25659139,-1,90.3775,23.7525,1000,3,1,1746313837,1746404721,0
LTE,470,2,8425,33341195,-1,90.3784,23.7517,1000,12,1,1746313877,1764640682,0
GSM,470,4,1219,34143,-1,90.3752,23.7542,1000,9,1,1746313907,1747832281,0
GSM,470,4,1222,35382,-1,90.376,23.7493,1000,18,1,1746313907,1747832282,0
GSM,470,4,1219,34032,-1,90.3786,23.7516,1000,3,1,1746313897,1746404721,0
GSM,470,4,1219,34033,-1,90.3758,23.7519,1000,11,1,1746313907,1747832282,0
LTE,470,2,8425,33974033,-1,90.3789,23.7517,1000,3,1,1746313907,1746404721,0
GSM,470,4,1219,34142,-1,90.3801,23.7522,1000,10,1,1746313917,1746596763,0
GSM,470,4,1219,34141,-1,90.3799,23.7521,1000,6,1,1746313917,1746404721,0
GSM,470,4,1222,35481,-1,90.3804,23.7523,1000,11,1,1746313917,1746596763,0
LTE,470,2,8425,34029075,-1,90.3798,23.752,1000,2,1,1746313927,1746404721,0
GSM,470,4,1222,35453,-1,90.3809,23.7525,1000,7,1,1746313947,1746596763,0
LTE,470,2,8425,33974547,-1,90.3806,23.7523,1000,7,1,1746313957,1764408963,0
GSM,470,4,1222,35563,-1,90.3811,23.7525,1000,4,1,1746313967,1746596763,0
LTE,470,2,8431,34097682,-1,90.3825,23.7527,1000,6,1,1746313967,1764513782,0
GSM,470,4,1222,35561,-1,90.3809,23.7525,1000,1,1,1746313977,1746313977,0
LTE,470,2,8431,34508818,-1,90.3809,23.7525,1000,1,1,1746313977,1746313977,0
GSM,470,4,1222,35452,-1,90.3809,23.7525,1000,2,1,1746313987,1746404721,0
GSM,470,4,1222,35483,-1,90.3809,23.7525,1000,1,1,1746313997,1746313997,0
LTE,470,2,8425,33342221,-1,90.3813,23.7526,1000,4,1,1746314027,1764513782,0
LTE,470,4,17221,25650693,-1,90.3841,23.7525,1000,8,1,1746341158,1746596763,0
GSM,470,2,1328,3073,-1,90.3857,23.7521,1000,6,1,1746341158,1746404721,0
GSM,470,2,1328,3072,-1,90.3852,23.7523,1000,8,1,1746341158,1764210841,0
GSM,470,2,1328,3074,-1,90.3856,23.7521,1000,11,1,1746341158,1764469754,0
LTE,470,4,17221,25659910,-1,90.3845,23.7516,1000,9,1,1746341564,1746404721,0
GSM,470,2,108,3464,-1,90.3861,23.7518,1000,3,1,1746341564,1746404721,0
LTE,470,4,17221,25615620,-1,90.387,23.7513,1000,1,1,1746341604,1746341604,0
GSM,470,2,1328,882,-1,90.3871,23.7513,1000,4,1,1746341604,1764945601,0
GSM,470,2,1328,883,-1,90.387,23.7513,1000,1,1,1746341624,1746341624,0
GSM,470,4,1222,35533,-1,90.387,23.7513,1000,1,1,1746341634,1746341634,0
GSM,470,4,1222,35401,-1,90.3867,23.7513,1000,4,1,1746341634,1746404721,0
GSM,470,4,1222,35601,-1,90.387,23.7512,1000,1,1,1746341794,1746341794,0
GSM,470,4,1222,35433,-1,90.3867,23.7513,1000,2,1,1746341794,1746404721,0
GSM,470,4,1221,34913,-1,90.387,23.7512,1000,1,1,1746341794,1746341794,0
LTE,470,2,8425,33977619,-1,90.3867,23.7513,1000,2,1,1746341794,1746404721,0
GSM,470,4,1222,35572,-1,90.3864,23.7513,1000,1,1,1746342174,1746342174,0
LTE,470,2,8431,34096146,-1,90.3864,23.7514,1000,10,1,1746342174,1764642902,0
LTE,470,4,17221,25622534,-1,90.3863,23.7514,1000,1,1,1746342184,1746342184,0
LTE,470,2,8425,33980177,-1,90.3846,23.7525,1000,8,1,1746342284,1764642902,0
LTE,470,4,17221,25615366,-1,90.3833,23.7528,1000,2,1,1746342324,1746404721,0
LTE,470,4,17221,25676804,-1,90.3812,23.7526,1000,6,1,1746342364,1746596763,0
LTE,470,4,17221,25650694,-1,90.3796,23.752,1000,5,1,1746342404,1746404721,0
LTE,470,2,8425,33974058,-1,90.3793,23.7507,1000,10,1,1746342434,1746986583,0
LTE,470,4,17191,25610757,-1,90.3766,23.7521,1000,12,1,1746342444,1746596763,0
LTE,470,4,17191,25610756,-1,90.3777,23.7522,1000,8,1,1746342484,1746596763,0
LTE,470,4,17241,25739782,-1,90.3773,23.7528,1000,1,1,1746342584,1746342584,0
LTE,470,4,17191,25659142,-1,90.3771,23.7527,1000,3,1,1746342594,1746596763,0
LTE,470,4,17191,25610758,-1,90.3755,23.7518,1000,3,1,1746342674,1746404722,0
LTE,470,2,8425,33974034,-1,90.3751,23.7515,1000,4,1,1746342684,1746404722,0
LTE,470,4,17241,26883076,-1,90.3748,23.7514,1000,3,1,1746342704,1746596763,0
LTE,470,4,17221,25610500,-1,90.3741,23.7504,1000,15,1,1746342714,1746986582,0
LTE,470,2,8425,33974803,-1,90.3735,23.7509,1000,6,1,1746342714,1746404722,0
LTE,470,4,17191,25702149,-1,90.3716,23.7493,1000,11,1,1746342774,1746986582,0
LTE,470,2,8425,33974802,-1,90.3708,23.7499,1000,10,1,1746342794,1746404722,0
LTE,470,4,17241,26780165,-1,90.3695,23.7486,1000,5,1,1746342994,1746596763,0
LTE,470,4,17191,25610245,-1,90.3698,23.7492,1000,15,1,1746343014,1746986582,0
LTE,470,2,8425,33975057,-1,90.3691,23.7491,1000,4,1,1746343014,1746404722,0
LTE,470,2,8425,34371346,-1,90.3684,23.7493,1000,6,1,1746343094,1746634082,0
LTE,470,2,8424,33350667,-1,90.3696,23.7474,1000,4,1,1746343134,1746404722,0
LTE,470,4,17241,25678596,-1,90.371,23.7467,1000,11,1,1746343154,1746986582,0
LTE,470,2,8424,33340172,-1,90.3702,23.7475,1000,9,1,1746343174,1746634082,0
LTE,470,4,17241,25678593,-1,90.3711,23.7457,1000,12,1,1746343194,1746634082,0
LTE,470,2,8424,33354763,-1,90.3704,23.7459,1000,13,1,1746343194,1746634082,0
LTE,470,4,17241,26780162,-1,90.3702,23.7456,1000,1,1,1746343234,1746343234,0
LTE,470,4,17241,25626626,-1,90.3688,23.7448,1000,13,1,1746343254,1746596763,0
LTE,470,2,8424,33354765,-1,90.369,23.745,1000,3,1,1746343274,1746404722,0
LTE,470,2,8424,33340942,-1,90.3682,23.7448,1000,2,1,1746343334,1746404722,0
LTE,470,2,8424,33340947,-1,90.3673,23.7439,1000,7,1,1746343354,1746404722,0
LTE,470,4,17241,25626627,-1,90.367,23.7436,1000,7,1,1746343514,1746596763,0
LTE,470,2,8424,33408275,-1,90.3666,23.7425,1000,5,1,1746343594,1746404722,0
LTE,470,4,17241,25655043,-1,90.3665,23.742,1000,7,1,1746343604,1746596763,0
LTE,470,4,17241,25697285,-1,90.3653,23.7414,1000,6,1,1746343614,1746634082,0
LTE,470,4,17241,25655046,-1,90.3668,23.7415,1000,8,1,1746343634,1746634082,0
LTE,470,2,8424,33408274,-1,90.3662,23.7414,1000,6,1,1746343644,1746404723,0
LTE,470,4,17241,25633283,-1,90.3663,23.7412,1000,2,1,1746343684,1746596762,0
LTE,470,4,17241,25697025,-1,90.3649,23.741,1000,5,1,1746343704,1746634081,0
LTE,470,2,8424,33974291,-1,90.3649,23.7408,1000,5,1,1746343724,1746634082,0
LTE,470,2,8424,33409036,-1,90.3634,23.7413,1000,7,1,1746343764,1746596762,0
LTE,470,4,17241,25697283,-1,90.3617,23.7422,1000,5,1,1746343824,1746404723,0
LTE,470,4,17241,25640450,-1,90.3627,23.7413,1000,6,1,1746343864,1746404723,0
LTE,470,4,17241,25640451,-1,90.3608,23.7415,1000,4,1,1746343965,1746404723,0
LTE,470,2,8432,34471947,-1,90.3608,23.7414,1000,2,1,1746343975,1746404723,0
LTE,470,2,8432,33347084,-1,90.3602,23.7422,1000,6,1,1746343995,1746404723,0
LTE,470,4,17241,26637827,-1,90.3593,23.7455,1000,13,1,1746344015,1746404723,0
LTE,470,2,8432,34230795,-1,90.3597,23.744,1000,7,1,1746344034,1746404723,0
LTE,470,4,17191,25808130,-1,90.359,23.747,1000,9,1,1746344055,1746404723,0
LTE,470,2,8424,33410061,-1,90.3593,23.7458,1000,5,1,1746344105,1746404723,0
LTE,470,2,8432,33520908,-1,90.3589,23.7475,1000,5,1,1746344145,1746404723,0
LTE,470,2,8108,33513228,-1,90.3583,23.7499,1000,8,1,1746344245,1746404723,0
LTE,470,4,17191,25808131,-1,90.3579,23.7511,1000,6,1,1746344275,1746404723,0
LTE,470,2,8108,34425867,-1,90.3575,23.7529,1000,7,1,1746344295,1746404723,0
LTE,470,4,17191,25917955,-1,90.3574,23.7533,1000,5,1,1746344305,1746404723,0
LTE,470,4,17191,25621763,-1,90.3564,23.7552,1000,11,1,1746344335,1746404724,0
LTE,470,2,8108,34477580,-1,90.3576,23.7548,1000,5,1,1746344345,1746404723,0
LTE,470,4,17191,25621761,-1,90.3582,23.7554,1000,6,1,1746344385,1746404723,0
LTE,470,2,8108,34477584,-1,90.3586,23.7557,1000,4,1,1746344445,1759752361,0
LTE,470,2,8108,33519628,-1,90.358,23.7554,1000,1,1,1746344425,1746344425,0
LTE,470,4,17191,25853955,-1,90.358,23.7564,1000,14,1,1746344485,1746404724,0
LTE,470,2,8108,33511184,-1,90.359,23.7567,1000,8,1,1746344505,1746404724,0
LTE,470,2,8108,33519631,-1,90.3572,23.7562,1000,10,1,1746344565,1746404724,0
LTE,470,2,8108,34477583,-1,90.356,23.7554,1000,6,1,1746344715,1746404724,0
LTE,470,4,17191,25853953,-1,90.3597,23.7578,1000,4,1,1746344995,1746404724,0
LTE,470,4,17191,25758978,-1,90.3599,23.7572,1000,4,1,1746345005,1746404724,0
LTE,470,2,8108,258587434,-1,90.3609,23.7574,1000,22,1,1746345075,1759752361,0
LTE,470,4,17191,26654209,-1,90.3601,23.7602,1000,17,1,1746345275,1747671661,0
LTE,470,2,8108,33514510,-1,90.36,23.7594,1000,3,1,1746345275,1746634082,0
LTE,470,2,8108,34040337,-1,90.3604,23.7598,1000,5,1,1746345405,1746556862,0
GSM,470,4,1219,34361,-1,90.3598,23.7597,1000,3,1,1746345495,1747671661,0
GSM,470,4,1219,34301,-1,90.3598,23.7597,1000,3,1,1746345495,1747671661,0
GSM,470,2,107,321,-1,90.3598,23.7597,1000,3,1,1746345495,1747671661,0
LTE,470,4,17191,25636612,-1,90.3614,23.7608,1000,7,1,1746529902,1750001523,0
LTE,470,2,8108,34402577,-1,90.3614,23.7611,1000,10,1,1746529902,1746986582,0
LTE,470,2,8108,34402571,-1,90.3616,23.761,1000,3,1,1746530302,1746556862,0
LTE,470,2,8108,33517325,-1,90.3618,23.7604,1000,2,1,1746530512,1746556862,0
LTE,470,2,8108,33517323,-1,90.3622,23.7593,1000,2,1,1746530632,1746634082,0
LTE,470,2,8108,34042385,-1,90.362,23.76,1000,1,1,1746531232,1746531232,0
LTE,470,2,8108,34042387,-1,90.3614,23.76,1000,2,1,1746531312,1746556862,0
LTE,470,4,17191,25667078,-1,90.3608,23.7606,1000,9,1,1746531392,1750001523,0
LTE,470,4,17191,26654212,-1,90.36,23.7596,1000,7,1,1746531482,1750001523,0
LTE,470,2,8108,34396177,-1,90.3601,23.7608,1000,9,1,1746531502,1746986582,0
LTE,470,4,17191,26654213,-1,90.3598,23.7601,1000,2,1,1746531512,1746556862,0
LTE,470,4,17191,25636614,-1,90.3614,23.7584,1000,7,1,1746574319,1747671661,0
LTE,470,2,8108,34402578,-1,90.3604,23.7593,1000,10,1,1746574312,1746986582,0
LTE,470,2,8108,34042386,-1,90.3609,23.7583,1000,2,1,1746574339,1746986582,0
LTE,470,4,17191,25758981,-1,90.3609,23.7578,1000,4,1,1746574359,1747671661,0
LTE,470,2,8108,33511187,-1,90.3609,23.7579,1000,5,1,1746574359,1746986582,0
LTE,470,4,17191,25853957,-1,90.362,23.7575,1000,9,1,1746574379,1750001523,0
LTE,470,2,8108,33511185,-1,90.3625,23.7564,1000,6,1,1746574379,1746986582,0
LTE,470,4,17191,25759236,-1,90.3612,23.7569,1000,8,1,1746574439,1747671661,0
LTE,470,2,8108,34043667,-1,90.3617,23.7548,1000,2,1,1746574659,1746596762,0
LTE,470,4,17191,25759238,-1,90.3618,23.7544,1000,5,1,1746574659,1746596762,0
LTE,470,2,8108,34043666,-1,90.3623,23.7529,1000,9,1,1746574679,1746596762,0
LTE,470,4,17191,25673220,-1,90.3622,23.7524,1000,5,1,1746574709,1746596762,0
LTE,470,4,17191,25673221,-1,90.3626,23.7513,1000,7,1,1746574759,1746596762,0
LTE,470,2,8108,33521425,-1,90.3622,23.7511,1000,4,1,1746574789,1746596762,0
LTE,470,2,8108,33512460,-1,90.3627,23.7513,1000,2,1,1746574799,1746596762,0
LTE,470,2,8108,33521419,-1,90.3622,23.7512,1000,1,1,1746574829,1746574829,0
LTE,470,4,17191,25673222,-1,90.3619,23.7508,1000,2,1,1746574859,1746596762,0
LTE,470,2,8108,33521426,-1,90.3623,23.7488,1000,11,1,1746574869,1746596762,0
LTE,470,4,17241,25737222,-1,90.3622,23.7492,1000,7,1,1746574879,1746596762,0
LTE,470,4,17241,25737221,-1,90.3624,23.7473,1000,3,1,1746574979,1746596762,0
LTE,470,4,17241,25697284,-1,90.3628,23.7454,1000,7,1,1746575009,1746596762,0
LTE,470,2,8424,34417427,-1,90.3624,23.7461,1000,4,1,1746575009,1746596762,0
LTE,470,2,8424,34417426,-1,90.3632,23.7449,1000,6,1,1746575049,1746596762,0
LTE,470,4,17241,25697286,-1,90.3636,23.7424,1000,8,1,1746575129,1746596762,0
LTE,470,2,8424,33975571,-1,90.3634,23.7434,1000,3,1,1746575129,1746596762,0
LTE,470,2,8424,34005521,-1,90.3637,23.7416,1000,9,1,1746575169,1746596762,0
LTE,470,4,17241,25640452,-1,90.3634,23.7416,1000,1,1,1746575209,1746575209,0
LTE,470,4,17241,25640453,-1,90.3636,23.7413,1000,2,1,1746575219,1746596762,0
LTE,470,4,17241,25697028,-1,90.3652,23.7411,1000,10,1,1746575349,1746634082,0
LTE,470,2,8424,34005522,-1,90.3647,23.7412,1000,1,1,1746575369,1746575369,0
LTE,470,2,8424,33341453,-1,90.3651,23.7409,1000,11,1,1746575509,1746634082,0
LTE,470,2,8424,33408268,-1,90.3668,23.7415,1000,8,1,1746575589,1746634082,0
LTE,470,2,8424,33408269,-1,90.3666,23.7431,1000,6,1,1746575659,1746596763,0
LTE,470,4,17241,25655041,-1,90.3664,23.7429,1000,1,1,1746575679,1746575679,0
LTE,470,2,8424,33340941,-1,90.368,23.7444,1000,7,1,1746575749,1746596763,0
LTE,470,2,8424,33354764,-1,90.3695,23.7451,1000,3,1,1746575849,1746596763,0
LTE,470,2,8425,33845261,-1,90.3709,23.7464,1000,4,1,1746575949,1746634082,0
LTE,470,2,8425,33342987,-1,90.3697,23.7489,1000,13,1,1746576029,1746986582,0
LTE,470,2,8425,34371339,-1,90.372,23.7488,1000,11,1,1746576079,1746986582,0
LTE,470,2,8425,33338892,-1,90.3723,23.7496,1000,6,1,1746576089,1746596763,0
LTE,470,2,8425,33342476,-1,90.3736,23.7509,1000,5,1,1746576189,1746596763,0
LTE,470,2,8425,33342477,-1,90.3747,23.7514,1000,2,1,1746576249,1746596763,0
LTE,470,2,8425,33341196,-1,90.3755,23.7519,1000,3,1,1746576269,1746596763,0
LTE,470,2,8425,34029072,-1,90.3812,23.7526,1000,2,1,1746576509,1746596763,0
LTE,470,2,5001,33690126,-1,90.3815,23.7526,1000,1,1,1746576519,1746576519,0
LTE,470,4,17241,25697030,-1,90.3647,23.7408,1000,3,1,1746609123,1746634082,0
LTE,470,2,8432,33407763,-1,90.3647,23.7406,1000,1,1,1746609153,1746609153,0
GSM,470,4,1243,36133,-1,90.3647,23.7406,1000,1,1,1746610002,1746610002,0
GSM,470,4,1243,36143,-1,90.3647,23.7406,1000,1,1,1746610002,1746610002,0
GSM,470,4,1243,36131,-1,90.3647,23.7406,1000,1,1,1746610212,1746610212,0
GSM,470,4,1243,36142,-1,90.3647,23.7406,1000,1,1,1746610212,1746610212,0
GSM,470,4,1243,36063,-1,90.3647,23.7406,1000,1,1,1746610212,1746610212,0
GSM,470,4,1243,36201,-1,90.3647,23.7406,1000,1,1,1746610212,1746610212,0
GSM,470,4,1243,36132,-1,90.3647,23.7406,1000,1,1,1746610212,1746610212,0
GSM,470,4,1243,12411,-1,90.3647,23.7406,1000,1,1,1746610422,1746610422,0
GSM,470,4,1243,36203,-1,90.3647,23.7406,1000,1,1,1746610422,1746610422,0
GSM,470,4,1245,37011,-1,90.3647,23.7406,1000,1,1,1746610422,1746610422,0
GSM,470,4,1243,36121,-1,90.3647,23.7406,1000,1,1,1746610422,1746610422,0
LTE,470,4,17241,25697027,-1,90.3647,23.7406,1000,2,1,1746611862,1746634082,0
LTE,470,4,17241,25655044,-1,90.3686,23.7419,1000,5,1,1746612322,1746634082,0
LTE,470,2,8424,34407180,-1,90.3681,23.7418,1000,2,1,1746612322,1746634082,0
LTE,470,2,8424,34407181,-1,90.3691,23.7427,1000,8,1,1746612362,1746634082,0
LTE,470,4,17241,25740038,-1,90.3696,23.7424,1000,1,1,1746612502,1746612502,0
LTE,470,4,17241,25626629,-1,90.3695,23.7435,1000,8,1,1746612512,1746634082,0
LTE,470,2,8424,33340939,-1,90.37,23.7437,1000,7,1,1746612582,1746634082,0
LTE,470,4,17241,25678597,-1,90.3715,23.7437,1000,6,1,1746612672,1746634082,0
LTE,470,2,8424,33351181,-1,90.3712,23.7436,1000,1,1,1746612692,1746612692,0
LTE,470,2,8424,33975827,-1,90.372,23.7447,1000,11,1,1746612712,1746634082,0
LTE,470,4,17241,25678594,-1,90.3725,23.7441,1000,1,1,1746612772,1746612772,0
LTE,470,4,17241,25678598,-1,90.3701,23.7468,1000,4,1,1746612902,1746634082,0
LTE,470,4,17191,25610246,-1,90.3684,23.7493,1000,9,1,1746612922,1746634082,0
LTE,470,2,8424,33350669,-1,90.3689,23.7485,1000,5,1,1746612942,1746634082,0
LTE,470,2,8425,33975058,-1,90.3672,23.7511,1000,5,1,1746613012,1746634082,0
LTE,470,4,17191,25610244,-1,90.3667,23.7523,1000,5,1,1746613052,1746634082,0
LTE,470,2,8108,34041117,-1,90.3664,23.753,1000,2,1,1746613102,1746634082,0
LTE,470,4,17191,25759237,-1,90.365,23.7544,1000,9,1,1746613112,1746634082,0
LTE,470,2,8108,33512459,-1,90.3651,23.7541,1000,2,1,1746613132,1746634082,0
LTE,470,2,8108,33520395,-1,90.3644,23.7553,1000,7,1,1746613142,1746634082,0
LTE,470,4,17191,25722374,-1,90.3639,23.7571,1000,11,1,1746613202,1750001522,0
LTE,470,2,8108,33519116,-1,90.3637,23.7572,1000,8,1,1746613222,1750001522,0
LTE,470,4,17191,25722372,-1,90.3637,23.7583,1000,5,1,1746613272,1750001523,0
LTE,470,4,17191,25656838,-1,90.3638,23.7588,1000,8,1,1746613282,1750001523,0
LTE,470,4,17191,25636613,-1,90.3629,23.758,1000,2,1,1746613312,1746634082,0
LTE,470,2,8108,33513484,-1,90.3636,23.7587,1000,4,1,1746613362,1750001523,0
LTE,470,2,8108,33517324,-1,90.3611,23.7587,1000,5,1,1746613432,1746634082,0
LTE,470,2,8108,33514507,-1,90.36,23.7592,1000,6,1,1746613532,1747671661,0
LTE,470,2,8108,34396174,-1,90.3602,23.7602,1000,5,1,1746613672,1750001523,0
GSM,470,4,1219,34091,-1,90.3598,23.7597,1000,2,1,1746614253,1747671661,0
GSM,470,4,1219,34153,-1,90.3598,23.7597,1000,2,1,1746614253,1747671661,0
GSM,470,4,1219,34362,-1,90.3598,23.7597,1000,2,1,1746614253,1747671661,0
GSM,470,2,107,12600,-1,90.3598,23.7597,1000,2,1,1746614253,1747671661,0
GSM,470,2,107,13259,-1,90.3598,23.7597,1000,2,1,1746614253,1747671661,0
GSM,470,2,107,299,-1,90.3598,23.7597,1000,2,1,1746614253,1747671661,0
LTE,470,4,17191,25636609,-1,90.3612,23.7617,1000,13,1,1746943975,1746986582,0
LTE,470,2,8108,33517580,-1,90.3611,23.7627,1000,3,1,1746944015,1746986582,0
LTE,470,4,17191,25822210,-1,90.361,23.763,1000,5,1,1746944075,1746986582,0
LTE,470,2,8108,33517581,-1,90.3616,23.7627,1000,4,1,1746944095,1750001523,0
LTE,470,4,17191,25646595,-1,90.361,23.7617,1000,4,1,1746944115,1746986582,0
LTE,470,4,17191,25667075,-1,90.3602,23.76,1000,2,1,1746944905,1750001522,0
LTE,470,4,17191,26654210,-1,90.3596,23.7605,1000,6,1,1746944915,1750001522,0
LTE,470,4,17191,25636611,-1,90.3608,23.7584,1000,5,1,1746944965,1746986582,0
LTE,470,4,17191,25853954,-1,90.3615,23.7572,1000,3,1,1746945035,1746986582,0
LTE,470,4,17191,25759233,-1,90.3625,23.7564,1000,4,1,1746945165,1746986582,0
LTE,470,4,17191,25759234,-1,90.3645,23.7547,1000,9,1,1746945225,1746986582,0
LTE,470,4,17191,25610241,-1,90.3671,23.7524,1000,9,1,1746945295,1746986582,0
LTE,470,2,8425,33342989,-1,90.3679,23.7514,1000,5,1,1746945335,1746986582,0
LTE,470,4,17191,25610242,-1,90.369,23.7499,1000,9,1,1746945365,1746986582,0
LTE,470,4,17191,25702146,-1,90.3701,23.7482,1000,2,1,1746945425,1746986582,0
LTE,470,2,8425,33342475,-1,90.3747,23.7494,1000,9,1,1746945505,1746986582,0
LTE,470,4,17221,25610501,-1,90.3762,23.7479,1000,8,1,1746945575,1746986583,0
LTE,470,2,8425,33342733,-1,90.3761,23.7479,1000,4,1,1746945585,1746986583,0
LTE,470,2,8425,33342732,-1,90.3769,23.7469,1000,4,1,1746945615,1746986583,0
LTE,470,4,17221,25609988,-1,90.3784,23.7462,1000,12,1,1746945625,1747832282,0
LTE,470,4,17221,25609990,-1,90.3775,23.7463,1000,3,1,1746945645,1747832282,0
LTE,470,2,8425,33349389,-1,90.3779,23.7462,1000,3,1,1746945645,1746986583,0
LTE,470,2,8425,33342731,-1,90.3789,23.7461,1000,2,1,1746945675,1746986583,0
LTE,470,2,8425,33345293,-1,90.3794,23.7457,1000,3,1,1746945685,1746986583,0
LTE,470,4,17221,25609989,-1,90.3805,23.7455,1000,8,1,1746945705,1747832282,0
LTE,470,2,8425,33344268,-1,90.3806,23.7455,1000,4,1,1746945715,1746986583,0
LTE,470,4,17221,25821189,-1,90.3806,23.7455,1000,4,1,1746945725,1747832282,0
LTE,470,4,17251,25688836,-1,90.3819,23.7453,1000,4,1,1746945765,1747832282,0
LTE,470,2,8425,33846541,-1,90.3819,23.7452,1000,4,1,1746945765,1746986583,0
LTE,470,2,8425,33846547,-1,90.3821,23.7451,1000,2,1,1746945815,1746986583,0
LTE,470,4,17221,25615619,-1,90.3822,23.7453,1000,3,1,1746956613,1747832282,0
LTE,470,2,8425,34521868,-1,90.3822,23.7452,1000,6,1,1746956613,1746986583,0
LTE,470,4,17221,25615622,-1,90.3824,23.7457,1000,1,1,1746957996,1746957996,0
GSM,470,2,1328,22173,-1,90.3822,23.7449,1000,1,1,1746960317,1746960317,0
LTE,470,4,17221,25615618,-1,90.3822,23.7449,1000,1,1,1746960337,1746960337,0
GSM,470,2,1328,22172,-1,90.3822,23.7449,1000,1,1,1746960337,1746960337,0
GSM,470,2,1328,2377,-1,90.3822,23.7449,1000,1,1,1746960337,1746960337,0
GSM,470,2,1328,2378,-1,90.3814,23.746,1000,3,1,1746960337,1764925742,0
GSM,470,2,1328,836,-1,90.3822,23.7449,1000,1,1,1746960337,1746960337,0
LTE,470,4,17251,25688833,-1,90.3821,23.7451,1000,2,1,1746960357,1747832282,0
LTE,470,4,17241,25739781,-1,90.3822,23.7449,1000,2,1,1746960817,1746986583,0
LTE,470,2,8425,33345291,-1,90.3823,23.7449,1000,1,1,1746961157,1746961157,0
LTE,470,2,8425,34521874,-1,90.3821,23.7451,1000,2,1,1746961377,1747832282,0
GSM,470,2,1353,1403,-1,90.3704,23.7883,1000,1,1,1747472606,1747472606,0
GSM,470,2,1353,1405,-1,90.3704,23.7883,1000,1,1,1747472606,1747472606,0
GSM,470,2,1353,10503,-1,90.3704,23.7883,1000,1,1,1747472606,1747472606,0
LTE,470,1,49211,38418239,-1,91.8748,24.9011,1000,7,1,1740870902,1774524482,0
LTE,470,2,44013,79432975,-1,91.8747,24.9029,1000,4,1,1740870902,1772893741,0
LTE,470,1,60462,27141389,-1,90.3995,23.7743,1000,2,1,1747525671,1747546381,0
LTE,470,2,8435,33705739,-1,90.3993,23.7745,1000,3,1,1747525671,1747546381,0
LTE,470,1,60462,25655379,-1,90.3988,23.7757,1000,8,1,1747525700,1747546381,0
LTE,470,2,8435,33705741,-1,90.399,23.775,1000,1,1,1747525730,1747525730,0
LTE,470,2,8435,33968174,-1,90.3987,23.776,1000,4,1,1747525790,1747546381,0
LTE,470,2,8435,33968175,-1,90.3984,23.7771,1000,3,1,1747525830,1747546381,0
LTE,470,1,60462,25655377,-1,90.3983,23.7776,1000,4,1,1747525840,1747546381,0
LTE,470,2,8435,34345007,-1,90.3984,23.7791,1000,5,1,1747526070,1747546381,0
LTE,470,1,60462,25656658,-1,90.3985,23.7797,1000,6,1,1747526110,1747546381,0
LTE,470,2,8435,34345013,-1,90.3989,23.7828,1000,12,1,1747526160,1747546381,0
LTE,470,1,60462,25656657,-1,90.3989,23.783,1000,11,1,1747526170,1747546381,0
LTE,470,2,8435,33990185,-1,90.3996,23.7864,1000,6,1,1747526220,1747546381,0
LTE,470,1,60052,25618514,-1,90.3998,23.7879,1000,9,1,1747526220,1747546381,0
LTE,470,2,8435,33990197,-1,90.3998,23.788,1000,3,1,1747526240,1747546381,0
LTE,470,2,8435,33968431,-1,90.4003,23.7908,1000,4,1,1747526250,1747546381,0
LTE,470,1,60052,25615443,-1,90.4004,23.7914,1000,3,1,1747526290,1747546381,0
LTE,470,1,60051,25619026,-1,90.4007,23.7934,1000,7,1,1747526410,1747546381,0
LTE,470,1,60051,25619025,-1,90.4012,23.796,1000,6,1,1747526450,1747546381,0
LTE,470,1,60051,25615699,-1,90.4013,23.7978,1000,4,1,1747526470,1747546381,0
LTE,470,4,17191,25853956,-1,90.3607,23.7577,1000,4,1,1747650948,1747671661,0
LTE,470,4,17191,25853958,-1,90.3608,23.758,1000,1,1,1747651108,1747651108,0
GSM,470,4,1219,34061,-1,90.3692,23.7545,1000,4,1,1747810584,1747832281,0
GSM,470,4,1219,34062,-1,90.3698,23.7544,1000,7,1,1747810584,1747832281,0
GSM,470,4,1219,34183,-1,90.3722,23.7536,1000,14,1,1747810584,1747832282,0
GSM,470,4,1219,34133,-1,90.3724,23.7541,1000,20,1,1747810584,1747832282,0
GSM,470,4,1219,34063,-1,90.3692,23.7545,1000,4,1,1747810584,1747832281,0
LTE,470,2,8108,34433553,-1,90.3691,23.7547,1000,3,1,1747810584,1747832281,0
GSM,470,4,1219,34131,-1,90.3725,23.7542,1000,15,1,1747810633,1747832282,0
GSM,470,4,1219,34132,-1,90.373,23.7536,500,27,1,1747810673,1747832282,0
GSM,470,4,1219,34322,-1,90.3729,23.7552,1000,4,1,1747810702,1747832281,0
LTE,470,2,8425,33972241,-1,90.3716,23.7545,1000,2,1,1747810702,1747832281,0
GSM,470,4,1219,34182,-1,90.3741,23.7516,1000,17,1,1747810722,1747832282,0
GSM,470,4,1219,34181,-1,90.3735,23.7533,1000,17,1,1747810742,1747832282,0
LTE,470,2,8431,33980970,-1,90.3733,23.7552,1000,4,1,1747810792,1747832281,0
GSM,470,4,1219,34323,-1,90.3732,23.7552,1000,2,1,1747810807,1747832281,0
GSM,470,4,1219,34031,-1,90.3733,23.7539,1000,2,1,1747810851,1747832282,0
LTE,470,2,8431,33353231,-1,90.3734,23.7541,1000,3,1,1747810862,1747832281,0
LTE,470,2,8425,33347600,-1,90.3735,23.7532,1000,3,1,1747810912,1747832282,0
LTE,470,2,8425,33347599,-1,90.3736,23.7524,1000,1,1,1747810942,1747810942,0
LTE,470,2,8425,33974799,-1,90.3738,23.7511,1000,6,1,1747810952,1747832282,0
GSM,470,4,1222,35371,-1,90.3754,23.7489,1000,15,1,1747810964,1747832282,0
GSM,470,4,1222,35383,-1,90.3755,23.7487,1000,14,1,1747810994,1747832282,0
GSM,470,4,1222,35381,-1,90.3755,23.7488,1000,13,1,1747811007,1747832282,0
GSM,470,4,1243,36301,-1,90.3757,23.7485,1000,11,1,1747811022,1747832282,0
LTE,470,2,8425,33974798,-1,90.375,23.7495,1000,5,1,1747811022,1747832282,0
LTE,470,2,8425,33342736,-1,90.376,23.748,1000,4,1,1747811082,1747832282,0
GSM,470,4,1222,35373,-1,90.3767,23.7471,1000,4,1,1747811116,1747832282,0
LTE,470,2,8425,33342735,-1,90.3769,23.7468,1000,4,1,1747811122,1747832282,0
GSM,470,4,1243,36302,-1,90.377,23.7466,1000,1,1,1747811143,1747811143,0
GSM,470,4,1243,36181,-1,90.377,23.7466,1000,1,1,1747811143,1747811143,0
GSM,470,4,1243,36183,-1,90.377,23.7466,1000,1,1,1747811143,1747811143,0
LTE,470,2,8425,33349392,-1,90.3778,23.7463,1000,2,1,1747811162,1747832282,0
LTE,470,2,8425,33342734,-1,90.3786,23.7461,1000,2,1,1747811182,1747832282,0
LTE,470,2,8425,33345296,-1,90.3795,23.7457,1000,4,1,1747811202,1747832282,0
LTE,470,2,8425,33344271,-1,90.381,23.7456,1000,5,1,1747811252,1747832282,0
LTE,470,2,8425,33846544,-1,90.3819,23.7452,1000,1,1,1747811362,1747811362,0
LTE,470,4,17221,25821190,-1,90.3806,23.7477,1000,1,1,1747825144,1747825144,0
LTE,470,2,8425,33344275,-1,90.3806,23.7477,1000,1,1,1747825144,1747825144,0
LTE,470,1,60432,25770303,-1,90.4286,23.7238,1000,1,1,1747986269,1747986269,0
LTE,470,1,60702,25812493,-1,90.3586,23.8099,1000,2,1,1741095131,1748716861,0
LTE,470,2,9143,34053907,-1,90.3593,23.8106,1000,4,1,1741095131,1757014753,0
LTE,470,1,60581,26146572,-1,90.2832,23.9332,1000,1,1,1749824227,1749824227,0
LTE,470,1,60581,26146632,-1,90.2833,23.9333,1000,1,1,1749824041,1749824041,0
LTE,470,1,60581,26146622,-1,90.2835,23.9332,1000,1,1,1749849390,1749849390,0
LTE,470,1,60581,26814477,-1,90.2832,23.9331,1000,1,1,1749849390,1749849390,0
LTE,470,4,17171,25640708,-1,90.362,23.7736,1000,2,1,1748412893,1750001522,0
LTE,470,2,8113,33944118,-1,90.3608,23.7724,1000,15,1,1748412893,1750001522,0
GSM,470,2,223,3224,-1,90.361,23.7729,1000,18,1,1748413350,1764408963,0
GSM,470,2,223,22064,-1,90.3628,23.7741,1000,13,1,1748413360,1764311583,0
LTE,470,4,17171,25640705,-1,90.3615,23.7734,1000,8,1,1748413370,1750001522,0
LTE,470,2,8113,33283853,-1,90.3621,23.7736,1000,1,1,1748413370,1748413370,0
LTE,470,4,17171,25782273,-1,90.3626,23.7739,1000,1,1,1748413570,1748413570,0
LTE,470,4,17171,25640706,-1,90.3601,23.772,1000,2,1,1748413740,1750001522,0
LTE,470,4,17171,25640707,-1,90.3596,23.7713,1000,3,1,1748413750,1750001522,0
LTE,470,2,8113,33944112,-1,90.3594,23.7708,1000,6,1,1748413750,1750001522,0
LTE,470,4,17181,25757955,-1,90.3591,23.7703,1000,3,1,1748413770,1750001522,0
LTE,470,4,17181,25757954,-1,90.3585,23.7688,1000,5,1,1748413790,1750001522,0
LTE,470,2,8113,34042934,-1,90.3586,23.7647,1000,20,1,1748413810,1750001522,0
LTE,470,4,17191,25822209,-1,90.3584,23.7677,1000,1,1,1748413830,1748413830,0
LTE,470,4,17191,25758211,-1,90.3586,23.7656,1000,9,1,1748413850,1750001522,0
LTE,470,4,17191,25822211,-1,90.3586,23.7635,1000,2,1,1748413950,1750001522,0
LTE,470,4,17191,25705730,-1,90.3588,23.7623,1000,5,1,1748413970,1750001522,0
LTE,470,4,17191,26654211,-1,90.3589,23.7612,1000,1,1,1748414190,1748414190,0
LTE,470,2,8108,33519117,-1,90.3636,23.7579,1000,5,1,1749971385,1750001523,0
LTE,470,2,8108,33513485,-1,90.3637,23.76,1000,5,1,1749971605,1750001523,0
LTE,470,4,17191,25667077,-1,90.3634,23.7611,1000,5,1,1749971635,1750001523,0
LTE,470,2,8108,33522699,-1,90.3631,23.7618,1000,5,1,1749971655,1750001523,0
LTE,470,4,17191,25667076,-1,90.362,23.7624,1000,10,1,1749971685,1750001523,0
LTE,470,4,17191,25646597,-1,90.3622,23.7632,1000,15,1,1749971705,1750001523,0
LTE,470,2,8108,33820428,-1,90.3627,23.7631,1000,2,1,1749971705,1750001523,0
LTE,470,4,17191,25646598,-1,90.3618,23.7633,1000,3,1,1749971955,1750001523,0
LTE,470,2,8113,34399500,-1,90.3619,23.7633,1000,3,1,1749972035,1750001523,0
LTE,470,2,8113,34399506,-1,90.3619,23.7633,1000,1,1,1749973095,1749973095,0
LTE,470,2,8113,34399499,-1,90.3619,23.7633,1000,1,1,1749973105,1749973105,0
LTE,470,2,8108,33517582,-1,90.3619,23.7628,1000,8,1,1749973655,1750001523,0
GSM,470,4,1219,34112,-1,90.3618,23.7633,1000,1,1,1749973805,1749973805,0
GSM,470,4,1219,34292,-1,90.3618,23.7633,1000,1,1,1749973805,1749973805,0
LTE,470,2,8113,34399502,-1,90.3618,23.7634,1000,2,1,1749973905,1750001523,0
LTE,470,2,8113,34399503,-1,90.3617,23.7623,1000,4,1,1749976495,1750001523,0
LTE,470,2,8108,33517584,-1,90.3621,23.7633,1000,1,1,1749977875,1749977875,0
LTE,470,2,8108,33820432,-1,90.3626,23.7631,1000,3,1,1749977915,1750001523,0
LTE,470,2,8108,33517583,-1,90.3623,23.7628,1000,2,1,1749980216,1750001523,0
LTE,470,2,8108,33522704,-1,90.3615,23.7618,1000,1,1,1749980416,1749980416,0
LTE,470,2,8108,34402574,-1,90.3613,23.761,1000,4,1,1749980456,1750001523,0
LTE,470,2,8108,34402575,-1,90.3603,23.7604,1000,3,1,1749980626,1750001523,0
GSM,470,2,6305,14065,-1,90.8735,24.0527,1000,1,1,1750256881,1750256881,0
GSM,470,1,21081,39951,-1,90.8735,24.0527,1000,1,1,1750256881,1750256881,0
GSM,470,1,22921,59566,-1,88.704,24.6254,1000,1,1,1750707796,1750707796,0
GSM,470,1,22921,65420,-1,88.7039,24.6251,1000,1,1,1750707796,1750707796,0
LTE,470,1,60101,25648395,-1,90.4163,23.8317,1000,8,1,1750862094,1750882562,0
LTE,470,2,8437,33481484,-1,90.4163,23.8317,1000,8,1,1750862094,1750882562,0
LTE,470,1,62281,40966669,-1,90.3927,24.7632,1000,1,1,1751261027,1751261027,0
LTE,470,1,58231,26223373,-1,90.417,23.8915,1000,1,1,1752313749,1752313749,0
LTE,470,2,8201,43564556,-1,90.4173,23.8915,1000,3,1,1752313749,1752314944,0
LTE,470,1,58231,26223372,-1,90.4174,23.8919,1000,1,1,1752314611,1752314611,0
LTE,470,1,58231,26223393,-1,90.4175,23.8913,1000,1,1,1752314895,1752314895,0
LTE,470,3,6028,15513889,-1,90.3646,22.7058,1000,6,1,1753617996,1755266401,0
LTE,470,1,43181,44963597,0,92.116,21.273,1000,16,1,1753892206,1768115822,0
LTE,470,3,1154,2973250,-1,90.4147,23.6095,1000,2,1,1753901174,1753901222,0
LTE,470,4,17401,29441542,-1,90.4147,23.6095,1000,2,1,1753901174,1753901222,0
LTE,470,3,1183,3262978,-1,90.5341,23.8081,1000,6,1,1753909977,1753911545,0
LTE,470,2,8438,35853323,-1,90.5341,23.8081,1000,6,1,1753909977,1753911545,0
GSM,470,1,24056,35835,-1,88.5658,24.4381,1000,1,1,1753988192,1753988192,0
LTE,470,2,50005,235559956,-1,89.5594,22.8364,1000,3,1,1754335460,1754335501,0
GSM,470,2,1355,6621,-1,91.0497,23.0478,1000,3,1,1754421529,1754421542,0
GSM,470,3,720,20922,-1,90.3963,23.7723,1000,4,1,1754706628,1754726702,0
GSM,470,3,720,20923,-1,90.3963,23.7723,1000,4,1,1754706628,1754726702,0
GSM,470,3,720,20921,-1,90.3963,23.7723,1000,4,1,1754706628,1754726702,0
GSM,470,3,720,661,-1,90.3963,23.7723,1000,4,1,1754706628,1754726702,0
GSM,470,3,720,38847,-1,90.3963,23.7723,1000,4,1,1754706628,1754726702,0
GSM,470,3,720,31117,-1,90.396,23.7718,1000,1,1,1754706628,1754706628,0
GSM,470,3,720,47543,-1,90.3963,23.7723,1000,4,1,1754706628,1754726702,0
LTE,470,4,17211,26982660,-1,90.3963,23.7723,1000,4,1,1754706628,1754726702,0
GSM,470,3,720,10251,-1,90.3964,23.7725,1000,3,1,1754706643,1754726702,0
LTE,470,3,4097,3449857,-1,89.7063,23.5288,2875,19,1,1754756021,1768816208,0
LTE,470,3,6028,15513859,-1,90.3645,22.7061,1000,1,1,1754831564,1754831564,0
LTE,470,1,56131,26326047,-1,90.3078,23.9794,1000,5,1,1755059481,1755098281,0
LTE,470,1,53291,33315596,-1,89.0022,24.4129,1000,2,1,1743269201,1755076684,0
LTE,470,1,53291,33302283,-1,89.0022,24.4128,1000,1,1,1743269201,1743269201,0
LTE,470,4,57181,130561025,-1,89.0022,24.4129,1000,2,1,1743269201,1755076684,0
LTE,470,1,53291,33302333,-1,89.0021,24.4129,1000,1,1,1743269311,1743269311,0
LTE,470,4,57671,163843845,-1,90.3806,22.4647,1000,20,1,1755056767,1757417581,0
LTE,470,1,46301,28712461,-1,90.3803,22.4647,1000,7,1,1755056767,1757417581,0
LTE,470,1,46301,28712521,-1,90.3809,22.4643,1000,17,1,1755070400,1755594363,0
LTE,470,4,57671,163843842,-1,90.3812,22.4643,1000,11,1,1755070400,1756856761,0
LTE,470,1,46301,28712509,-1,90.3826,22.4647,1000,16,1,1755070405,1755594363,0
LTE,470,1,46301,28712511,-1,90.3816,22.4646,1000,8,1,1755070535,1755594363,0
LTE,470,1,62191,26606625,-1,90.3098,23.9788,1000,2,1,1755061417,1755098281,0
LTE,470,1,60582,26047245,-1,90.3089,23.9788,1000,2,1,1755062406,1755098281,0
GSM,470,3,726,27561,-1,90.0527,23.9057,1000,5,1,1755140959,1755171728,0
GSM,470,2,57,14397,-1,90.0526,23.9052,1000,5,1,1755158206,1755171728,0
GSM,470,3,726,16591,-1,90.0521,23.9051,1000,2,1,1755158206,1755171728,0
GSM,470,2,57,55599,-1,90.052,23.9053,1000,1,1,1755158311,1755158311,0
GSM,470,2,57,19744,-1,90.0523,23.9063,1000,3,1,1755158567,1755171728,0
GSM,470,2,57,11092,-1,90.0516,23.9066,1000,2,1,1755158963,1755171728,0
LTE,470,2,8303,46140432,-1,90.0526,23.9056,1000,5,1,1755142646,1755171732,0
LTE,470,2,8303,46142991,-1,90.0517,23.9061,1000,5,1,1755158361,1755171732,0
LTE,470,3,1138,3265874,-1,90.0511,23.9063,1000,18,1,1755158361,1771268163,0
LTE,470,2,8303,46094863,-1,90.0518,23.9065,1000,4,1,1755158592,1755171732,0
LTE,470,3,1138,3265873,-1,90.0521,23.906,1000,3,1,1755158963,1755171732,0
LTE,470,2,8303,46101262,-1,90.052,23.9057,1000,1,1,1755159429,1755159429,0
LTE,470,3,1138,4521041,-1,90.0529,23.9054,1000,3,1,1755159600,1755171732,0
GSM,470,1,27007,13376,-1,90.3794,22.465,1000,4,1,1755161117,1755588962,0
GSM,470,1,27007,13374,-1,90.3804,22.4649,1000,5,1,1755161087,1755588961,0
GSM,470,1,27007,25911,-1,90.3794,22.465,1000,1,1,1755161167,1755161167,0
LTE,470,1,52291,33957132,-1,88.5657,24.4385,1000,1,1,1755223662,1755223662,0
LTE,470,1,46301,28712519,-1,90.3819,22.4646,1000,6,1,1755242139,1755594363,0
LTE,470,1,46301,28712459,-1,90.3827,22.4649,1000,3,1,1755242559,1755588962,0
LTE,470,1,46301,28712529,-1,90.3825,22.4648,1000,5,1,1755242989,1755594363,0
LTE,470,3,6024,15578145,-1,90.4891,22.6881,1000,1,1,1755308933,1755308933,0
LTE,470,1,62411,41734667,-1,90.4143,24.75,1000,1,1,1755421731,1755421731,0
GSM,470,2,1377,21736,-1,90.5129,23.6957,1000,1,1,1755436628,1755436628,0
LTE,470,4,17411,29802241,-1,90.5129,23.6957,1000,2,1,1755436629,1755525361,0
GSM,470,2,1377,12996,-1,90.5095,23.6974,1000,4,1,1755488357,1755488402,0
LTE,470,4,17411,28172037,-1,90.51,23.6971,1000,1,1,1755488358,1755488358,0
LTE,470,4,17411,28162817,-1,90.5094,23.6975,1000,3,1,1755488358,1755488401,0
LTE,470,2,8421,35877133,-1,90.5081,23.6972,1000,2,1,1755488358,1755488401,0
LTE,470,2,8421,258062390,-1,90.5063,23.696,1000,9,1,1755488358,1755525361,0
LTE,470,2,8421,258062896,-1,90.5041,23.6963,1000,7,1,1755488358,1755525361,0
LTE,470,4,17411,28162819,-1,90.5064,23.6956,1000,14,1,1755525317,1755525361,0
LTE,470,4,17411,29802497,-1,90.5038,23.6947,1000,1,1,1755525317,1755525317,0
LTE,470,4,17411,28162818,-1,90.5069,23.6956,1000,2,1,1755525317,1755525361,0
LTE,470,2,8421,258065206,-1,90.5076,23.6958,1000,6,1,1755525317,1755525361,0
LTE,470,2,8421,35977491,-1,90.5093,23.6953,1000,3,1,1755525317,1755525361,0
LTE,470,4,17411,29802243,-1,90.5109,23.6957,1000,10,1,1755525317,1755525361,0
LTE,470,2,8421,258062384,-1,90.5107,23.6957,1000,5,1,1755525317,1755525361,0
LTE,470,2,8421,36005646,-1,90.5123,23.6959,1000,4,1,1755525317,1755525361,0
LTE,470,1,46301,28712479,-1,90.383,22.4652,1000,2,1,1755564985,1755588961,0
LTE,470,4,57671,163843841,-1,90.3833,22.4645,1000,2,1,1755565255,1755588961,0
LTE,470,1,46301,28712531,-1,90.3817,22.4648,1000,5,1,1755566185,1755594363,0
LTE,470,1,46301,28712481,-1,90.3799,22.4648,1000,8,1,1755566205,1755594363,0
LTE,470,2,8431,33691147,-1,90.3841,23.7621,1000,4,1,1755739902,1755773342,0
LTE,470,2,8431,33691149,-1,90.384,23.7622,1000,2,1,1755750284,1755773341,0
LTE,470,2,8431,34098451,-1,90.3838,23.7621,1000,1,1,1755750632,1755750632,0
GSM,470,1,21041,25885,-1,90.3944,23.7031,1000,1,1,1755889433,1755889433,0
LTE,470,3,1153,3872010,-1,90.3944,23.7031,1000,1,1,1755889436,1755889436,0
UMTS,470,1,1035,867125,-1,90.4092,23.7554,1000,1,1,1756294470,1756294470,0
LTE,470,1,49911,38476300,-1,90.8711,24.0484,1000,1,1,1756627617,1756627617,0
LTE,470,2,61134,40960783,-1,90.8711,24.0484,1000,1,1,1756627617,1756627617,0
LTE,470,2,8315,33655309,-1,90.2319,23.8376,661,42,1,1756949358,1757014687,0
LTE,470,4,17012,26693399,-1,90.2325,23.8366,1000,4,1,1756949358,1757014687,0
LTE,470,4,17012,26693389,-1,90.2315,23.8375,702,25,1,1756949442,1757014687,0
LTE,470,2,8315,46115085,-1,90.2289,23.8358,1314,31,1,1756949462,1757014741,0
LTE,470,4,17012,25914135,-1,90.2311,23.8363,1000,4,1,1756949582,1757014685,0
LTE,470,2,8315,46115091,-1,90.2307,23.8365,634,30,1,1756949582,1757014741,0
LTE,470,4,17012,25604621,-1,90.2306,23.8363,1000,11,1,1756949662,1757014686,0
LTE,470,4,17012,25604631,-1,90.2304,23.8359,1000,6,1,1756949812,1757014685,0
UMTS,470,4,1908,2304972,38,90.2165,23.8196,1836,51,1,1756949802,1757014763,0
LTE,470,4,17012,25830167,-1,90.2308,23.8359,1000,4,1,1756949832,1757014685,0
UMTS,470,4,1401,25604631,11,90.2309,23.8358,1000,1,1,1756949852,1756949852,0
LTE,470,2,8315,46115088,-1,90.2266,23.8364,1153,11,1,1756949882,1757014741,0
LTE,470,4,17012,25830157,-1,90.2313,23.8396,1000,5,1,1756949892,1757014687,0
GSM,470,4,1301,11215,-1,90.2203,23.8162,2445,28,1,1756949992,1757014745,0
GSM,470,4,1401,1263,-1,90.2273,23.8353,2222,10,1,1756950002,1757014743,0
UMTS,470,4,1908,2304982,14,90.2306,23.8382,1000,3,1,1756950132,1757014684,0
LTE,470,4,17012,26902541,-1,90.2291,23.8361,2970,50,1,1756950172,1757014744,0
GSM,470,4,1401,1153,-1,90.2228,23.8277,2232,25,1,1756951202,1757014745,0
GSM,470,4,1401,973,-1,90.2335,23.8389,1000,9,1,1756951332,1757014687,0
LTE,470,4,17012,26902551,-1,90.2284,23.8371,1000,19,1,1756951622,1757014741,0
LTE,470,2,8312,46092555,-1,90.2248,23.8363,901,46,1,1756952382,1757014741,0
LTE,470,2,8315,34395410,-1,90.2317,23.8366,1000,2,1,1756952492,1757014687,0
LTE,470,2,8312,46092561,-1,90.2287,23.8385,1000,12,1,1756952502,1757014741,0
LTE,470,2,8315,34395404,-1,90.234,23.8375,1000,1,1,1756952622,1756952622,0
LTE,470,2,8315,33826061,-1,90.233,23.8389,1000,6,1,1756952633,1757014687,0
LTE,470,2,8312,46093837,-1,90.2176,23.8191,2875,50,1,1756952763,1757014744,0
LTE,470,2,8312,33795601,-1,90.2361,23.8393,1000,1,1,1756952913,1756952913,0
LTE,470,2,8315,34418444,-1,90.2362,23.8404,1000,1,1,1756953003,1756953003,0
LTE,470,2,8315,258580532,-1,90.2349,23.8423,1000,1,1,1756953233,1756953233,0
GSM,470,2,1303,5513,-1,90.2347,23.8423,1000,1,1,1756953253,1756953253,0
GSM,470,2,1303,14173,-1,90.2322,23.8389,1000,4,1,1756953273,1757014687,0
GSM,470,2,1303,2138,-1,90.2312,23.8372,1000,13,1,1756953273,1757014687,0
GSM,470,2,1303,5514,-1,90.231,23.8385,1000,10,1,1756953273,1757014687,0
GSM,470,4,1301,11222,-1,90.2286,23.8364,2944,14,1,1756953503,1757014744,0
LTE,470,4,18082,26682881,-1,90.2312,23.8397,1000,4,1,1756953543,1757014687,0
LTE,470,2,8312,34424847,-1,90.231,23.8394,1000,4,1,1756953713,1757014687,0
LTE,470,2,8312,34424844,-1,90.231,23.841,1000,3,1,1756953723,1757014687,0
GSM,470,4,1301,11212,-1,90.2203,23.8204,2796,50,1,1756953993,1757014745,0
LTE,470,2,8312,46092558,-1,90.2248,23.837,1000,3,1,1756954083,1757014741,0
GSM,470,2,1303,7110,-1,90.23,23.8366,1000,7,1,1756954383,1757014687,0
GSM,470,2,412,45315,-1,90.2284,23.8361,1000,2,1,1756954373,1757014684,0
GSM,470,2,412,11283,-1,90.23,23.8367,1000,5,1,1756954383,1757014687,0
UMTS,470,4,1401,26693389,38,90.2279,23.8363,1000,1,1,1756954403,1756954403,0
GSM,470,2,412,18610,-1,90.2284,23.8361,1000,2,1,1756954383,1757014684,0
GSM,470,2,1303,55349,-1,90.2296,23.8388,1000,4,1,1756954453,1757014687,0
GSM,470,2,1303,2098,-1,90.2299,23.8355,1000,2,1,1756954483,1757014687,0
GSM,470,2,412,18181,-1,90.2308,23.8395,1000,7,1,1756954653,1757014687,0
GSM,470,2,412,57323,-1,90.2134,23.8264,2050,7,1,1756954663,1757014744,0
GSM,470,4,1401,1261,-1,90.2308,23.8358,1000,1,1,1756955323,1756955323,0
GSM,470,4,1401,483,-1,90.2275,23.8222,1581,13,1,1756955323,1757014745,0
GSM,470,4,1401,503,-1,90.2308,23.8358,1000,1,1,1756955343,1756955343,0
GSM,470,4,1301,11225,-1,90.2308,23.8358,1000,1,1,1756955343,1756955343,0
GSM,470,4,1401,853,-1,90.2308,23.8358,1000,1,1,1756955603,1756955603,0
LTE,470,4,17012,26902285,-1,90.2308,23.8359,1000,1,1,1756955763,1756955763,0
LTE,470,4,17012,26902295,-1,90.2308,23.8359,1000,1,1,1756955783,1756955783,0
GSM,470,4,1401,923,-1,90.2306,23.8362,1000,1,1,1756955943,1756955943,0
LTE,470,4,17012,25914125,-1,90.2309,23.8355,1000,3,1,1756956283,1757014687,0
GSM,470,2,412,57322,-1,90.2259,23.8335,2323,5,1,1756963044,1757014744,0
GSM,470,2,1303,20123,-1,90.2308,23.8352,1000,2,1,1756963044,1757014687,0
GSM,470,2,1303,7105,-1,90.2309,23.8351,1000,1,1,1756963334,1756963334,0
GSM,470,2,1303,12610,-1,90.2309,23.8351,1000,1,1,1756963334,1756963334,0
GSM,470,4,1401,783,-1,90.2309,23.8351,1000,1,1,1756963975,1756963975,0
LTE,470,2,8315,33655312,-1,90.2302,23.8376,1000,3,1,1756964175,1757014687,0
GSM,470,2,1303,18506,-1,90.2308,23.8385,1000,3,1,1756964356,1757014687,0
GSM,470,2,1399,4135,-1,90.2308,23.8404,1000,2,1,1756964375,1757014687,0
GSM,470,4,1301,11562,-1,90.2309,23.8418,1000,4,1,1756964496,1757014687,0
GSM,470,4,1301,11211,-1,90.2297,23.8415,1000,3,1,1756964532,1757014687,0
GSM,470,4,1401,643,-1,90.2297,23.8415,1000,5,1,1756964545,1757014687,0
LTE,470,2,8315,33826064,-1,90.2304,23.8418,1000,1,1,1756964545,1756964545,0
GSM,470,4,1401,453,-1,90.2301,23.8416,1000,1,1,1756964566,1756964566,0
LTE,470,2,8315,34418447,-1,90.2295,23.8415,1000,2,1,1756964566,1757014687,0
LTE,470,2,8312,46106126,-1,90.217,23.8307,1000,1,1,1756965356,1756965356,0
LTE,470,2,8312,46090253,-1,90.2207,23.8194,1084,12,1,1756965415,1757014745,0
LTE,470,2,8312,46106123,-1,90.2119,23.8229,1000,21,1,1756965496,1757014744,0
LTE,470,2,8312,260867114,-1,90.2108,23.8241,1000,7,1,1756965536,1757014744,0
GSM,470,4,1301,12231,-1,90.2096,23.8226,1000,4,1,1756965616,1757014744,0
GSM,470,4,1301,11216,-1,90.21,23.8226,1000,9,1,1756965616,1757014744,0
GSM,470,4,1301,11802,-1,90.2073,23.8236,1000,3,1,1756965819,1757014744,0
UMTS,470,4,1908,2304973,46,90.2075,23.8238,1000,7,1,1756965846,1757014744,0
LTE,470,2,8312,260867126,-1,90.2066,23.8238,1000,5,1,1756965896,1757014744,0
UMTS,470,4,1301,11212,46,90.2062,23.823,1000,1,1,1756965975,1756965975,0
GSM,470,2,412,57324,-1,90.2066,23.8226,1000,4,1,1756965976,1757014744,0
UMTS,470,4,1908,2306081,26,90.208,23.8199,1000,20,1,1756965986,1757014744,0
LTE,470,2,8312,46106124,-1,90.2071,23.8208,1000,9,1,1756965996,1757014744,0
LTE,470,2,8312,260867118,-1,90.2082,23.8191,1000,4,1,1756966086,1757014744,0
UMTS,470,4,1908,2306082,34,90.2237,23.8081,1028,19,1,1756966306,1757014745,0
UMTS,470,4,1401,26902541,38,90.2156,23.8128,1000,2,1,1756966316,1757014744,0
LTE,470,2,8312,46090259,-1,90.2248,23.8119,1000,2,1,1756966596,1757014745,0
GSM,470,4,1401,1023,-1,90.2272,23.8085,1314,8,1,1756966626,1757014745,0
LTE,470,2,8312,46090251,-1,90.2264,23.809,1000,10,1,1756966916,1757014745,0
GSM,470,4,1301,11565,-1,90.2263,23.8096,1000,3,1,1756966928,1757014745,0
LTE,470,2,8312,46090255,-1,90.2268,23.8066,1000,4,1,1756966996,1757014745,0
LTE,470,2,8312,46090252,-1,90.2266,23.8053,1000,3,1,1756967026,1757014745,0
LTE,470,2,8312,46093842,-1,90.2271,23.8045,1000,4,1,1756967056,1757014745,0
LTE,470,4,17012,25792781,-1,90.2375,23.8006,1099,26,1,1756967096,1757014745,0
LTE,470,2,8312,46093838,-1,90.228,23.8041,1000,2,1,1756967126,1757014745,0
LTE,470,2,8312,46118163,-1,90.2317,23.8017,1000,21,1,1756967146,1757014745,0
GSM,470,4,1401,593,-1,90.2327,23.801,1000,7,1,1756967186,1757014745,0
LTE,470,4,17012,25792791,-1,90.2323,23.8013,1000,6,1,1756967206,1757014745,0
LTE,470,4,17012,26679565,-1,90.234,23.8001,1000,2,1,1756967246,1757014745,0
GSM,470,4,1401,933,-1,90.2351,23.7993,1000,3,1,1756967266,1757014745,0
LTE,470,2,8312,260870190,-1,90.2373,23.7993,1000,12,1,1756967266,1757014745,0
GSM,470,4,1401,931,-1,90.2356,23.7992,1000,1,1,1756967296,1756967296,0
LTE,470,4,17012,26679821,-1,90.2481,23.7987,1279,31,1,1756967306,1757014746,0
LTE,470,2,8312,46118156,-1,90.2393,23.7992,1000,2,1,1756967366,1757014745,0
LTE,470,2,8302,33780491,-1,90.2407,23.7991,1000,3,1,1756967396,1757014745,0
LTE,470,2,8302,33780497,-1,90.2418,23.799,1000,4,1,1756967416,1757014745,0
LTE,470,4,17351,26662657,-1,90.2412,23.799,1000,1,1,1756967416,1756967416,0
LTE,470,2,8302,258574644,-1,90.2447,23.7988,1000,4,1,1756967446,1757014746,0
LTE,470,2,8302,33841421,-1,90.2472,23.7986,1000,4,1,1756967506,1757014746,0
LTE,470,2,8302,33841427,-1,90.2489,23.7988,1000,4,1,1756967526,1757014746,0
LTE,470,2,8302,258578486,-1,90.2515,23.7992,1000,9,1,1756967546,1757014746,0
LTE,470,2,8302,258578480,-1,90.2543,23.7979,1000,8,1,1756967636,1757014746,0
LTE,470,4,17012,26679820,-1,90.2561,23.7941,1000,20,1,1756967696,1757014747,0
LTE,470,2,8302,33841420,-1,90.255,23.7963,1000,3,1,1756967706,1757014746,0
LTE,470,2,8302,33671443,-1,90.2553,23.7952,1000,3,1,1756967726,1757014746,0
LTE,470,2,8302,33671442,-1,90.256,23.7933,1000,8,1,1756967746,1757014746,0
LTE,470,4,17012,26785805,-1,90.2601,23.7929,1000,7,1,1756968106,1757014747,0
LTE,470,4,17012,26679831,-1,90.2564,23.7925,1000,2,1,1756968306,1757014746,0
LTE,470,2,8302,33671436,-1,90.2569,23.7925,1000,5,1,1756968406,1757014746,0
LTE,470,2,8302,34436875,-1,90.2605,23.7928,1000,6,1,1756968466,1757014747,0
LTE,470,2,8302,34436906,-1,90.2594,23.7928,1000,5,1,1756968476,1757014747,0
LTE,470,4,17012,26710285,-1,90.26,23.7928,1000,4,1,1756968486,1757014747,0
LTE,470,2,8302,33671435,-1,90.2606,23.7928,1000,2,1,1756968506,1757014747,0
LTE,470,4,17012,26710295,-1,90.2658,23.7929,1000,8,1,1756968536,1757014747,0
LTE,470,2,8302,34226189,-1,90.2639,23.7928,1000,7,1,1756968536,1757014747,0
LTE,470,2,8302,33678861,-1,90.2661,23.7929,1000,4,1,1756968576,1757014747,0
LTE,470,2,8302,34123532,-1,90.2669,23.7929,1000,1,1,1756968616,1756968616,0
LTE,470,2,8302,33674002,-1,90.2669,23.7929,1000,1,1,1756968646,1756968646,0
LTE,470,2,8302,33678864,-1,90.2668,23.7929,1000,1,1,1756968736,1756968736,0
LTE,470,2,8302,33673996,-1,90.2671,23.7929,1000,2,1,1756968746,1757014747,0
LTE,470,2,8302,258573616,-1,90.2678,23.7929,1000,3,1,1756968826,1757014747,0
LTE,470,2,8302,33678902,-1,90.2708,23.7933,500,25,1,1756968876,1757014748,0
LTE,470,2,8302,258573622,-1,90.2696,23.793,1000,3,1,1756969026,1757014747,0
LTE,470,4,17012,26710293,-1,90.2711,23.7931,1000,5,1,1756969096,1757014748,0
LTE,470,4,17012,26710294,-1,90.2787,23.7944,1000,19,1,1756969416,1757014748,0
LTE,470,2,8302,258573610,-1,90.2722,23.7932,1000,12,1,1756970706,1757014748,0
LTE,470,2,8302,258634282,-1,90.2768,23.7942,1000,7,1,1756971106,1757014748,0
LTE,470,2,8302,258581046,-1,90.2783,23.7945,1000,8,1,1756971166,1757014748,0
LTE,470,2,8302,258609200,-1,90.2845,23.7952,1000,6,1,1756971216,1757014748,0
LTE,470,2,8302,258609199,-1,90.2817,23.7951,1000,1,1,1756971276,1756971276,0
LTE,470,2,8302,33668114,-1,90.2835,23.7952,1000,4,1,1756971296,1757014748,0
GSM,470,2,1401,862,-1,90.2873,23.7953,1000,6,1,1756971368,1757014748,0
GSM,470,2,1217,33503,-1,90.2873,23.7953,1000,6,1,1756971368,1757014748,0
LTE,470,2,8302,33653519,-1,90.2879,23.7954,1000,3,1,1756971376,1757014748,0
GSM,470,4,1301,10291,-1,90.2915,23.7949,1000,10,1,1756971376,1757014749,0
GSM,470,4,1301,10292,-1,90.2886,23.7953,1000,1,1,1756971386,1756971386,0
LTE,470,2,8302,33653516,-1,90.2903,23.7952,1000,8,1,1756971386,1757014748,0
LTE,470,2,8302,33653522,-1,90.2927,23.7948,1000,4,1,1756971456,1757014748,0
LTE,470,2,8302,33830930,-1,90.295,23.7943,1000,7,1,1756971476,1757014749,0
GSM,470,4,1401,1232,-1,90.2991,23.7932,1000,19,1,1756971488,1757014749,0
GSM,470,4,1235,39841,-1,90.297,23.7938,1000,8,1,1756971496,1757014749,0
GSM,470,4,1402,992,-1,90.3023,23.7925,1000,10,1,1756971496,1757014749,0
GSM,470,4,1235,39891,-1,90.2976,23.7937,1000,5,1,1756971516,1757014749,0
LTE,470,2,8302,33653515,-1,90.2976,23.7937,1000,5,1,1756971516,1757014749,0
LTE,470,2,8302,33830924,-1,90.2997,23.793,1000,4,1,1756971536,1757014749,0
LTE,470,2,8302,34414645,-1,90.3035,23.7921,1000,14,1,1756971546,1757014749,0
GSM,470,4,1210,30393,-1,90.3056,23.7917,1000,9,1,1756971566,1757014749,0
GSM,470,4,1217,33503,-1,90.3061,23.7916,1000,3,1,1756971579,1757014749,0
GSM,470,2,47,13742,-1,90.3094,23.7908,1000,13,1,1756971586,1757014749,0
LTE,470,4,17351,26698241,-1,90.3122,23.7904,1000,10,1,1756971596,1757014749,0
GSM,470,2,40,5066,-1,90.3109,23.7906,1000,7,1,1756971607,1757014749,0
GSM,470,2,47,18481,-1,90.3104,23.7907,1000,4,1,1756971607,1757014749,0
LTE,470,4,17171,25706755,-1,90.3212,23.7897,1000,16,1,1756971626,1757014750,0
GSM,470,2,1392,3377,-1,90.3121,23.7903,1000,2,1,1756971626,1757014749,0
LTE,470,2,8302,34414609,-1,90.3166,23.7899,1000,14,1,1756971666,1757014749,0
LTE,470,2,8440,33658893,-1,90.3202,23.7902,1000,3,1,1756971776,1757014749,0
LTE,470,2,8440,33658891,-1,90.327,23.7882,1000,5,1,1756971836,1757014750,0
LTE,470,4,17171,25706754,-1,90.3282,23.7873,1000,3,1,1756971866,1757014750,0
LTE,470,2,8440,34392589,-1,90.3283,23.7872,1000,4,1,1756971866,1757014750,0
LTE,470,4,17171,25736963,-1,90.3288,23.7869,1000,2,1,1756971886,1757014750,0
LTE,470,2,8440,34392587,-1,90.3303,23.7862,1000,10,1,1756971896,1757014750,0
LTE,470,4,17171,25736961,-1,90.3319,23.7856,1000,18,1,1756971906,1757014750,0
LTE,470,2,8440,34392616,-1,90.3299,23.7864,1000,1,1,1756971956,1756971956,0
LTE,470,2,8440,34392593,-1,90.3331,23.7851,1000,5,1,1756972016,1757014750,0
LTE,470,2,8440,33651729,-1,90.3354,23.7843,1000,6,1,1756972046,1757014750,0
LTE,470,4,17171,25704962,-1,90.3359,23.7841,1000,3,1,1756972056,1757014750,0
LTE,470,4,17171,25614595,-1,90.3378,23.7834,1000,6,1,1756972066,1757014750,0
LTE,470,2,8440,34461197,-1,90.3378,23.7834,1000,6,1,1756972066,1757014750,0
LTE,470,4,17171,25614594,-1,90.3413,23.7833,1000,5,1,1756972106,1757014750,0
LTE,470,2,8440,34461211,-1,90.3391,23.7832,1000,2,1,1756972106,1757014750,0
LTE,470,2,8440,34052626,-1,90.3389,23.7831,1000,1,1,1756972116,1756972116,0
LTE,470,2,8440,34461196,-1,90.3405,23.7832,1000,5,1,1756972146,1757014750,0
LTE,470,2,8440,34052627,-1,90.343,23.7834,1000,5,1,1756972467,1757014750,0
LTE,470,4,17171,25786883,-1,90.3436,23.7834,1000,5,1,1756972557,1757014750,0
LTE,470,2,8440,33367824,-1,90.343,23.7834,1000,1,1,1756972557,1756972557,0
LTE,470,2,8440,33367821,-1,90.3431,23.7834,1000,1,1,1756972577,1756972577,0
LTE,470,2,8440,33987119,-1,90.3433,23.7835,1000,1,1,1756972587,1756972587,0
LTE,470,4,17171,25786886,-1,90.3455,23.7832,1000,9,1,1756972617,1757014750,0
LTE,470,2,8440,33543181,-1,90.3445,23.7834,1000,4,1,1756972717,1757014750,0
LTE,470,2,8440,34052661,-1,90.3461,23.7832,1000,5,1,1756972797,1757014750,0
LTE,470,2,8440,33742092,-1,90.3457,23.7832,1000,1,1,1756972897,1756972897,0
LTE,470,2,8440,34453017,-1,90.3472,23.783,1000,1,1,1756972977,1756972977,0
LTE,470,4,17171,25731329,-1,90.3486,23.7828,1000,7,1,1756972977,1757014750,0
LTE,470,2,8440,34052650,-1,90.3486,23.7828,1000,7,1,1756972997,1757014750,0
LTE,470,4,17171,25786882,-1,90.3483,23.7828,1000,2,1,1756973027,1757014750,0
LTE,470,2,8113,34375181,-1,90.3501,23.7825,1000,1,1,1756973077,1756973077,0
LTE,470,4,17171,25731332,-1,90.3506,23.7823,1000,5,1,1756973117,1757014750,0
LTE,470,2,8440,33543179,-1,90.3507,23.7822,1000,2,1,1756973217,1757014750,0
LTE,470,4,17171,25786885,-1,90.3508,23.7822,1000,1,1,1756973337,1756973337,0
LTE,470,4,17171,26894854,-1,90.3524,23.7827,1000,8,1,1756973367,1757014751,0
LTE,470,2,8440,34052625,-1,90.3515,23.7818,1000,1,1,1756973367,1756973367,0
LTE,470,2,8440,34454040,-1,90.3519,23.7819,1000,1,1,1756973387,1756973387,0
LTE,470,2,8440,33753618,-1,90.3526,23.783,1000,6,1,1756973417,1757014751,0
LTE,470,4,17171,26894852,-1,90.3538,23.7876,1000,15,1,1756973477,1757014751,0
LTE,470,2,8440,258613302,-1,90.3538,23.786,1000,9,1,1756973477,1757014751,0
LTE,470,4,17171,25679365,-1,90.3538,23.788,1000,2,1,1756973577,1757014751,0
LTE,470,2,8440,33753617,-1,90.3538,23.788,1000,2,1,1756973577,1757014751,0
LTE,470,4,17171,25679364,-1,90.3539,23.7886,1000,3,1,1756973597,1757014751,0
LTE,470,2,8440,33753613,-1,90.3539,23.7893,1000,6,1,1756973597,1757014751,0
LTE,470,2,8440,33753611,-1,90.3539,23.79,1000,3,1,1756973637,1759906321,0
LTE,470,2,8440,34058770,-1,90.3538,23.792,1000,7,1,1756973677,1759906321,0
LTE,470,4,17171,26894849,-1,90.3538,23.7924,1000,7,1,1756973687,1757014751,0
LTE,470,4,17111,25628930,-1,90.3535,23.7947,1000,7,1,1756973727,1757014751,0
LTE,470,2,9143,33554187,-1,90.3536,23.794,1000,6,1,1756973727,1759906321,0
LTE,470,2,9143,33554188,-1,90.3536,23.7946,1000,2,1,1756973737,1757014751,0
LTE,470,2,9143,34060336,-1,90.3534,23.7959,1000,11,1,1756973747,1759906322,0
LTE,470,4,17111,25628933,-1,90.3534,23.7962,1000,3,1,1756973767,1757014751,0
LTE,470,4,17111,25628932,-1,90.3533,23.7975,1000,3,1,1756973797,1757014751,0
LTE,470,2,8440,33775123,-1,90.3534,23.7967,1000,1,1,1756973797,1756973797,0
LTE,470,4,17111,25628929,-1,90.3533,23.7973,1000,2,1,1756973817,1757014752,0
LTE,470,2,9143,34060305,-1,90.3533,23.797,1000,1,1,1756973817,1756973817,0
LTE,470,2,9143,33546252,-1,90.3533,23.7977,1000,3,1,1756973847,1757014751,0
LTE,470,2,9143,33546294,-1,90.3534,23.7983,1000,20,1,1756973887,1759906322,0
LTE,470,4,17111,26655491,-1,90.3542,23.7992,1000,7,1,1756974037,1757014752,0
GSM,470,2,1356,1499,-1,90.3548,23.7995,1000,3,1,1756974357,1757014752,0
GSM,470,2,1356,1456,-1,90.3549,23.7995,1000,2,1,1756974367,1757014752,0
GSM,470,2,1356,1455,-1,90.3549,23.7995,1000,2,1,1756974367,1757014752,0
GSM,470,2,1356,1497,-1,90.3549,23.7995,1000,2,1,1756974367,1757014752,0
GSM,470,2,1356,41793,-1,90.3549,23.7995,1000,2,1,1756974367,1757014752,0
LTE,470,2,9143,33538832,-1,90.355,23.7996,1000,1,1,1756974377,1756974377,0
LTE,470,4,17111,26655489,-1,90.3574,23.8014,1000,15,1,1756974387,1757014752,0
LTE,470,2,9143,34455833,-1,90.3553,23.8001,1000,3,1,1756974387,1759906321,0
LTE,470,2,9143,34455832,-1,90.3564,23.8006,1000,14,1,1756974437,1759906322,0
LTE,470,2,9143,33553421,-1,90.357,23.8011,1000,3,1,1756974477,1757014752,0
LTE,470,2,9143,34385177,-1,90.3583,23.8019,1000,3,1,1756974507,1759906321,0
LTE,470,4,17111,25700611,-1,90.3584,23.8019,1000,3,1,1756974527,1757014752,0
LTE,470,2,9143,34385176,-1,90.3586,23.802,1000,6,1,1756974547,1759906322,0
LTE,470,2,9143,34533901,-1,90.3601,23.8031,1000,14,1,1756974567,1759906322,0
LTE,470,4,17111,25653762,-1,90.3605,23.8034,1000,3,1,1756974577,1757014752,0
LTE,470,4,17121,25628675,-1,90.363,23.8052,1000,7,1,1756974607,1757014753,0
LTE,470,4,17121,25628678,-1,90.3623,23.8044,1000,7,1,1756974677,1757014753,0
LTE,470,2,9143,34533905,-1,90.362,23.8042,1000,3,1,1756974747,1757014753,0
LTE,470,2,9143,34533899,-1,90.3628,23.8047,1000,2,1,1756974767,1757014753,0
LTE,470,2,9143,34451480,-1,90.3634,23.8052,1000,6,1,1756974857,1757014753,0
LTE,470,4,17121,25628677,-1,90.3633,23.805,1000,1,1,1756974887,1756974887,0
LTE,470,4,17121,25628674,-1,90.3635,23.805,1000,1,1,1756974907,1756974907,0
LTE,470,2,9143,33543947,-1,90.3626,23.8067,1000,8,1,1756974937,1757014753,0
LTE,470,4,17121,25628673,-1,90.3626,23.8066,1000,4,1,1756974957,1757014753,0
LTE,470,4,17121,25662722,-1,90.3621,23.8074,1000,2,1,1756975077,1757014753,0
LTE,470,4,17121,25662723,-1,90.3612,23.8095,1000,8,1,1756975087,1757014753,0
LTE,470,2,9143,33549078,-1,90.3617,23.8078,1000,1,1,1756975097,1756975097,0
LTE,470,2,9143,33543949,-1,90.3617,23.8078,1000,1,1,1756975127,1756975127,0
LTE,470,4,17121,25662726,-1,90.3616,23.8085,1000,4,1,1756975167,1757014753,0
LTE,470,2,9143,33543955,-1,90.3616,23.8084,1000,3,1,1756975167,1757014753,0
LTE,470,2,9143,33544716,-1,90.3609,23.8104,1000,7,1,1756975227,1757014754,0
LTE,470,4,17121,25662721,-1,90.3609,23.8087,1000,8,1,1756975277,1757014753,0
LTE,470,4,17121,26689795,-1,90.3609,23.812,1000,4,1,1756975527,1757014753,0
LTE,470,4,17101,26895107,-1,90.3612,23.8127,1000,2,1,1756975547,1757014754,0
LTE,470,2,9143,33544717,-1,90.3612,23.8126,1000,1,1,1756975547,1756975547,0
LTE,470,4,17101,25629955,-1,90.3612,23.8127,1000,1,1,1756975597,1756975597,0
LTE,470,2,9143,33629195,-1,90.3612,23.8127,1000,1,1,1756975597,1756975597,0
LTE,470,4,17101,26895105,-1,90.3612,23.8127,1000,1,1,1756975617,1756975617,0
LTE,470,2,8311,33585420,-1,90.3612,23.8127,1000,1,1,1756975617,1756975617,0
LTE,470,2,8311,33906444,-1,90.3612,23.8127,1000,1,1,1756975627,1756975627,0
LTE,470,2,8311,33585427,-1,90.3612,23.8127,1000,1,1,1756975647,1756975647,0
LTE,470,2,8311,33585421,-1,90.3612,23.8127,1000,1,1,1756975657,1756975657,0
LTE,470,4,17101,25629954,-1,90.3612,23.8127,1000,1,1,1756975667,1756975667,0
LTE,470,2,8311,33585425,-1,90.3612,23.8127,1000,1,1,1756975667,1756975667,0
LTE,470,4,17101,25629957,-1,90.3612,23.8127,1000,1,1,1756975727,1756975727,0
LTE,470,4,17101,25629956,-1,90.3612,23.8127,1000,1,1,1756975767,1756975767,0
LTE,470,2,8311,33571087,-1,90.3612,23.8127,1000,1,1,1756975767,1756975767,0
LTE,470,2,8311,33571091,-1,90.3612,23.8127,1000,1,1,1756975777,1756975777,0
LTE,470,2,8311,33571088,-1,90.3612,23.8127,1000,1,1,1756975797,1756975797,0
LTE,470,4,17101,25687045,-1,90.3612,23.8127,1000,1,1,1756975817,1756975817,0
LTE,470,2,8311,33573899,-1,90.3612,23.8127,1000,1,1,1756975817,1756975817,0
LTE,470,2,8311,252839435,-1,90.3612,23.8127,1000,1,1,1756975827,1756975827,0
LTE,470,4,17101,25687043,-1,90.3612,23.8127,1000,1,1,1756975847,1756975847,0
LTE,470,2,8311,34374157,-1,90.3612,23.8127,1000,1,1,1756975937,1756975937,0
LTE,470,2,8311,34454297,-1,90.3612,23.8127,1000,1,1,1756975947,1756975947,0
LTE,470,4,17101,26779907,-1,90.3612,23.8127,1000,1,1,1756975967,1756975967,0
LTE,470,4,17101,25630978,-1,90.3612,23.8127,1000,1,1,1756975997,1756975997,0
LTE,470,2,8428,33570828,-1,90.3612,23.8127,1000,1,1,1756976017,1756976017,0
LTE,470,2,8428,34067473,-1,90.3612,23.8127,1000,1,1,1756976107,1756976107,0
LTE,470,2,8428,34071826,-1,90.3612,23.8127,1000,1,1,1756976027,1756976027,0
LTE,470,4,17101,26779905,-1,90.3612,23.8127,1000,1,1,1756976187,1756976187,0
LTE,470,2,8311,33583627,-1,90.3612,23.8127,1000,1,1,1756976237,1756976237,0
LTE,470,2,8311,34454296,-1,90.3612,23.8127,1000,1,1,1756976217,1756976217,0
LTE,470,2,8311,258614320,-1,90.3612,23.8127,1000,1,1,1756976267,1756976267,0
LTE,470,2,8311,33579789,-1,90.3612,23.8127,1000,1,1,1756976417,1756976417,0
LTE,470,2,8311,33574924,-1,90.3612,23.8127,1000,1,1,1756976357,1756976357,0
LTE,470,4,17101,25630465,-1,90.3612,23.8127,1000,1,1,1756976417,1756976417,0
LTE,470,4,17101,25721090,-1,90.3612,23.8127,1000,1,1,1756976457,1756976457,0
LTE,470,2,8311,34453529,-1,90.3612,23.8127,1000,1,1,1756976457,1756976457,0
LTE,470,4,17101,25857539,-1,90.3612,23.8127,1000,1,1,1756976477,1756976477,0
LTE,470,4,17101,25857537,-1,90.3612,23.8127,1000,1,1,1756976497,1756976497,0
LTE,470,2,8311,34453528,-1,90.3612,23.8127,1000,1,1,1756976497,1756976497,0
LTE,470,2,8311,33573645,-1,90.3612,23.8127,1000,1,1,1756976517,1756976517,0
LTE,470,2,8311,34072338,-1,90.3612,23.8127,1000,1,1,1756976527,1756976527,0
LTE,470,4,17101,25652483,-1,90.3612,23.8127,1000,1,1,1756976537,1756976537,0
LTE,470,4,17101,25721347,-1,90.3612,23.8127,1000,1,1,1756976577,1756976577,0
LTE,470,2,8311,34450969,-1,90.3612,23.8127,1000,1,1,1756976597,1756976597,0
LTE,470,4,17101,25916417,-1,90.3612,23.8127,1000,1,1,1756976597,1756976597,0
LTE,470,2,8311,34450968,-1,90.3612,23.8127,1000,1,1,1756976627,1756976627,0
LTE,470,4,17101,25652482,-1,90.3612,23.8127,1000,1,1,1756976627,1756976627,0
LTE,470,4,17101,25721345,-1,90.3612,23.8127,1000,1,1,1756976647,1756976647,0
LTE,470,2,8428,33575441,-1,90.3612,23.8127,1000,1,1,1756976647,1756976647,0
LTE,470,2,8428,33842703,-1,90.3612,23.8127,1000,1,1,1756976677,1756976677,0
LTE,470,2,8428,33842700,-1,90.3612,23.8127,1000,1,1,1756976697,1756976697,0
LTE,470,2,8428,33575435,-1,90.3612,23.8127,1000,1,1,1756976747,1756976747,0
LTE,470,4,17101,25721348,-1,90.3612,23.8127,1000,1,1,1756976947,1756976947,0
LTE,470,4,17101,25652485,-1,90.3612,23.8127,1000,1,1,1756976967,1756976967,0
LTE,470,2,8311,33896971,-1,90.3612,23.8127,1000,1,1,1756976987,1756976987,0
LTE,470,2,8311,258603560,-1,90.3612,23.8127,1000,1,1,1756976997,1756976997,0
LTE,470,2,8311,33896972,-1,90.3612,23.8127,1000,1,1,1756977007,1756977007,0
LTE,470,4,17161,27162376,-1,90.3861,23.8195,2645,11,1,1756977027,1757014754,0
LTE,470,2,8311,33896975,-1,90.3612,23.8127,1000,1,1,1756977027,1756977027,0
LTE,470,4,17161,27162375,-1,90.3868,23.82,2727,8,1,1756977037,1757014754,0
LTE,470,2,8428,34371864,-1,90.3836,23.8191,2381,7,1,1756977037,1757014754,0
LTE,470,2,8439,33859859,-1,90.3895,23.8202,1000,5,1,1756977077,1757014754,0
LTE,470,2,8439,33859853,-1,90.3901,23.8204,1000,1,1,1756977207,1756977207,0
LTE,470,2,8439,33859858,-1,90.3903,23.8205,1000,1,1,1756977227,1756977227,0
LTE,470,2,8439,33859852,-1,90.3904,23.8206,1000,2,1,1756977247,1757014754,0
LTE,470,2,8428,34469645,-1,90.391,23.8212,1000,1,1,1756977297,1756977297,0
LTE,470,2,8428,33326091,-1,90.3915,23.8212,1000,3,1,1756977307,1757014754,0
LTE,470,4,17161,27162369,-1,90.3915,23.8212,1000,1,1,1756977347,1756977347,0
LTE,470,4,17161,27239427,-1,90.3939,23.8218,1000,7,1,1756977447,1757014755,0
LTE,470,2,8428,34468121,-1,90.3934,23.822,1000,3,1,1756977447,1757014754,0
LTE,470,2,8428,34468120,-1,90.3943,23.8216,1000,4,1,1756977557,1757014755,0
LTE,470,4,17161,25603074,-1,90.3947,23.8211,1000,1,1,1756977597,1756977597,0
LTE,470,2,8428,34469650,-1,90.3947,23.8211,1000,1,1,1756977597,1756977597,0
LTE,470,4,17161,25627905,-1,90.3947,23.8211,1000,1,1,1756977607,1756977607,0
LTE,470,2,8439,34008339,-1,90.3947,23.8211,1000,1,1,1756977617,1756977617,0
LTE,470,2,8439,34008374,-1,90.3947,23.8211,1000,1,1,1756977627,1756977627,0
LTE,470,4,17161,25686530,-1,90.3947,23.8211,1000,1,1,1756977657,1756977657,0
LTE,470,2,8439,34010131,-1,90.3947,23.8211,1000,1,1,1756977657,1756977657,0
LTE,470,4,17161,27238657,-1,90.3947,23.8211,1000,1,1,1756977677,1756977677,0
LTE,470,2,8439,33326347,-1,90.3947,23.8211,1000,1,1,1756977677,1756977677,0
LTE,470,4,17161,25782787,-1,90.3947,23.8211,1000,1,1,1756977697,1756977697,0
LTE,470,2,8439,33323534,-1,90.3947,23.8211,1000,1,1,1756977707,1756977707,0
LTE,470,4,17161,25864962,-1,90.3947,23.8211,1000,1,1,1756977737,1756977737,0
LTE,470,4,17151,25905665,-1,90.4172,23.8214,1000,4,1,1756977937,1757014756,0
LTE,470,2,8437,34472209,-1,90.4172,23.8214,1000,4,1,1756977937,1757014756,0
LTE,470,4,17151,25624326,-1,90.4193,23.8221,1000,4,1,1756977987,1757014756,0
LTE,470,2,8437,33306381,-1,90.4193,23.8221,1000,4,1,1756977987,1757014756,0
LTE,470,4,17151,25624324,-1,90.4205,23.8238,1000,6,1,1756978007,1757014756,0
LTE,470,2,8437,34511379,-1,90.4202,23.8274,1000,9,1,1756978077,1757014756,0
LTE,470,2,8437,33752075,-1,90.4205,23.8291,1000,2,1,1756978177,1757014756,0
GSM,470,2,1397,40519,-1,90.4203,23.8294,1000,1,1,1756978187,1756978187,0
LTE,470,2,8437,33477649,-1,90.4201,23.8305,1000,3,1,1756978247,1757014756,0
LTE,470,2,8437,33751565,-1,90.4201,23.8312,1000,2,1,1756978267,1757014756,0
LTE,470,4,17151,25700100,-1,90.4196,23.8335,1000,2,1,1756978297,1757014756,0
LTE,470,2,8437,34028561,-1,90.4192,23.834,1000,3,1,1756978317,1757014756,0
LTE,470,4,17151,25905926,-1,90.4184,23.8369,1000,2,1,1756978427,1757014756,0
LTE,470,4,17151,25872646,-1,90.4188,23.8355,1000,1,1,1756978447,1756978447,0
LTE,470,4,17151,25623558,-1,90.4188,23.8355,1000,1,1,1756978477,1756978477,0
LTE,470,2,8437,33771037,-1,90.4188,23.8355,1000,1,1,1756978537,1756978537,0
LTE,470,2,8202,34373422,-1,90.4174,23.8395,1000,2,1,1756978637,1757014756,0
LTE,470,4,17151,25713156,-1,90.4172,23.8396,1000,1,1,1756978657,1756978657,0
LTE,470,2,8202,33929256,-1,90.4167,23.8404,1000,4,1,1756978677,1757014756,0
LTE,470,2,8202,34373388,-1,90.4149,23.8423,1000,2,1,1756978747,1757014756,0
LTE,470,4,17151,25713155,-1,90.4172,23.8496,1000,8,1,1756978877,1757014760,0
LTE,470,2,8202,34373389,-1,90.4128,23.8437,1000,4,1,1756978947,1757014759,0
LTE,470,2,8202,34363423,-1,90.41,23.8469,1000,2,1,1756979277,1757014759,0
LTE,470,4,17023,25645323,-1,90.4163,23.8496,1000,1,1,1756980567,1756980567,0
GSM,470,2,1215,32492,-1,90.4164,23.8496,1000,1,1,1756980597,1756980597,0
LTE,470,1,60573,25612811,-1,90.407,23.8756,1000,2,1,1757033825,1757321161,0
LTE,470,4,17022,25806347,-1,90.4069,23.8754,1000,3,1,1757033825,1757321161,0
LTE,470,1,62611,41374537,-1,89.8826,24.0727,1000,1,1,1756988181,1756988181,0
LTE,470,2,61019,48660235,-1,89.8826,24.0726,1000,2,1,1756988181,1757076901,0
LTE,470,1,62611,41374527,-1,89.8826,24.0726,1000,1,1,1756989287,1756989287,0
GSM,470,1,21117,64205,-1,89.8826,24.0726,1000,1,1,1756989283,1756989283,0
LTE,470,2,61019,48659470,-1,89.8826,24.0726,1000,1,1,1756989287,1756989287,0
GSM,470,1,21117,64206,-1,89.8826,24.0726,1000,1,1,1756989297,1756989297,0
GSM,470,1,21117,64207,-1,89.8826,24.0726,1000,1,1,1756989297,1756989297,0
LTE,470,2,61019,48660238,-1,89.8826,24.0726,1000,1,1,1756989297,1756989297,0
LTE,470,1,62611,41374476,-1,89.8826,24.0726,1000,1,1,1756989318,1756989318,0
LTE,470,3,2056,5623553,-1,91.8042,22.2726,1000,2,1,1757168156,1757446923,0
LTE,470,1,43321,77423884,-1,91.8042,22.2726,1000,7,1,1757168156,1757446923,0
LTE,470,1,43321,77423893,-1,91.8042,22.2726,1000,4,1,1757168180,1757446922,0
LTE,470,3,2056,5623554,-1,91.8042,22.2726,1000,4,1,1757168420,1757446922,0
LTE,470,1,43321,77423894,-1,91.8042,22.2726,1000,4,1,1757168510,1757446922,0
LTE,470,1,43321,77433887,-1,91.8042,22.2726,1000,4,1,1757168820,1757446923,0
LTE,470,1,43321,77423883,-1,91.8042,22.2726,1000,5,1,1757168850,1757446923,0
LTE,470,3,2056,5623585,-1,91.8042,22.2726,1000,4,1,1757169180,1757446923,0
LTE,470,1,43321,77435413,-1,91.8042,22.2726,1000,2,1,1757170140,1757446922,0
LTE,470,1,43321,77419532,-1,91.8042,22.2726,1000,2,1,1757170230,1757446922,0
LTE,470,1,43321,77435423,-1,91.8042,22.2726,1000,2,1,1757172880,1757446923,0
LTE,470,4,17022,25806357,-1,90.4072,23.8756,1000,1,1,1757035832,1757035832,0
LTE,470,1,60721,25669695,-1,90.4003,23.8678,1000,8,1,1757298027,1763653146,0
LTE,470,1,60721,25670718,-1,90.3999,23.8671,1000,1,1,1757298157,1757298157,0
LTE,470,1,60721,25670738,-1,90.4001,23.8681,1000,6,1,1757298257,1757487903,0
LTE,470,1,60721,25612371,-1,90.4003,23.8712,1000,14,1,1757298457,1757487903,0
LTE,470,1,60573,25609810,-1,90.4009,23.8745,1000,9,1,1757298917,1757487903,0
LTE,470,4,17022,25798413,-1,90.4025,23.8737,1000,8,1,1757299107,1757321161,0
LTE,470,1,60573,25898765,-1,90.4037,23.8746,1000,2,1,1757299387,1757321161,0
LTE,470,1,60573,25898785,-1,90.404,23.8746,1000,1,1,1757299427,1757299427,0
LTE,470,1,60571,27388705,-1,90.4048,23.8746,1000,3,1,1757299457,1757321161,0
LTE,470,4,17022,25893901,-1,90.4048,23.8746,1000,11,1,1757299457,1764000367,0
LTE,470,1,60573,25612831,-1,90.4065,23.8751,1000,5,1,1757299577,1757321161,0
LTE,470,1,60573,25610527,-1,90.4061,23.8749,1000,2,1,1757299617,1757321161,0
LTE,470,1,62501,26135565,-1,90.4161,24.0348,500,28,1,1757407533,1783724111,0
LTE,470,3,1173,3716866,-1,90.4152,24.0357,1000,14,1,1757407533,1759877047,0
LTE,470,3,62501,26135565,-1,90.4152,24.0359,1000,1,1,1757408359,1757408359,0
LTE,470,1,62501,26549260,-1,90.4153,24.0358,1000,5,1,1757409637,1783724103,0
LTE,470,1,62501,26135585,-1,90.4155,24.0351,1000,10,1,1757409746,1757431564,0
LTE,470,3,1173,3152131,-1,90.4153,24.0353,1000,3,1,1757409856,1757487906,0
LTE,470,3,1173,2705409,-1,90.4161,24.0343,1000,16,1,1757410066,1759877047,0
LTE,470,1,62501,26120223,-1,90.4159,24.0341,1000,23,1,1757410137,1783724103,0
LTE,470,3,1174,28679389,-1,90.4172,24.0229,1201,11,1,1757410364,1763653151,0
LTE,470,3,1173,2705469,-1,90.416,24.0326,1000,18,1,1757410562,1763653151,0
LTE,470,1,62501,26120203,-1,90.4162,24.0333,1000,22,1,1757410739,1783724111,0
LTE,470,3,2056,6054914,-1,91.7848,22.2808,1000,4,1,1757314129,1757446923,0
LTE,470,1,43331,77598546,-1,91.7847,22.2808,1000,2,1,1757314129,1757446923,0
LTE,470,1,43331,77598545,-1,91.7848,22.2808,1000,2,1,1757314453,1757446923,0
LTE,470,3,2056,5273892,-1,91.784,22.2787,500,25,1,1757416019,1757447881,0
LTE,470,1,43331,77415241,-1,91.7841,22.2786,500,43,1,1757416019,1757447881,0
LTE,470,3,2056,5273889,-1,91.7841,22.2786,1000,15,1,1757416320,1757450701,0
LTE,470,3,2056,5273887,-1,91.784,22.2787,1000,2,1,1757416364,1757446924,0
LTE,470,3,2056,5273862,-1,91.784,22.2787,1000,22,1,1757417254,1757450701,0
LTE,470,3,2056,5273859,-1,91.7841,22.2786,1000,19,1,1757417364,1757450701,0
LTE,470,1,43331,77415239,-1,91.7841,22.2788,1000,3,1,1757417394,1757450702,0
LTE,470,1,43331,77415189,-1,91.784,22.2788,1000,1,1,1757417984,1757417984,0
LTE,470,3,2056,5273939,-1,91.784,22.2788,1000,2,1,1757421714,1757446923,0
LTE,470,3,2056,5777609,-1,91.7841,22.2787,1000,2,1,1757421784,1757446923,0
LTE,470,3,2056,6049993,-1,91.7842,22.2786,1000,1,1,1757421854,1757421854,0
LTE,470,1,43331,77604679,-1,91.7842,22.2788,1000,1,1,1757422004,1757422004,0
LTE,470,3,2056,5273888,-1,91.7847,22.2787,1000,3,1,1757422044,1757446923,0
LTE,470,1,43331,77426463,-1,91.7845,22.2786,1000,1,1,1757422324,1757422324,0
LTE,470,1,43331,77415240,-1,91.784,22.279,1000,1,1,1757426892,1757426892,0
LTE,470,3,1174,4459465,-1,90.4186,24.0246,1000,16,1,1757413911,1761302530,0
LTE,470,1,62501,26905869,-1,90.4158,24.0346,1000,2,1,1757414261,1765458131,0
LTE,470,1,60101,25671486,-1,90.4106,23.848,1000,12,1,1757447733,1763653146,0
LTE,470,3,1151,2608349,-1,90.4118,23.8457,2594,13,1,1757447733,1783724048,0
LTE,470,1,60721,27025983,-1,90.4129,23.8454,1000,5,1,1757447756,1757487841,0
LTE,470,3,1151,3322337,-1,90.4149,23.8421,2118,15,1,1757447786,1783724048,0
LTE,470,1,60101,27389502,-1,90.4161,23.8415,1000,8,1,1757447786,1757487842,0
LTE,470,3,1151,3322334,-1,90.4157,23.841,1986,17,1,1757447836,1783724048,0
LTE,470,1,60101,25672511,-1,90.4184,23.8372,1000,12,1,1757447846,1757487842,0
LTE,470,3,1151,2722112,-1,90.418,23.8378,1000,7,1,1757447856,1783724048,0
LTE,470,1,60101,25928509,-1,90.4193,23.8332,1000,6,1,1757447886,1757487842,0
LTE,470,3,1151,2771517,-1,90.419,23.8346,1000,9,1,1757447886,1765458127,0
LTE,470,3,1151,3206463,-1,90.4194,23.8327,1000,4,1,1757447896,1757487842,0
LTE,470,1,60101,25928510,-1,90.4189,23.8341,1000,13,1,1757447906,1759877042,0
LTE,470,3,1151,3206461,-1,90.4193,23.8327,1000,6,1,1757447906,1765458127,0
LTE,470,3,1151,2571585,-1,90.4196,23.8311,1000,9,1,1757447916,1783724047,0
LTE,470,1,60101,25636158,-1,90.4199,23.8297,1000,4,1,1757447926,1757487842,0
LTE,470,3,1151,2571582,-1,90.4201,23.8287,1000,22,1,1757447936,1783724047,0
LTE,470,1,60101,25621054,-1,90.4206,23.8247,1000,12,1,1757447976,1759877041,0
LTE,470,3,1151,2955583,-1,90.4204,23.8265,1000,3,1,1757447996,1757487842,0
LTE,470,1,60101,25632063,-1,90.4206,23.8254,1000,3,1,1757448006,1757487842,0
LTE,470,3,1151,2937405,-1,90.4208,23.8248,1000,9,1,1757448006,1783724047,0
LTE,470,1,60101,25632062,-1,90.421,23.8247,1000,9,1,1757448016,1759877041,0
LTE,470,3,1151,2937406,-1,90.42,23.8228,1000,16,1,1757448026,1783724047,0
LTE,470,1,60031,25605949,-1,90.4203,23.8224,1000,12,1,1757448036,1759877041,0
LTE,470,1,60031,25605951,-1,90.4183,23.821,1000,4,1,1757448046,1757487901,0
LTE,470,1,60061,25606461,-1,90.4167,23.82,1000,5,1,1757448056,1757487901,0
LTE,470,3,1150,4352574,-1,90.4167,23.82,1000,5,1,1757448056,1757487901,0
LTE,470,1,60061,27281214,-1,90.4144,23.8185,1000,7,1,1757448076,1757487901,0
LTE,470,3,1150,3616063,-1,90.4153,23.8191,1000,3,1,1757448076,1757487901,0
LTE,470,3,1149,3181117,-1,90.4138,23.8181,1000,4,1,1757448096,1757487901,0
LTE,470,1,60061,27281215,-1,90.4119,23.8171,1000,5,1,1757448116,1757487901,0
LTE,470,3,1149,3403582,-1,90.4117,23.817,1000,8,1,1757448116,1757487902,0
LTE,470,1,60061,25625663,-1,90.4112,23.8172,1000,10,1,1757448136,1763653145,0
LTE,470,3,1149,3403586,-1,90.4095,23.8169,1000,11,1,1757448146,1763653145,0
LTE,470,3,1149,3110462,-1,90.406,23.8163,1000,20,1,1757448196,1765458128,0
LTE,470,1,60061,25624137,-1,90.4047,23.8151,1000,5,1,1757448216,1757487901,0
LTE,470,3,1149,4266302,-1,90.4043,23.8139,1000,5,1,1757448246,1757487901,0
LTE,470,3,1149,3884861,-1,90.4039,23.8119,1000,9,1,1757448266,1763653143,0
LTE,470,3,1149,4266301,-1,90.4029,23.8161,1000,9,1,1757448316,1765458127,0
LTE,470,1,60061,25624127,-1,90.4034,23.8163,1000,4,1,1757448366,1757487901,0
LTE,470,3,1149,3110463,-1,90.404,23.8162,1000,12,1,1757448366,1765458128,0
LTE,470,1,60061,25624331,-1,90.4024,23.8162,1000,8,1,1757448396,1757487902,0
LTE,470,3,1149,3884801,-1,90.4024,23.8151,1000,21,1,1757448396,1765458128,0
LTE,470,1,60061,26041867,-1,90.4012,23.8166,1000,2,1,1757448426,1757487901,0
LTE,470,1,60061,25892620,-1,90.4007,23.8166,1000,1,1,1757448446,1757448446,0
GSM,470,3,722,21521,-1,90.4006,23.8159,1000,3,1,1757448436,1757487902,0
GSM,470,3,722,21522,-1,90.4005,23.8156,1000,2,1,1757448446,1757487902,0
GSM,470,3,720,17410,-1,90.4007,23.8166,1000,1,1,1757448446,1757448446,0
LTE,470,3,1151,3111249,-1,90.4003,23.8156,1000,4,1,1757448456,1757487901,0
LTE,470,1,60061,26041869,-1,90.4005,23.8151,1000,9,1,1757448467,1757487902,0
LTE,470,3,1151,3111250,-1,90.3999,23.8129,1000,5,1,1757448506,1757487901,0
LTE,470,3,1149,3884803,-1,90.4024,23.8097,1000,18,1,1757448717,1763653145,0
LTE,470,3,1151,2643714,-1,90.3991,23.8091,1000,14,1,1757448731,1757487902,0
LTE,470,3,1149,3922945,-1,90.3986,23.8063,1000,6,1,1757448852,1757487902,0
LTE,470,3,1149,4262145,-1,90.3979,23.8055,1000,6,1,1757448865,1757487902,0
LTE,470,3,1151,3111170,-1,90.3996,23.8143,1000,14,1,1757449033,1765458128,0
LTE,470,1,60061,25721101,-1,90.3964,23.8135,1000,5,1,1757449117,1757487902,0
LTE,470,3,1151,3111171,-1,90.397,23.8139,1000,10,1,1757449117,1757487902,0
LTE,470,1,60061,25623111,-1,90.3964,23.8137,1000,3,1,1757449170,1757487902,0
LTE,470,1,60061,25623052,-1,90.3966,23.8135,1000,1,1,1757449268,1757449268,0
LTE,470,1,60061,25721159,-1,90.3971,23.8142,1000,2,1,1757450074,1757487902,0
LTE,470,1,60061,25721149,-1,90.3982,23.8145,1000,4,1,1757450179,1757487902,0
LTE,470,3,1151,3111169,-1,90.3983,23.8145,1000,3,1,1757450241,1757487902,0
LTE,470,1,60061,25721099,-1,90.3987,23.8144,1000,3,1,1757450316,1757487902,0
LTE,470,3,1151,3111172,-1,90.4,23.8148,1000,4,1,1757450390,1765458128,0
LTE,470,3,1149,4266243,-1,90.4003,23.8147,1000,2,1,1757450968,1765458128,0
LTE,470,1,60061,26041889,-1,90.4002,23.8147,1000,3,1,1757456150,1757487902,0
LTE,470,3,1151,3111230,-1,90.4004,23.8149,1000,7,1,1757456150,1765458128,0
LTE,470,3,60061,26041889,-1,90.4002,23.8148,1000,1,1,1757456378,1757456378,0
LTE,470,1,60061,25624147,-1,90.406,23.8169,1000,6,1,1757458166,1763653145,0
LTE,470,3,1149,3181058,-1,90.4125,23.8172,1000,1,1,1757459088,1757459088,0
LTE,470,1,60061,27281224,-1,90.4125,23.8172,1000,1,1,1757459104,1757459104,0
LTE,470,3,1150,3616009,-1,90.4151,23.819,1000,2,1,1757459129,1757487902,0
LTE,470,1,60061,25606473,-1,90.4151,23.819,1000,2,1,1757459129,1757487902,0
LTE,470,1,60061,25606471,-1,90.4184,23.8213,1000,3,1,1757459147,1757487902,0
LTE,470,3,1150,3616001,-1,90.4184,23.8213,1000,3,1,1757459147,1757487902,0
LTE,470,1,60031,25605961,-1,90.4199,23.8229,1000,3,1,1757459163,1757487902,0
LTE,470,3,1150,2773507,-1,90.4199,23.8226,1000,4,1,1757459163,1783724106,0
LTE,470,1,60101,25632072,-1,90.4203,23.8237,1000,1,1,1757459200,1757459200,0
LTE,470,3,1150,2773508,-1,90.4204,23.8228,500,26,1,1757459182,1783724106,0
LTE,470,3,1151,2937345,-1,90.4206,23.8262,1000,20,1,1757459200,1783724106,0
LTE,470,1,60101,25621064,-1,90.4198,23.8285,1000,9,1,1757459215,1763653146,0
LTE,470,3,1151,3526146,-1,90.4202,23.8276,1000,11,1,1757459215,1783724106,0
LTE,470,1,60101,25636168,-1,90.4195,23.8301,1000,12,1,1757459259,1763653146,0
LTE,470,3,1151,2571522,-1,90.4196,23.8307,781,30,1,1757459269,1783724106,0
LTE,470,1,60101,25928520,-1,90.4193,23.832,1000,6,1,1757459350,1763653146,0
LTE,470,3,1151,3206401,-1,90.4195,23.832,1000,12,1,1757459350,1783724048,0
LTE,470,3,1151,2771457,-1,90.419,23.8341,1168,10,1,1757459369,1783724106,0
LTE,470,1,60101,26612041,-1,90.4193,23.8311,1000,3,1,1757459369,1763653146,0
LTE,470,1,60101,25928529,-1,90.4203,23.8237,1000,1,1,1757459387,1757459387,0
LTE,470,1,60101,26612049,-1,90.4203,23.8237,1000,1,1,1757459410,1757459410,0
LTE,470,3,1151,2771458,-1,90.4189,23.8341,1173,7,1,1757459410,1763653146,0
LTE,470,1,60101,26744865,-1,90.4203,23.8237,1000,1,1,1757459466,1757459466,0
LTE,470,3,1151,2722052,-1,90.4181,23.8373,1529,22,1,1757459450,1765458127,0
LTE,470,1,60101,26744845,-1,90.4203,23.8237,1000,1,1,1757459450,1757459450,0
LTE,470,1,60101,27389472,-1,90.4203,23.8237,1000,1,1,1757459487,1757459487,0
UMTS,470,1,5022,125422,226,90.4203,23.8237,1000,1,1,1757459427,1757459427,0
LTE,470,1,60101,27389473,-1,90.4203,23.8237,1000,1,1,1757459525,1757459525,0
LTE,470,1,60101,26259746,-1,90.4112,23.8471,1000,7,1,1757459562,1759877042,0
LTE,470,1,60101,25671456,-1,90.41,23.8484,1000,7,1,1757459593,1757487902,0
LTE,470,1,60101,25680163,-1,90.409,23.8498,1000,1,1,1757459635,1757459635,0
LTE,470,3,1151,2608350,-1,90.4085,23.8504,1000,8,1,1757459635,1783724048,0
LTE,470,1,60101,25671458,-1,90.4083,23.8507,1000,2,1,1757459674,1757487902,0
GSM,470,3,722,11873,-1,90.4082,23.8518,1000,2,1,1757459711,1765458126,0
LTE,470,1,60101,25671435,-1,90.4076,23.8514,1000,3,1,1757459715,1757487902,0
LTE,470,3,1151,2608351,-1,90.4074,23.852,500,35,1,1757459715,1783724048,0
LTE,470,1,60101,25671438,-1,90.4079,23.851,1000,1,1,1757459724,1757459724,0
LTE,470,1,60101,26557215,-1,90.4066,23.8527,1000,3,1,1757459748,1757487902,0
LTE,470,3,1151,2608332,-1,90.4037,23.8566,858,37,1,1757459778,1783724107,0
LTE,470,1,60101,25674046,-1,90.4039,23.8559,1000,3,1,1757459790,1757487903,0
LTE,470,1,60721,25666898,-1,90.4013,23.8592,1000,16,1,1757459803,1757487903,0
LTE,470,3,1151,4631102,-1,90.4021,23.8585,1000,8,1,1757459858,1763653141,0
LTE,470,3,1151,3129917,-1,90.4004,23.8607,1000,4,1,1757459880,1763653141,0
LTE,470,3,1175,2830399,-1,90.3999,23.8626,1000,14,1,1757459894,1783724048,0
LTE,470,1,60721,25666897,-1,90.4,23.8646,1000,9,1,1757459909,1757487903,0
LTE,470,3,1175,2830397,-1,90.4,23.8644,1000,4,1,1757459939,1763653146,0
LTE,470,3,1176,3544638,-1,90.4002,23.8668,1000,17,1,1757459981,1783724048,0
LTE,470,1,60721,25669715,-1,90.4002,23.8669,1000,2,1,1757459994,1757487903,0
LTE,470,3,1176,3544640,-1,90.4004,23.874,1000,19,1,1757460007,1759877043,0
LTE,470,3,1176,3544637,-1,90.4005,23.8699,1000,15,1,1757460022,1763653141,0
LTE,470,3,1176,3775809,-1,90.4006,23.8724,1000,11,1,1757460132,1763653141,0
LTE,470,3,1176,2836800,-1,90.4004,23.8715,1000,3,1,1757460181,1757487903,0
LTE,470,3,1176,3775808,-1,90.4007,23.8758,1000,6,1,1757460265,1783724049,0
LTE,470,1,60573,25612626,-1,90.4009,23.8841,1000,10,1,1757460387,1757487903,0
LTE,470,3,1176,4645322,-1,90.401,23.8807,552,25,1,1757460387,1783724049,0
LTE,470,3,1176,3447241,-1,90.4008,23.8809,1000,8,1,1757460417,1783724107,0
LTE,470,1,60551,27099475,-1,90.4004,23.8836,1000,8,1,1757460474,1757487903,0
LTE,470,3,1176,4645321,-1,90.4011,23.8892,1000,14,1,1757460512,1783724107,0
LTE,470,1,58451,25957131,-1,90.401,23.8892,1000,12,1,1757460550,1759877043,0
LTE,470,1,58451,25937992,-1,90.4006,23.8939,1000,12,1,1757460571,1763653147,0
LTE,470,3,1176,29004235,-1,90.4018,23.8918,1000,9,1,1757460571,1783724049,0
LTE,470,3,1176,29004233,-1,90.4018,23.8938,1000,13,1,1757460590,1783724049,0
LTE,470,3,1176,29242826,-1,90.401,23.897,1000,7,1,1757460628,1783724049,0
LTE,470,1,58451,25964359,-1,90.3992,23.8986,1000,19,1,1757460645,1763653091,0
LTE,470,3,1176,29242825,-1,90.3988,23.8997,1000,9,1,1757460645,1763653147,0
LTE,470,3,1177,2591491,-1,90.3992,23.9042,1000,13,1,1757460774,1763653147,0
LTE,470,3,1177,2807042,-1,90.3992,23.903,1000,20,1,1757460808,1783724107,0
LTE,470,3,1177,2591499,-1,90.3992,23.9032,1000,5,1,1757460834,1763653147,0
LTE,470,1,58441,25938761,-1,90.3988,23.9059,1000,9,1,1757460919,1757487904,0
LTE,470,3,1177,3159042,-1,90.3986,23.9069,1000,13,1,1757461045,1763653148,0
LTE,470,3,1177,3159041,-1,90.3985,23.907,1000,10,1,1757461114,1763653147,0
LTE,470,1,58441,25967687,-1,90.3971,23.9106,1000,22,1,1757461149,1763653148,0
LTE,470,3,1177,2712066,-1,90.3978,23.9091,1000,3,1,1757461149,1757487904,0
LTE,470,3,1177,4274186,-1,90.3973,23.9102,1000,16,1,1757461169,1763653148,0
LTE,470,3,1177,4274179,-1,90.3964,23.912,1000,10,1,1757461235,1763653091,0
LTE,470,1,58431,25966409,-1,90.3961,23.9131,1000,14,1,1757461256,1763653148,0
LTE,470,3,1177,3540227,-1,90.3956,23.9137,1000,5,1,1757461256,1783724108,0
LTE,470,1,58431,25964616,-1,90.395,23.9151,1000,12,1,1757461295,1763653148,0
LTE,470,3,1177,3720450,-1,90.395,23.9151,1000,10,1,1757461295,1783724108,0
LTE,470,3,1177,3720449,-1,90.3942,23.9168,1000,6,1,1757461315,1763653148,0
LTE,470,1,58431,25964615,-1,90.3937,23.918,1000,22,1,1757461338,1763653148,0
LTE,470,3,1177,2674946,-1,90.3936,23.9185,1000,15,1,1757461362,1763653091,0
LTE,470,3,1177,3216387,-1,90.3925,23.9212,1000,10,1,1757461392,1783724108,0
LTE,470,3,1177,2712322,-1,90.3923,23.9216,1000,7,1,1757461411,1757487904,0
LTE,470,1,58431,25959497,-1,90.3928,23.9201,1000,1,1,1757461436,1757461436,0
LTE,470,1,58431,25960265,-1,90.3914,23.9237,1000,21,1,1757461521,1763653148,0
LTE,470,1,58431,25963336,-1,90.3898,23.9275,507,43,1,1757461645,1763653148,0
LTE,470,3,1177,2712321,-1,90.3911,23.9243,1000,15,1,1757461645,1783724108,0
LTE,470,3,1177,3643102,-1,90.3895,23.9281,1000,11,1,1757461684,1783724108,0
LTE,470,3,1177,3643101,-1,90.3886,23.9303,1000,16,1,1757461715,1783724108,0
LTE,470,1,58431,27235656,-1,90.3882,23.9315,1000,7,1,1757461785,1763653090,0
LTE,470,1,58431,26996039,-1,90.3871,23.9345,1000,11,1,1757461805,1763653091,0
LTE,470,3,1199,3638785,-1,90.3871,23.9341,1000,4,1,1757461815,1757487904,0
LTE,470,3,1177,3401949,-1,90.3861,23.9366,1000,8,1,1757461845,1757487904,0
LTE,470,1,58431,25965639,-1,90.3849,23.9396,1000,10,1,1757461945,1763653090,0
LTE,470,1,58431,27333449,-1,90.3854,23.9385,1000,5,1,1757461975,1763653090,0
LTE,470,3,1177,2672350,-1,90.3829,23.9444,1000,17,1,1757461975,1783724108,0
LTE,470,1,58431,25956640,-1,90.384,23.9414,1000,7,1,1757461995,1757487904,0
LTE,470,1,58431,25956639,-1,90.3833,23.9435,1000,4,1,1757462035,1757487904,0
LTE,470,1,62161,27457056,-1,90.3821,23.9465,1000,16,1,1757462125,1783724108,0
LTE,470,3,1177,2672351,-1,90.3815,23.9487,1000,21,1,1757462255,1783724108,0
LTE,470,1,62161,27457055,-1,90.3812,23.9509,1000,20,1,1757462295,1759877044,0
LTE,470,1,62161,26955041,-1,90.3812,23.9525,1000,9,1,1757462335,1757487904,0
LTE,470,3,1177,2672331,-1,90.3817,23.949,1000,11,1,1757462345,1763653149,0
LTE,470,3,1200,4117566,-1,90.3812,23.9539,1000,3,1,1757462365,1757487904,0
LTE,470,1,62161,26955039,-1,90.3809,23.9569,1000,19,1,1757462395,1783724109,0
LTE,470,3,1200,3802315,-1,90.3809,23.9571,1000,11,1,1757462395,1763653149,0
LTE,470,1,62161,25965088,-1,90.3809,23.9571,1000,6,1,1757462415,1763653149,0
LTE,470,1,62161,25965087,-1,90.3807,23.9591,1000,6,1,1757462425,1783724109,0
LTE,470,3,1200,3473099,-1,90.3807,23.9604,1000,6,1,1757462445,1757487905,0
LTE,470,1,62161,25967392,-1,90.3806,23.9607,1000,7,1,1757462455,1783724109,0
LTE,470,3,1200,3183817,-1,90.3806,23.9615,1000,1,1,1757462465,1757462465,0
LTE,470,1,62161,27233056,-1,90.3803,23.9635,1000,11,1,1757462475,1763653149,0
LTE,470,3,1200,3325387,-1,90.3802,23.9638,1000,17,1,1757462475,1783724109,0
LTE,470,1,62161,27233055,-1,90.38,23.9668,1000,10,1,1757462555,1783724109,0
LTE,470,3,1200,2942923,-1,90.3801,23.9685,1000,14,1,1757462555,1759877044,0
LTE,470,1,62161,25965857,-1,90.3801,23.9675,1000,3,1,1757462575,1757487905,0
LTE,470,1,62161,25965855,-1,90.3802,23.9712,500,26,1,1757462585,1783724109,0
LTE,470,3,1200,2807498,-1,90.3803,23.9729,1000,11,1,1757462595,1763653149,0
LTE,470,1,62181,25972001,-1,90.3804,23.9741,1000,3,1,1757462635,1757487905,0
LTE,470,3,1200,2807499,-1,90.3804,23.9748,1000,10,1,1757462656,1783724109,0
LTE,470,1,62181,25972002,-1,90.3804,23.9754,1000,10,1,1757462665,1783724109,0
LTE,470,3,1200,2807497,-1,90.3806,23.9769,1000,10,1,1757462675,1783724109,0
LTE,470,1,62181,25971999,-1,90.3807,23.9775,1000,7,1,1757462685,1757487905,0
LTE,470,3,1200,29413579,-1,90.3807,23.9779,1000,2,1,1757462705,1757487905,0
LTE,470,3,1200,29413577,-1,90.381,23.9818,1000,8,1,1757462715,1783724109,0
LTE,470,1,62181,25969696,-1,90.3809,23.9811,1000,6,1,1757462725,1783724109,0
LTE,470,1,62181,27119649,-1,90.3809,23.9811,1000,4,1,1757462745,1757487905,0
LTE,470,3,1200,3093706,-1,90.381,23.9823,1000,6,1,1757462775,1763653150,0
LTE,470,1,62181,27017504,-1,90.3811,23.9827,1000,4,1,1757462785,1757487905,0
LTE,470,1,62181,27017503,-1,90.3811,23.9836,1000,5,1,1757462805,1783724109,0
LTE,470,1,62181,27301665,-1,90.3813,23.9853,1000,17,1,1757462815,1783724109,0
LTE,470,3,1173,3652354,-1,90.3813,23.9848,1000,9,1,1757462845,1763653150,0
LTE,470,3,1173,3652353,-1,90.3815,23.9864,1000,9,1,1757462885,1763653150,0
LTE,470,1,62181,25936416,-1,90.3816,23.9871,1000,4,1,1757462925,1757487905,0
LTE,470,1,62181,25936415,-1,90.3818,23.9884,1000,3,1,1757462955,1757487905,0
LTE,470,3,1173,3558365,-1,90.3817,23.9886,1000,5,1,1757462955,1763653150,0
LTE,470,1,62181,25936673,-1,90.3829,23.9897,1000,6,1,1757462975,1757487905,0
LTE,470,1,62181,25969184,-1,90.3828,23.9894,1000,7,1,1757462995,1783724109,0
LTE,470,3,1173,4349662,-1,90.3831,23.9899,1000,6,1,1757462995,1763653150,0
LTE,470,1,62181,25936672,-1,90.3852,23.9901,1000,3,1,1757463025,1757487905,0
LTE,470,3,1173,4004319,-1,90.3825,23.9878,1000,4,1,1757463025,1763653150,0
LTE,470,3,1173,2703167,-1,90.3871,23.9904,1000,6,1,1757463055,1757487905,0
LTE,470,1,62181,25936711,-1,90.3869,23.9904,1000,3,1,1757463065,1757487905,0
LTE,470,1,62491,25935905,-1,90.3898,23.9909,1000,8,1,1757463085,1757487905,0
LTE,470,3,1173,3697155,-1,90.3905,23.9911,1000,17,1,1757463095,1763653150,0
LTE,470,1,62491,25935904,-1,90.3947,23.9916,1000,11,1,1757463135,1757487906,0
LTE,470,3,1173,3697154,-1,90.3931,23.9914,1000,8,1,1757463145,1759877045,0
LTE,470,3,1173,2735107,-1,90.3956,23.9917,1000,18,1,1757463165,1763653150,0
LTE,470,1,62491,25935175,-1,90.4018,23.9926,1000,16,1,1757463275,1757487906,0
LTE,470,3,1173,2735306,-1,90.4014,23.9925,500,30,1,1757463275,1759877045,0
LTE,470,3,1173,4640523,-1,90.4046,23.993,1000,7,1,1757463325,1763653150,0
LTE,470,1,62491,25937225,-1,90.4167,23.9927,2452,46,1,1757463345,1765458124,0
LTE,470,3,1174,3855874,-1,90.4079,23.9938,1000,11,1,1757463345,1763653150,0
LTE,470,3,1174,3855873,-1,90.4135,23.9954,1000,20,1,1757463395,1763653150,0
LTE,470,3,1174,2597439,-1,90.4157,23.9963,1000,3,1,1757463455,1757487906,0
LTE,470,3,1174,2597438,-1,90.4167,23.9971,1000,6,1,1757463465,1763653150,0
LTE,470,3,1174,3496651,-1,90.4162,23.9997,1000,15,1,1757463535,1763653151,0
LTE,470,1,62491,25970955,-1,90.4159,24.0005,1000,10,1,1757463575,1769209390,0
LTE,470,3,1174,3092997,-1,90.4158,24.0013,1000,9,1,1757463635,1763653151,0
LTE,470,1,62491,25936141,-1,90.4157,24.0024,1000,9,1,1757463655,1783724110,0
LTE,470,3,1174,3092996,-1,90.4152,24.0048,1000,8,1,1757463715,1763653151,0
LTE,470,1,62491,27168073,-1,90.4153,24.0052,1000,11,1,1757463765,1783724110,0
LTE,470,3,1174,2864642,-1,90.416,24.0109,1394,8,1,1757463795,1763653151,0
LTE,470,3,1174,2864649,-1,90.415,24.0087,1000,5,1,1757463815,1759877046,0
LTE,470,3,1174,2864641,-1,90.4153,24.0107,1000,5,1,1757463836,1759877046,0
LTE,470,1,62491,27168011,-1,90.4152,24.0092,1000,9,1,1757463855,1783724110,0
LTE,470,1,62491,25970699,-1,90.4153,24.011,1000,10,1,1757463875,1765458130,0
LTE,470,1,62491,25934605,-1,90.4155,24.0128,1000,5,1,1757463895,1765458122,0
LTE,470,3,1174,28679371,-1,90.4155,24.0132,1000,14,1,1757463975,1763653151,0
LTE,470,1,62491,25934663,-1,90.4159,24.0146,1000,10,1,1757464045,1757487906,0
LTE,470,3,1174,28679369,-1,90.4175,24.02,1385,16,1,1757464225,1763653151,0
LTE,470,1,62501,25934920,-1,90.4175,24.019,1000,19,1,1757464275,1783724110,0
LTE,470,3,1174,2734603,-1,90.4176,24.0194,1000,7,1,1757464335,1763653151,0
LTE,470,3,1174,2734594,-1,90.4187,24.0221,1000,6,1,1757464365,1757487906,0
LTE,470,1,62501,25968968,-1,90.4191,24.0243,1000,9,1,1757464395,1757487906,0
LTE,470,3,1174,3401533,-1,90.4186,24.0252,1000,12,1,1757464425,1763653151,0
LTE,470,3,1174,3401535,-1,90.4174,24.0255,1000,3,1,1757464526,1761302530,0
LTE,470,3,1174,2734653,-1,90.4172,24.0243,1000,6,1,1757464536,1763653151,0
LTE,470,1,62501,26695692,-1,90.4157,24.0261,1000,14,1,1757464545,1783724111,0
LTE,470,3,1173,2705470,-1,90.4157,24.0308,1000,6,1,1757464692,1763653151,0
LTE,470,1,62501,26120204,-1,90.4157,24.0309,500,28,1,1757464692,1783724111,0
LTE,470,3,1173,3152191,-1,90.4159,24.0349,1000,2,1,1757464979,1757487906,0
LTE,470,3,1173,2705472,-1,90.4157,24.0338,1000,7,1,1757464999,1763653151,0
LTE,470,3,1173,4432131,-1,90.4163,24.035,1000,1,1,1757465318,1757465318,0
LTE,470,3,1174,4459485,-1,90.4181,24.0265,1000,3,1,1757465680,1763653151,0
LTE,470,3,4097,3449887,-1,89.7081,23.5341,3202,14,1,1757770306,1771268225,0
LTE,470,2,8306,33838863,-1,90.3127,23.9321,1000,1,1,1757808861,1757808861,0
LTE,470,2,8306,33838860,-1,90.3127,23.9321,1000,1,1,1757808861,1757808861,0
GSM,470,2,2110,54657,-1,88.9492,24.6582,1000,2,1,1758025406,1758026281,0
GSM,470,1,24144,28926,-1,88.9488,24.6577,1000,1,1,1758025497,1758025497,0
LTE,470,1,52951,31257356,-1,88.9481,24.6571,1000,7,1,1758024594,1758026281,0
LTE,470,1,52951,31257416,-1,88.9488,24.6581,1000,2,1,1758025271,1758026281,0
LTE,470,2,22010,166413332,-1,88.9484,24.658,1000,2,1,1758024594,1758026281,0
LTE,470,2,22010,166413326,-1,88.9484,24.6573,1000,5,1,1758025271,1758026282,0
LTE,470,2,22010,166413386,-1,88.9482,24.6571,1000,4,1,1758025567,1758026281,0
LTE,470,2,22010,166413383,-1,88.948,24.6566,1000,1,1,1758026253,1758026253,0
LTE,470,2,8446,34245395,0,90.2219,23.9043,1000,1,1,1758124360,1758124360,0
LTE,470,1,48171,28436512,-1,89.5187,22.8624,1000,2,1,1758377801,1758401041,0
LTE,470,1,48171,29474079,-1,89.5186,22.8624,1000,2,1,1758377834,1758401041,0
LTE,470,3,4030,11042848,-1,89.5186,22.8624,1000,3,1,1758377801,1758401041,0
LTE,470,2,9518,120425485,0,92.117,21.2705,1000,5,1,1758463098,1768115822,0
LTE,470,2,9518,120425491,0,92.1166,21.271,1000,4,1,1758463158,1768115822,0
LTE,470,2,9518,120425524,0,92.1169,21.2704,1000,1,1,1758463181,1758463181,0
LTE,470,3,1200,3104735,-1,90.3752,23.9775,1000,3,1,1759230320,1759287841,0
LTE,470,1,62181,25970001,-1,90.3785,23.9789,1000,10,1,1759230320,1759877045,0
LTE,470,3,1200,3398621,-1,90.3744,23.9774,1000,3,1,1759230410,1759287841,0
LTE,470,1,62181,25970003,-1,90.3714,23.9789,1000,21,1,1759230420,1779518582,0
LTE,470,3,1200,3398622,-1,90.3712,23.9787,1000,14,1,1759230470,1759287841,0
LTE,470,3,1200,3104734,-1,90.3731,23.9774,1000,1,1,1759230490,1759230490,0
LTE,470,3,1200,4329183,-1,90.3679,23.9819,1000,6,1,1759230640,1759287841,0
LTE,470,1,62181,26437203,-1,90.3648,23.9848,1000,19,1,1759230650,1759287842,0
LTE,470,3,1200,3496413,-1,90.3663,23.9835,1000,5,1,1759230660,1759287841,0
LTE,470,3,1200,3496414,-1,90.3645,23.9852,1000,6,1,1759230680,1759287841,0
LTE,470,3,1200,3496415,-1,90.3616,23.9873,1000,10,1,1759230700,1759287842,0
LTE,470,1,62181,26021458,-1,90.3604,23.988,1000,4,1,1759230720,1759287842,0
LTE,470,1,62181,26021459,-1,90.3544,23.9913,1000,18,1,1759230740,1759287842,0
LTE,470,3,1200,29244126,-1,90.3576,23.9896,1000,10,1,1759230740,1759287842,0
LTE,470,3,1200,29244125,-1,90.354,23.991,1000,6,1,1759230780,1759287842,0
LTE,470,3,1200,2615262,-1,90.3526,23.992,1000,3,1,1759230800,1759287842,0
LTE,470,3,1200,2615263,-1,90.3488,23.9953,1000,19,1,1759230810,1759287842,0
LTE,470,1,62181,26411020,-1,90.349,23.9951,1000,2,1,1759230840,1759287842,0
LTE,470,1,62181,26411019,-1,90.3445,23.9995,629,25,1,1759230850,1759287842,0
LTE,470,3,1200,4309981,-1,90.3443,23.9996,1000,8,1,1759230890,1759287842,0
LTE,470,3,1200,28376797,-1,90.337,24.0059,1000,18,1,1759230920,1759287842,0
LTE,470,1,62191,26017086,-1,90.3381,24.0055,1000,9,1,1759230950,1759287842,0
LTE,470,1,62191,27026750,-1,90.3341,24.0083,1000,11,1,1759230990,1759287842,0
LTE,470,3,1200,4142046,-1,90.3339,24.0084,1000,6,1,1759231000,1759287842,0
LTE,470,1,62191,27026749,-1,90.3307,24.0093,1000,5,1,1759231030,1759287842,0
LTE,470,1,62191,26691901,-1,90.3279,24.0099,1000,8,1,1759231050,1759287842,0
LTE,470,3,1200,28376798,-1,90.3286,24.0098,1000,6,1,1759231050,1768816142,0
LTE,470,3,1200,3094750,-1,90.3273,24.01,1000,8,1,1759231070,1768816142,0
LTE,470,1,62191,27124031,-1,90.324,24.0105,1000,8,1,1759231090,1759287842,0
LTE,470,3,1200,29254111,-1,90.3237,24.0106,1000,6,1,1759231090,1759287842,0
LTE,470,1,62191,26153279,-1,90.3207,24.011,1000,6,1,1759231120,1759287842,0
LTE,470,3,1200,28383965,-1,90.3146,24.0121,1000,15,1,1759231120,1759287843,0
LTE,470,1,62191,26116669,-1,90.3184,24.0113,1000,4,1,1759231140,1759287842,0
LTE,470,1,62191,26910015,-1,90.3138,24.012,1000,14,1,1759231150,1759287843,0
LTE,470,3,1200,3014365,-1,90.3167,24.0115,1000,4,1,1759231150,1759287842,0
LTE,470,1,62191,26965823,-1,90.3132,24.012,1000,4,1,1759231170,1759287843,0
LTE,470,1,62191,27107902,-1,90.3089,24.0139,1000,7,1,1759231200,1759287843,0
LTE,470,3,1200,28383967,-1,90.3054,24.016,1000,10,1,1759231210,1759287843,0
LTE,470,1,62191,27107903,-1,90.3061,24.0156,1000,7,1,1759231220,1759287843,0
LTE,470,1,62191,26965566,-1,90.3039,24.0169,1000,4,1,1759231240,1759287843,0
LTE,470,1,62191,26152255,-1,90.3017,24.0182,1000,9,1,1759231250,1759287843,0
LTE,470,3,1200,4275677,-1,90.3005,24.019,1000,9,1,1759231260,1759287843,0
LTE,470,1,62171,27301951,-1,90.2979,24.0206,1000,12,1,1759231280,1759287843,0
LTE,470,3,1171,29399519,-1,90.2971,24.0211,1000,8,1,1759231290,1759287843,0
LTE,470,1,62171,26412094,-1,90.2945,24.0228,1000,3,1,1759231320,1759287843,0
LTE,470,3,1171,4333534,-1,90.2923,24.0233,1000,15,1,1759231320,1759287843,0
LTE,470,1,62171,26420542,-1,90.2901,24.0234,500,29,1,1759231350,1771268101,0
GSM,470,3,886,49262,-1,90.2855,24.0233,1000,13,1,1759231390,1759287843,0
LTE,470,1,62171,26729229,-1,90.2816,24.024,1000,4,1,1759231430,1759287843,0
LTE,470,3,1171,29046749,-1,90.28,24.0246,1000,14,1,1759231430,1771268101,0
LTE,470,1,62171,26152972,-1,90.2786,24.0251,1000,10,1,1759231440,1759287843,0
LTE,470,1,62171,26153023,-1,90.2778,24.0254,1000,17,1,1759231470,1771268101,0
LTE,470,3,1171,3584735,-1,90.2773,24.0256,1000,13,1,1759231470,1771268101,0
LTE,470,1,62171,26115390,-1,90.2732,24.0271,1000,13,1,1759231480,1771268101,0
LTE,470,3,1171,2769374,-1,90.2743,24.0268,1000,4,1,1759231480,1759287843,0
LTE,470,3,1171,3619294,-1,90.2712,24.0279,1000,11,1,1759231490,1759287844,0
LTE,470,1,62171,26115389,-1,90.2691,24.0287,1000,8,1,1759231500,1771268101,0
LTE,470,3,1171,3067870,-1,90.2661,24.03,1000,11,1,1759231520,1759287844,0
LTE,470,1,62171,26152765,-1,90.2668,24.0298,1000,13,1,1759231530,1771268101,0
LTE,470,1,62171,26159935,-1,90.2633,24.032,1000,10,1,1759231550,1771268101,0
LTE,470,3,1171,3067871,-1,90.2625,24.0326,1000,6,1,1759231550,1759287844,0
LTE,470,1,62141,27066174,-1,90.2613,24.0336,1000,13,1,1759231570,1771268101,0
LTE,470,3,1171,3947485,-1,90.2604,24.0343,1000,4,1,1759231580,1759287844,0
LTE,470,1,62141,27066173,-1,90.2591,24.0353,1000,6,1,1759231590,1771268101,0
LTE,470,3,1171,4493534,-1,90.2574,24.0367,1000,7,1,1759231590,1771268101,0
LTE,470,1,62141,26160447,-1,90.2574,24.0368,1000,10,1,1759231600,1771268101,0
LTE,470,3,1171,3133151,-1,90.2574,24.0368,1000,12,1,1759231600,1771268101,0
LTE,470,1,62141,26159679,-1,90.2551,24.0386,1000,14,1,1759231640,1771268101,0
LTE,470,1,62141,26159678,-1,90.256,24.0379,1000,1,1,1759231680,1759231680,0
LTE,470,3,1171,4493535,-1,90.2549,24.0387,1000,9,1,1759232260,1771268101,0
LTE,470,1,62141,26606909,-1,90.2518,24.0406,1000,21,1,1759232290,1771268102,0
LTE,470,3,1171,4340189,-1,90.2535,24.0397,1000,7,1,1759232290,1771268101,0
LTE,470,3,1171,3399902,-1,90.2511,24.0412,1000,3,1,1759232320,1759287844,0
LTE,470,3,1171,3399901,-1,90.2499,24.0415,1000,8,1,1759232330,1768816143,0
LTE,470,1,62141,26219837,-1,90.2473,24.0427,500,26,1,1759232330,1771268102,0
LTE,470,3,1171,3399903,-1,90.2479,24.0423,1000,7,1,1759232360,1759287844,0
LTE,470,3,1171,3399883,-1,90.2453,24.044,1000,15,1,1759232410,1771268102,0
LTE,470,1,62141,26219847,-1,90.2482,24.0421,1000,2,1,1759232450,1759287844,0
LTE,470,1,62141,27106365,-1,90.2473,24.0426,1000,2,1,1759232670,1759287844,0
GSM,470,1,25042,13513,-1,90.2477,24.0424,1000,1,1,1759232610,1759232610,0
LTE,470,1,56161,26402110,-1,90.2415,24.0454,1000,19,1,1759232940,1771268102,0
LTE,470,3,1171,3399683,-1,90.245,24.0441,1000,13,1,1759233050,1759287844,0
LTE,470,3,1171,3399743,-1,90.246,24.0435,1000,6,1,1759233070,1768816143,0
LTE,470,3,1171,3399681,-1,90.2481,24.0423,1000,10,1,1759233110,1771268102,0
LTE,470,1,62141,26219857,-1,90.2461,24.0435,1000,10,1,1759233320,1768816143,0
LTE,470,3,1171,3399741,-1,90.2471,24.0428,1000,1,1,1759233560,1759233560,0
LTE,470,1,56161,26402080,-1,90.2433,24.045,1000,20,1,1759233590,1759287844,0
LTE,470,3,1171,3269900,-1,90.2413,24.0462,1000,6,1,1759233650,1759287844,0
LTE,470,3,1171,3269891,-1,90.2395,24.0453,1000,8,1,1759233680,1759287844,0
LTE,470,1,56161,26402081,-1,90.2396,24.044,1000,11,1,1759233690,1759287844,0
LTE,470,3,1171,3843585,-1,90.2404,24.0398,1000,16,1,1759233730,1771268102,0
LTE,470,1,56161,26150943,-1,90.2403,24.04,1000,6,1,1759233750,1759287844,0
LTE,470,1,56161,26150944,-1,90.2415,24.0336,1000,10,1,1759233780,1759287845,0
LTE,470,3,1171,3843586,-1,90.2413,24.0354,1000,18,1,1759233790,1771268102,0
LTE,470,3,1171,3364609,-1,90.242,24.0316,1000,11,1,1759233810,1768816144,0
LTE,470,3,1171,2974979,-1,90.2423,24.0296,1000,12,1,1759233820,1768816144,0
LTE,470,1,56161,26141215,-1,90.2423,24.0296,1000,4,1,1759233830,1759287845,0
LTE,470,1,56161,26141216,-1,90.2426,24.0278,1000,3,1,1759233840,1759287845,0
LTE,470,3,1171,2974988,-1,90.2427,24.0273,1000,3,1,1759233850,1759287845,0
LTE,470,1,56981,26017567,-1,90.243,24.0258,1000,5,1,1759233860,1759287845,0
LTE,470,3,1171,2974977,-1,90.243,24.0258,1000,5,1,1759233860,1759287845,0
LTE,470,1,56981,26017569,-1,90.244,24.0205,1000,12,1,1759233880,1759287845,0
LTE,470,3,1141,3824841,-1,90.2438,24.0217,1000,14,1,1759233880,1771268102,0
LTE,470,3,1141,3824843,-1,90.2447,24.0175,1000,15,1,1759233921,1771268102,0
LTE,470,1,56981,26017568,-1,90.2471,24.0119,1000,13,1,1759233940,1759287845,0
LTE,470,3,1141,2784201,-1,90.2475,24.011,1000,17,1,1759233950,1759287845,0
LTE,470,1,56821,26024223,-1,90.2509,24.0038,1000,8,1,1759234000,1759287845,0
LTE,470,3,1141,2784202,-1,90.251,24.0037,1000,9,1,1759234000,1771268103,0
LTE,470,3,1141,4330697,-1,90.252,24.0015,1000,9,1,1759234020,1759287845,0
LTE,470,1,56821,26024224,-1,90.2528,23.9996,1000,6,1,1759234040,1759287845,0
LTE,470,3,1141,4330717,-1,90.2531,23.9991,1000,3,1,1759234050,1759287845,0
LTE,470,1,56821,26016799,-1,90.2544,23.9963,1000,13,1,1759234060,1759287845,0
LTE,470,3,1141,3048671,-1,90.2544,23.9964,1000,13,1,1759234060,1768816145,0
LTE,470,3,1141,3048669,-1,90.2557,23.9936,1000,11,1,1759234120,1768816145,0
LTE,470,1,56821,26016287,-1,90.2559,23.9932,1000,5,1,1759234130,1759287845,0
LTE,470,3,1141,3048670,-1,90.2565,23.992,1000,5,1,1759234140,1768816145,0
LTE,470,1,56821,26016288,-1,90.2564,23.992,1000,3,1,1759234150,1759287845,0
LTE,470,1,56821,26016800,-1,90.2578,23.9892,1000,12,1,1759234160,1759287846,0
LTE,470,3,1141,3048458,-1,90.2571,23.9908,1000,8,1,1759234160,1771268103,0
LTE,470,3,1141,2588499,-1,90.2585,23.9877,1000,4,1,1759234190,1759287846,0
LTE,470,1,56821,26016032,-1,90.26,23.9846,1000,9,1,1759234200,1759287846,0
LTE,470,3,1141,28188639,-1,90.2591,23.9865,1000,3,1,1759234200,1759287846,0
LTE,470,1,56821,26996511,-1,90.2596,23.9854,1000,3,1,1759234210,1759287846,0
LTE,470,3,1141,28188637,-1,90.2605,23.9836,1000,12,1,1759234210,1759287846,0
LTE,470,1,56821,26996513,-1,90.2613,23.9819,1000,4,1,1759234240,1759287846,0
LTE,470,1,56821,27281439,-1,90.2622,23.9797,1000,8,1,1759234250,1759287846,0
LTE,470,3,1141,3437023,-1,90.2621,23.9802,1000,15,1,1759234250,1771268103,0
LTE,470,3,1141,2972381,-1,90.2625,23.979,1000,4,1,1759234260,1759287846,0
LTE,470,1,56821,27281441,-1,90.2639,23.9756,1000,8,1,1759234270,1759287846,0
LTE,470,3,1141,3437003,-1,90.2628,23.9782,1000,2,1,1759234270,1759287846,0
LTE,470,1,56821,27281444,-1,90.2634,23.9768,1000,5,1,1759234280,1759287846,0
LTE,470,3,1141,2972383,-1,90.2639,23.9757,1000,11,1,1759234280,1759287846,0
LTE,470,1,56821,26996255,-1,90.2659,23.9708,1000,15,1,1759234320,1759287846,0
LTE,470,3,1141,4096203,-1,90.2669,23.9685,1000,10,1,1759234320,1768816145,0
LTE,470,3,1141,2972226,-1,90.2649,23.9733,1000,12,1,1759234330,1771268103,0
LTE,470,3,1141,4096223,-1,90.267,23.9684,611,34,1,1759234340,1771268104,0
LTE,470,1,56821,26996257,-1,90.2677,23.9665,1000,5,1,1759234370,1759287846,0
LTE,470,3,1141,4096063,-1,90.2674,23.9674,1000,10,1,1759234390,1768816145,0
LTE,470,1,56821,26008351,-1,90.2692,23.9629,1000,10,1,1759234400,1759287846,0
LTE,470,3,1135,4503359,-1,90.2689,23.9639,1000,11,1,1759234400,1768816145,0
LTE,470,3,1135,3204811,-1,90.2698,23.9617,1000,9,1,1759234420,1768816145,0
LTE,470,1,56821,26008355,-1,90.2703,23.9604,1000,5,1,1759234430,1759287846,0
LTE,470,3,1135,3204810,-1,90.2708,23.9589,1000,14,1,1759234440,1771268104,0
LTE,470,1,56821,26008353,-1,90.271,23.9586,1000,6,1,1759234460,1759287846,0
LTE,470,3,1135,3204809,-1,90.2712,23.9581,1000,4,1,1759234490,1771268104,0
LTE,470,1,56821,26004767,-1,90.2723,23.9556,1000,12,1,1759234510,1759287846,0
LTE,470,3,1135,3204830,-1,90.2712,23.9581,1000,11,1,1759234510,1771268104,0
LTE,470,3,1135,2745919,-1,90.2723,23.9556,1000,7,1,1759234520,1771268104,0
LTE,470,3,1135,30103519,-1,90.2709,23.959,1000,12,1,1759234530,1771268104,0
LTE,470,3,1135,2745859,-1,90.2726,23.955,1000,11,1,1759234540,1768816146,0
LTE,470,1,56821,26004768,-1,90.2739,23.9519,1000,10,1,1759234580,1759287846,0
LTE,470,3,1135,2745857,-1,90.2738,23.952,1000,21,1,1759234580,1771268104,0
LTE,470,3,1135,3156226,-1,90.2743,23.9494,1000,15,1,1759234620,1771268104,0
LTE,470,1,56821,26004051,-1,90.2744,23.9494,1000,4,1,1759234630,1759287846,0
LTE,470,1,58611,27202335,-1,90.2728,23.9445,1000,2,1,1759234725,1759287846,0
LTE,470,3,1135,3654461,-1,90.2733,23.9455,1000,3,1,1759234725,1768816146,0
LTE,470,3,1135,3221822,-1,90.2721,23.9432,1000,4,1,1759234730,1771268104,0
LTE,470,1,58611,27202337,-1,90.2723,23.9436,1000,3,1,1759234740,1759287846,0
LTE,470,3,1135,3221962,-1,90.2723,23.9436,1000,17,1,1759234740,1771268104,0
LTE,470,1,58611,26004512,-1,90.2716,23.942,1000,8,1,1759234770,1759287847,0
LTE,470,3,1135,3513345,-1,90.2715,23.942,1000,6,1,1759234800,1771268104,0
LTE,470,3,1135,3654603,-1,90.2711,23.9411,1000,5,1,1759234830,1771268104,0
LTE,470,1,58611,27185184,-1,90.2702,23.9391,1000,9,1,1759234850,1759287847,0
LTE,470,3,1135,3818185,-1,90.269,23.9367,1000,18,1,1759234850,1771268105,0
LTE,470,3,1135,4323273,-1,90.2706,23.9402,1000,4,1,1759234900,1771268104,0
LTE,470,1,58611,25999905,-1,90.269,23.9366,1000,5,1,1759234960,1759287847,0
LTE,470,1,58611,26012448,-1,90.2679,23.9341,1000,5,1,1759235070,1759287847,0
LTE,470,3,1135,2680778,-1,90.2674,23.9331,1000,12,1,1759235080,1771268105,0
LTE,470,1,58611,27016481,-1,90.2672,23.9326,1000,3,1,1759235090,1759287847,0
LTE,470,3,1135,2680578,-1,90.2672,23.9326,1000,3,1,1759235090,1759287847,0
LTE,470,1,58611,26007328,-1,90.2662,23.9307,1000,7,1,1759235100,1759287847,0
LTE,470,3,1135,3687427,-1,90.2652,23.9283,1000,13,1,1759235100,1771268105,0
LTE,470,1,58601,26856735,-1,90.2652,23.9283,1000,5,1,1759235120,1759287847,0
LTE,470,3,1135,3687425,-1,90.2654,23.9287,1000,13,1,1759235120,1771268105,0
LTE,470,1,58601,26012704,-1,90.2643,23.9263,1000,6,1,1759235140,1759287847,0
LTE,470,3,1135,3633921,-1,90.2644,23.9265,1000,6,1,1759235140,1771268105,0
LTE,470,3,1135,3634121,-1,90.2636,23.9249,1000,12,1,1759235150,1771268105,0
LTE,470,1,58601,26008863,-1,90.2636,23.9247,1000,3,1,1759235160,1759287847,0
LTE,470,1,58601,26008865,-1,90.2626,23.9227,1000,8,1,1759235170,1759287847,0
LTE,470,3,1135,3445258,-1,90.2625,23.9225,1000,3,1,1759235180,1759287847,0
LTE,470,3,1135,3445250,-1,90.2621,23.9216,1000,3,1,1759235190,1759287847,0
LTE,470,1,58601,27448351,-1,90.2616,23.9204,1000,3,1,1759235200,1759287847,0
LTE,470,3,1135,3993603,-1,90.2616,23.9203,1000,8,1,1759235200,1771268105,0
LTE,470,1,58601,26012241,-1,90.2604,23.9177,1000,12,1,1759235210,1759287847,0
LTE,470,3,1135,3233793,-1,90.2612,23.9193,1000,5,1,1759235210,1768816147,0
LTE,470,3,1135,3823882,-1,90.2596,23.9159,1000,17,1,1759235220,1771268105,0
LTE,470,3,1135,3823954,-1,90.2592,23.9151,1000,2,1,1759235260,1759287847,0
LTE,470,1,58601,27195477,-1,90.2595,23.9134,1000,11,1,1759235260,1759287847,0
LTE,470,3,1135,3823874,-1,90.2581,23.9138,1000,16,1,1759235270,1771268105,0
LTE,470,1,58601,26012243,-1,90.2612,23.9116,1000,8,1,1759235290,1759287847,0
LTE,470,3,1135,3823934,-1,90.2592,23.9129,1000,6,1,1759235320,1771268105,0
LTE,470,3,1135,3497987,-1,90.2614,23.9113,500,34,1,1759235330,1768816147,0
LTE,470,1,58601,26013000,-1,90.2621,23.9107,1000,14,1,1759235360,1768816147,0
LTE,470,3,1135,3498047,-1,90.2621,23.9107,1000,6,1,1759235380,1768816147,0
LTE,470,1,58601,26012233,-1,90.2602,23.9121,1000,15,1,1759235420,1768816147,0
LTE,470,1,56811,27037511,-1,90.2323,23.9119,1000,4,1,1759236371,1759287901,0
LTE,470,3,1136,3038411,-1,90.2319,23.9119,500,29,1,1759236371,1771268106,0
LTE,470,1,56811,26385993,-1,90.2255,23.9097,1000,15,1,1759236391,1759287902,0
LTE,470,3,1136,3725059,-1,90.231,23.9115,1000,2,1,1759236391,1759287901,0
LTE,470,3,1136,3586879,-1,90.1955,23.9053,18311,20,1,1759236401,1771268106,0
LTE,470,3,1136,3145543,-1,90.2238,23.9089,1000,7,1,1759236451,1759287901,0
LTE,470,3,1136,3638495,-1,90.2204,23.9084,1000,19,1,1759236471,1771268106,0
LTE,470,1,56811,27029319,-1,90.2167,23.9081,1000,16,1,1759236481,1759287902,0
LTE,470,3,1136,4101180,-1,90.2144,23.908,1000,7,1,1759236511,1759287902,0
LTE,470,1,56811,26207815,-1,90.2057,23.9078,1000,17,1,1759236531,1759287902,0
LTE,470,3,1136,3495997,-1,90.2112,23.9079,1000,7,1,1759236531,1759287902,0
LTE,470,3,1136,4433983,-1,90.2021,23.9083,736,31,1,1759236551,1759287902,0
LTE,470,1,56811,26706248,-1,90.1901,23.9108,1000,20,1,1759236631,1759287903,0
LTE,470,3,1136,4101122,-1,90.1944,23.91,1000,4,1,1759236661,1759287902,0
LTE,470,3,1136,3042507,-1,90.1945,23.9097,1202,27,1,1759236681,1771268106,0
LTE,470,3,1140,3676674,-1,90.1882,23.9112,1000,16,1,1759236711,1771268106,0
LTE,470,3,1140,2591805,-1,90.1879,23.9113,1000,10,1,1759236721,1768816148,0
LTE,470,3,1140,3676734,-1,90.1848,23.9118,1000,14,1,1759236741,1768816148,0
LTE,470,3,1140,3676733,-1,90.1792,23.9129,1000,18,1,1759236751,1759287903,0
LTE,470,1,56811,26449479,-1,90.1751,23.9139,598,26,1,1759236771,1759287903,0
LTE,470,3,1136,4101182,-1,90.1914,23.9105,1634,12,1,1759236811,1768816149,0
LTE,470,3,1140,2961214,-1,90.1717,23.9148,1000,24,1,1759236831,1771268107,0
LTE,470,1,56811,26448969,-1,90.1631,23.9162,642,26,1,1759236871,1759287903,0
LTE,470,3,1140,2961215,-1,90.1642,23.916,1000,12,1,1759236891,1771268107,0
LTE,470,3,1140,3270462,-1,90.1564,23.9176,1000,20,1,1759236951,1768816149,0
LTE,470,1,56811,26705993,-1,90.1485,23.9201,1000,24,1,1759236971,1759287903,0
LTE,470,3,1140,3270623,-1,90.1462,23.9207,1000,18,1,1759237001,1771268161,0
LTE,470,3,1140,3988483,-1,90.1396,23.9224,1000,15,1,1759237061,1768816149,0
LTE,470,1,56811,26705983,-1,90.1483,23.92,1084,33,1,1759237091,1768816149,0
LTE,470,1,56811,26706003,-1,90.137,23.9223,1000,4,1,1759237101,1759287903,0
LTE,470,3,1140,3988543,-1,90.1362,23.9221,1000,7,1,1759237101,1759287903,0
LTE,470,1,56811,26705165,-1,90.1358,23.9219,1000,17,1,1759237111,1768816149,0
LTE,470,3,1140,3445575,-1,90.1333,23.9214,1000,7,1,1759237121,1759287903,0
LTE,470,1,56811,26457100,-1,90.1289,23.9205,516,28,1,1759237141,1768816150,0
LTE,470,3,1140,3395295,-1,90.1237,23.9196,1000,18,1,1759237141,1771268161,0
LTE,470,1,56811,26457171,-1,90.1216,23.9192,1000,14,1,1759237181,1759287904,0
LTE,470,3,1140,3395294,-1,90.1287,23.9206,1264,26,1,1759237191,1771268161,0
LTE,470,1,56811,26449233,-1,90.1109,23.9183,1000,19,1,1759237221,1771268162,0
LTE,470,3,1140,4239677,-1,90.1155,23.9185,1000,4,1,1759237231,1759287904,0
LTE,470,3,1140,3638590,-1,90.1136,23.9184,1000,4,1,1759237241,1759287904,0
LTE,470,3,1140,3276358,-1,90.1095,23.9182,1000,16,1,1759237251,1768816150,0
LTE,470,3,1140,2592070,-1,90.0994,23.917,1000,24,1,1759237291,1771268162,0
LTE,470,1,56811,26449185,-1,90.1002,23.9172,1000,11,1,1759237311,1759287904,0
LTE,470,3,1140,4353087,-1,90.1028,23.9178,1000,4,1,1759237311,1759287904,0
LTE,470,1,56811,26701599,-1,90.0991,23.917,1000,7,1,1759237331,1759287904,0
LTE,470,1,56811,26705480,-1,90.0839,23.9153,1084,50,1,1759237361,1771268162,0
LTE,470,3,1140,2592063,-1,90.0906,23.9161,1000,20,1,1759237381,1771268162,0
LTE,470,3,1140,4990269,-1,90.0875,23.916,1000,5,1,1759237411,1759287904,0
LTE,470,3,1140,4101438,-1,90.0847,23.9157,1000,10,1,1759237441,1771268162,0
LTE,470,3,1140,4101378,-1,90.0804,23.9147,759,37,1,1759237451,1771268162,0
LTE,470,1,56811,26705440,-1,90.076,23.9135,1000,4,1,1759237521,1759287905,0
LTE,470,1,56811,27034942,-1,90.072,23.9119,1000,15,1,1759237531,1759287905,0
LTE,470,3,1140,4101377,-1,90.0731,23.9123,1000,18,1,1759237541,1771268162,0
LTE,470,3,1140,4101379,-1,90.0682,23.9105,559,27,1,1759237561,1771268163,0
LTE,470,1,56811,26163261,-1,90.0635,23.9089,1000,13,1,1759237571,1759287905,0
LTE,470,3,1140,4101439,-1,90.0635,23.9089,1000,6,1,1759237591,1771268163,0
LTE,470,3,1138,3265864,-1,90.0581,23.9077,1000,17,1,1759237621,1771268163,0
LTE,470,1,56811,26163213,-1,90.059,23.9079,1000,12,1,1759237661,1768816151,0
LTE,470,1,56121,26709004,-1,90.0524,23.9068,1000,18,1,1759237681,1768816151,0
LTE,470,3,1138,3265853,-1,90.0509,23.9065,1000,4,1,1759237711,1759287905,0
LTE,470,1,56121,26709005,-1,90.0466,23.9059,500,28,1,1759237721,1768816151,0
LTE,470,3,1138,3265854,-1,90.0463,23.9057,1000,12,1,1759237721,1771268163,0
LTE,470,1,56121,27328779,-1,90.0426,23.9045,1000,4,1,1759237761,1759287905,0
LTE,470,1,56121,27328780,-1,90.0407,23.9026,1000,15,1,1759237771,1768816151,0
LTE,470,3,1138,3734785,-1,90.0403,23.9021,1000,18,1,1759237771,1768816151,0
LTE,470,1,56121,27328781,-1,90.0375,23.8974,500,31,1,1759237801,1768816151,0
LTE,470,3,1138,3734787,-1,90.0373,23.8971,1000,13,1,1759237811,1771268163,0
LTE,470,1,56121,26224140,-1,90.0348,23.8911,1000,11,1,1759237851,1768816151,0
LTE,470,3,1138,2808065,-1,90.036,23.894,500,28,1,1759237851,1771268163,0
LTE,470,3,1138,2808067,-1,90.0341,23.8896,500,25,1,1759237861,1771268163,0
LTE,470,1,56121,26224141,-1,90.0295,23.8836,1067,26,1,1759237881,1768816152,0
LTE,470,3,1138,2808126,-1,90.033,23.887,1000,4,1,1759237881,1759287906,0
LTE,470,3,1138,3680574,-1,90.0275,23.8823,1000,9,1,1759237891,1771268164,0
LTE,470,1,56121,27076363,-1,90.0302,23.8824,1000,20,1,1759237911,1768816152,0
LTE,470,3,1138,3680514,-1,90.0211,23.8784,1122,22,1,1759237911,1771268164,0
LTE,470,1,56121,27076365,-1,90.0218,23.8795,563,35,1,1759237941,1768816152,0
LTE,470,3,1138,4134145,-1,90.0249,23.8805,1000,3,1,1759237951,1759287906,0
LTE,470,3,1138,4134205,-1,90.0213,23.8797,1000,7,1,1759237971,1759287906,0
LTE,470,1,56121,27076385,-1,90.0217,23.8793,1000,15,1,1759237991,1771268164,0
GSM,470,3,726,41481,-1,90.0135,23.8744,1000,6,1,1759238011,1759287906,0
GSM,470,3,726,1195,-1,90.0124,23.874,1000,17,1,1759238011,1759287906,0
LTE,470,1,58351,25989644,-1,90.0154,23.8752,1000,17,1,1759238031,1768816152,0
GSM,470,3,726,12251,-1,90.0118,23.8736,652,28,1,1759238031,1759287906,0
LTE,470,1,58351,27024909,-1,90.0161,23.8757,1000,6,1,1759238041,1768816152,0
GSM,470,3,726,64371,-1,90.0144,23.8743,1000,7,1,1759238053,1759287906,0
LTE,470,1,58351,25989643,-1,90.0137,23.8737,1000,3,1,1759238071,1759287906,0
LTE,470,1,58351,25989647,-1,90.0102,23.8728,1000,20,1,1759238081,1768816152,0
GSM,470,3,726,64372,-1,90.0118,23.8731,1000,6,1,1759238081,1759287906,0
GSM,470,3,726,12261,-1,90.0076,23.8723,1000,10,1,1759238101,1759287906,0
GSM,470,3,726,26631,-1,90.0083,23.8724,1000,7,1,1759238101,1759287906,0
LTE,470,1,58351,27167756,-1,90.0056,23.872,1000,13,1,1759238121,1768816152,0
LTE,470,3,1138,2617857,-1,90.0083,23.8727,934,25,1,1759238131,1771268164,0
LTE,470,3,1138,2617917,-1,90.0026,23.8715,592,33,1,1759238141,1771268164,0
LTE,470,1,58351,27167755,-1,90.0021,23.8714,1000,14,1,1759238161,1768816152,0
LTE,470,1,58351,25955925,-1,89.9947,23.8704,1000,13,1,1759238181,1771268165,0
LTE,470,3,1138,2617858,-1,89.9934,23.8701,1000,19,1,1759238201,1771268164,0
LTE,470,3,1138,3533058,-1,89.9881,23.8708,1000,7,1,1759238241,1771268165,0
LTE,470,1,58351,25990157,-1,89.9877,23.871,1000,7,1,1759238251,1759287907,0
LTE,470,3,1138,2890753,-1,89.9785,23.8705,1435,22,1,1759238261,1771268165,0
LTE,470,1,58351,26604299,-1,89.9854,23.8714,1000,4,1,1759238271,1759287907,0
LTE,470,1,58371,26983180,-1,89.9828,23.8719,1000,19,1,1759238281,1771268165,0
LTE,470,3,1138,4792833,-1,89.9752,23.8716,1196,22,1,1759238281,1771268165,0
LTE,470,1,1138,4792833,-1,89.9808,23.8723,1000,4,1,1759238301,1759287907,0
LTE,470,1,58371,26983181,-1,89.9753,23.8723,588,33,1,1759238311,1771268165,0
LTE,470,1,58371,27081739,-1,89.9689,23.8704,1225,16,1,1759238361,1771268165,0
LTE,470,3,1138,3241987,-1,89.9702,23.871,947,43,1,1759238361,1771268165,0
LTE,470,1,58371,26440972,-1,89.9626,23.8646,500,28,1,1759238421,1771268165,0
LTE,470,3,1138,2890755,-1,89.9638,23.867,1000,4,1,1759238421,1759287907,0
GSM,470,3,726,31541,-1,89.96,23.8604,1000,7,1,1759238461,1759287907,0
GSM,470,3,726,7801,-1,89.9599,23.8603,1000,6,1,1759238461,1759287907,0
GSM,470,3,726,31543,-1,89.9604,23.861,1000,9,1,1759238461,1759287907,0
LTE,470,1,58371,27081741,-1,89.9593,23.8593,1000,17,1,1759238471,1771268165,0
LTE,470,1,58371,26439948,-1,89.9595,23.8595,1000,6,1,1759238481,1771268165,0
GSM,470,3,726,26633,-1,89.9696,23.864,1786,5,1,1759238491,1771268165,0
LTE,470,3,1138,3367681,-1,89.9585,23.8583,1031,24,1,1759238501,1771268165,0
LTE,470,1,58371,26162699,-1,89.9551,23.8531,1000,18,1,1759238521,1768816154,0
LTE,470,1,58371,26162700,-1,89.9531,23.8505,1000,4,1,1759238561,1759287908,0
LTE,470,3,1138,3367682,-1,89.952,23.8497,1000,14,1,1759238561,1768816154,0
LTE,470,1,58371,26162701,-1,89.9462,23.8497,1000,19,1,1759238571,1768816154,0
LTE,470,3,1138,3015938,-1,89.9461,23.8493,500,30,1,1759238591,1768816154,0
LTE,470,1,58371,26440715,-1,89.9352,23.8516,650,30,1,1759238641,1768816154,0
LTE,470,3,1138,3015937,-1,89.943,23.8528,1957,28,1,1759238641,1768816154,0
LTE,470,3,1138,3015939,-1,89.9311,23.8525,1000,9,1,1759238701,1759287908,0
LTE,470,1,58371,26439949,-1,89.9258,23.8541,635,34,1,1759238711,1768816154,0
LTE,470,3,1138,3756290,-1,89.9222,23.8543,1000,19,1,1759238731,1768816154,0
LTE,470,3,1138,3869954,-1,89.9234,23.8549,1000,19,1,1759238761,1768816154,0
LTE,470,1,58361,26453007,-1,89.8954,23.8501,2520,20,1,1759238811,1768816155,0
LTE,470,1,58371,26440460,-1,89.9177,23.8548,1000,14,1,1759238821,1768816154,0
LTE,470,1,58371,26440459,-1,89.9119,23.8534,500,31,1,1759238841,1768816154,0
LTE,470,3,1138,3756289,-1,89.9123,23.8535,503,25,1,1759238841,1771268166,0
LTE,470,1,58371,26440461,-1,89.8997,23.8507,1221,21,1,1759238891,1768816155,0
LTE,470,3,1138,3756291,-1,89.8991,23.8506,1249,50,1,1759238891,1771268166,0
LTE,470,3,1138,3869955,-1,89.8916,23.8493,1000,16,1,1759238991,1771268166,0
LTE,470,1,58371,26454284,-1,89.8801,23.8498,1000,19,1,1759239011,1768816155,0
LTE,470,3,1138,3870015,-1,89.8879,23.8489,1000,13,1,1759239011,1768816155,0
GSM,470,3,726,28512,-1,89.8809,23.8497,1000,15,1,1759239031,1768816155,0
GSM,470,3,726,56723,-1,89.8827,23.8491,1000,7,1,1759239031,1759287909,0
GSM,470,3,726,28511,-1,89.8822,23.8496,1000,18,1,1759239031,1768816155,0
LTE,470,1,58371,26454285,-1,89.8726,23.8514,1000,22,1,1759239081,1768816155,0
LTE,470,3,1138,3290113,-1,89.8702,23.8514,1000,18,1,1759239091,1771268166,0
LTE,470,3,1138,3290114,-1,89.8706,23.8516,1000,7,1,1759239101,1759287909,0
LTE,470,1,58361,26889996,-1,89.866,23.8509,1000,23,1,1759239121,1768816155,0
LTE,470,3,1138,3290115,-1,89.8636,23.8504,1000,10,1,1759239131,1771268166,0
LTE,470,1,58371,27136780,-1,89.8596,23.8496,1000,23,1,1759239161,1768816155,0
GSM,470,3,726,28513,-1,89.8579,23.8493,1000,8,1,1759239171,1759287909,0
LTE,470,1,58371,27136781,-1,89.8477,23.8472,936,50,1,1759239181,1768816156,0
LTE,470,3,1138,3913791,-1,89.8498,23.8476,1000,22,1,1759239181,1771268167,0
LTE,470,3,1138,4133694,-1,89.8543,23.8487,1000,7,1,1759239191,1759287909,0
LTE,470,3,1138,3913730,-1,89.851,23.848,1000,9,1,1759239211,1771268167,0
LTE,470,3,1138,3759874,-1,89.8383,23.8459,851,50,1,1759239241,1771268167,0
LTE,470,1,58371,26454540,-1,89.8331,23.8458,1000,16,1,1759239281,1768816156,0
LTE,470,3,1138,3759873,-1,89.8297,23.8459,1000,15,1,1759239331,1771268167,0
LTE,470,3,1138,3759875,-1,89.818,23.8426,1208,28,1,1759239351,1771268168,0
LTE,470,1,58371,26454541,-1,89.8225,23.8456,1000,12,1,1759239361,1768816156,0
LTE,470,1,58371,26960396,-1,89.8173,23.8452,1000,9,1,1759239421,1768816156,0
LTE,470,1,58371,26960397,-1,89.8139,23.8445,1000,14,1,1759239451,1768816156,0
LTE,470,1,58371,26708491,-1,89.812,23.8412,1000,9,1,1759239471,1768816156,0
LTE,470,3,1138,2707262,-1,89.8136,23.8323,1417,27,1,1759239471,1771268168,0
LTE,470,1,58371,26708492,-1,89.8136,23.8332,1000,17,1,1759239511,1768816156,0
LTE,470,3,1138,2707202,-1,89.8134,23.8336,1483,34,1,1759239551,1771268168,0
LTE,470,1,58371,26454028,-1,89.8144,23.829,1000,8,1,1759239571,1768816156,0
LTE,470,1,58371,26438157,-1,89.8131,23.8171,1000,17,1,1759239611,1768816157,0
LTE,470,3,1138,3990079,-1,89.8126,23.8155,1515,50,1,1759239611,1771268168,0
LTE,470,1,58371,27069195,-1,89.8126,23.8156,1000,19,1,1759239671,1768816157,0
LTE,470,1,58371,27069197,-1,89.8104,23.8008,1000,19,1,1759239721,1768816157,0
LTE,470,3,1138,3493889,-1,89.8105,23.8018,1027,22,1,1759239761,1768816157,0
LTE,470,1,58371,26042635,-1,89.8105,23.7973,1000,4,1,1759239781,1759287911,0
LTE,470,1,58371,26709517,-1,89.7982,23.787,1533,15,1,1759239801,1759287913,0
LTE,470,1,58371,26454795,-1,89.8084,23.7902,1000,11,1,1759239811,1768816157,0
LTE,470,3,1138,3493891,-1,89.8,23.7751,2244,27,1,1759239841,1771268171,0
LTE,470,1,58371,26454847,-1,89.8072,23.7795,2178,43,1,1759240071,1768816159,0
LTE,470,1,58371,26454857,-1,89.797,23.784,1671,25,1,1759240311,1759287913,0
LTE,470,3,1138,3493951,-1,89.8016,23.7757,1960,33,1,1759240421,1771268171,0
LTE,470,1,58371,26454867,-1,89.8012,23.774,1527,36,1,1759241121,1771268171,0
LTE,470,3,1138,3493971,-1,89.8107,23.79,1000,2,1,1759241351,1759287911,0
LTE,470,3,4097,3146450,-1,89.7997,23.7746,2176,34,1,1759242452,1771268170,0
LTE,470,1,1138,3493951,-1,89.8104,23.7898,1000,1,1,1759242811,1759242811,0
LTE,470,3,4097,3146470,-1,89.7952,23.773,2347,22,1,1759243181,1771268170,0
LTE,470,3,4097,3146280,-1,89.8006,23.7748,1992,38,1,1759244122,1771268171,0
LTE,470,3,4097,3146250,-1,89.8056,23.778,1797,29,1,1759244842,1771268170,0
LTE,470,1,58371,26454797,-1,89.8068,23.7778,2451,32,1,1759246642,1768816158,0
LTE,470,3,1138,3493890,-1,89.8125,23.7816,1000,11,1,1759246692,1771268169,0
LTE,470,3,4097,4385537,-1,89.8104,23.7814,1000,10,1,1759247812,1771268169,0
LTE,470,1,46171,29141054,-1,89.7921,23.77,2720,47,1,1759247922,1768816159,0
LTE,470,1,46171,29141074,-1,89.7916,23.7695,1236,50,1,1759248122,1771268171,0
LTE,470,3,4097,3929345,-1,89.8099,23.7871,1000,2,1,1759248712,1768816158,0
LTE,470,1,58371,26454815,-1,89.8096,23.7919,1000,18,1,1759248872,1771268169,0
LTE,470,1,46171,29141064,-1,89.7973,23.7949,3711,6,1,1759249092,1783784461,0
LTE,470,1,46171,29421067,-1,89.7928,23.7834,1000,5,1,1759249472,1759287912,0
LTE,470,1,46171,28712715,-1,89.7929,23.7832,1000,2,1,1759249602,1759287912,0
LTE,470,3,4097,3146253,-1,89.7898,23.7813,1000,5,1,1759249702,1759287912,0
LTE,470,1,4097,3146450,-1,89.7857,23.7742,1000,2,1,1759250232,1759287913,0
LTE,470,1,46171,29141004,-1,89.7857,23.7683,500,28,1,1759250442,1759287913,0
LTE,470,3,4097,3146274,-1,89.7991,23.7757,1630,2,1,1759250742,1771268169,0
LTE,470,1,46171,29140798,-1,89.7824,23.7644,1000,18,1,1759251222,1768816159,0
LTE,470,3,4097,3939617,-1,89.7796,23.7636,1000,17,1,1759251252,1771268171,0
LTE,470,3,4097,3939615,-1,89.7777,23.76,1000,11,1,1759251282,1759287913,0
LTE,470,1,46171,28712787,-1,89.7756,23.7575,1000,22,1,1759251302,1771268172,0
LTE,470,3,4097,3939586,-1,89.775,23.7563,607,29,1,1759251312,1768816159,0
LTE,470,1,46171,29141005,-1,89.7737,23.7547,1000,14,1,1759251322,1759287913,0
LTE,470,3,4097,3814915,-1,89.7722,23.7529,1000,4,1,1759251352,1759287913,0
LTE,470,1,46171,29141260,-1,89.7703,23.7504,1000,16,1,1759251362,1771268172,0
LTE,470,3,4097,3814913,-1,89.7701,23.7498,1000,9,1,1759251362,1759287914,0
LTE,470,1,46171,29141261,-1,89.7666,23.7421,1000,20,1,1759251412,1771268172,0
LTE,470,3,4097,3814914,-1,89.7669,23.7426,1000,22,1,1759251422,1759287914,0
LTE,470,1,46171,29421088,-1,89.7619,23.734,1000,20,1,1759251482,1768816160,0
LTE,470,3,4097,3814944,-1,89.7661,23.7409,1000,16,1,1759251502,1771268172,0
LTE,470,3,4097,2691359,-1,89.7608,23.7324,542,36,1,1759251522,1771268172,0
LTE,470,1,46171,28712992,-1,89.7553,23.7287,1000,22,1,1759251542,1768816160,0
LTE,470,3,4097,2691361,-1,89.752,23.7267,641,40,1,1759251592,1771268172,0
LTE,470,1,46171,28712973,-1,89.7469,23.7224,1000,19,1,1759251662,1771268173,0
LTE,470,3,4097,4272129,-1,89.7439,23.7192,661,41,1,1759251692,1771268172,0
LTE,470,1,46171,29146891,-1,89.7401,23.7144,567,36,1,1759251792,1771268173,0
LTE,470,3,4097,4272130,-1,89.7361,23.709,1000,22,1,1759251852,1771268173,0
LTE,470,1,46171,29146892,-1,89.7329,23.7055,806,43,1,1759251882,1771268173,0
LTE,470,1,46171,28804366,-1,89.7253,23.7005,704,31,1,1759251962,1771268173,0
LTE,470,3,4097,2984992,-1,89.7197,23.6966,1015,50,1,1759251982,1771268173,0
LTE,470,1,46171,28804364,-1,89.718,23.695,500,28,1,1759252032,1771268173,0
LTE,470,1,46171,28804367,-1,89.7099,23.6927,500,29,1,1759252082,1771268173,0
LTE,470,3,4097,2984963,-1,89.7068,23.691,1000,19,1,1759252092,1771268173,0
LTE,470,1,46171,29143052,-1,89.7032,23.6886,500,27,1,1759252162,1771268174,0
LTE,470,3,4097,3894529,-1,89.7002,23.6842,500,27,1,1759252192,1771268174,0
LTE,470,1,46171,28851467,-1,89.7011,23.6808,1000,16,1,1759252202,1771268174,0
LTE,470,3,4097,3894530,-1,89.7037,23.6771,1000,22,1,1759252282,1771268174,0
LTE,470,1,46171,28851468,-1,89.7095,23.6721,908,48,1,1759252352,1771268174,0
LTE,470,3,4097,3768323,-1,89.7156,23.6663,934,26,1,1759252382,1771268174,0
GSM,470,3,271,40033,-1,89.7127,23.6694,1000,4,1,1759252402,1759287916,0
LTE,470,1,46171,28879627,-1,89.7186,23.6632,557,41,1,1759252432,1771268174,0
LTE,470,1,46171,28879629,-1,89.7215,23.6604,1000,6,1,1759252552,1768816203,0
LTE,470,3,4097,3768322,-1,89.7215,23.6604,1000,5,1,1759252552,1768816203,0
LTE,470,1,46171,28879628,-1,89.7291,23.6545,894,31,1,1759252562,1771268174,0
LTE,470,3,4097,3768321,-1,89.7256,23.6572,1000,9,1,1759252562,1768816203,0
LTE,470,3,4097,4761601,-1,89.7322,23.6521,1000,18,1,1759252592,1759287917,0
LTE,470,1,46171,29228555,-1,89.7352,23.6498,1000,22,1,1759252622,1771268175,0
LTE,470,1,46171,29228556,-1,89.7417,23.6447,616,36,1,1759252672,1771268175,0
LTE,470,3,4097,2983940,-1,89.7424,23.6442,1000,19,1,1759252672,1759287917,0
LTE,470,1,46171,28880139,-1,89.7518,23.6379,1000,22,1,1759252732,1771268221,0
LTE,470,3,4097,2983937,-1,89.7472,23.6407,1000,6,1,1759252732,1759287917,0
LTE,470,3,4097,2983938,-1,89.7614,23.6306,1342,26,1,1759252762,1768816204,0
LTE,470,1,46171,28880144,-1,89.757,23.6347,1000,14,1,1759252822,1771268221,0
LTE,470,1,46171,28880140,-1,89.7669,23.6248,1340,35,1,1759252842,1771268221,0
LTE,470,1,46131,29614625,-1,89.7678,23.624,1000,6,1,1759252902,1759287917,0
LTE,470,1,46131,29614605,-1,89.7684,23.6231,1000,11,1,1759252912,1771268221,0
GSM,470,3,271,6552,-1,89.7679,23.6239,1000,6,1,1759252912,1759287917,0
GSM,470,3,271,12937,-1,89.7667,23.6256,1000,3,1,1759252912,1759287917,0
GSM,470,3,271,56930,-1,89.7667,23.6256,1000,3,1,1759252912,1759287917,0
LTE,470,1,46141,28850955,-1,89.7742,23.6138,1021,43,1,1759252962,1771268222,0
LTE,470,3,4097,3288065,-1,89.7716,23.618,1000,22,1,1759252962,1771268221,0
LTE,470,3,4097,3288067,-1,89.7777,23.6083,605,33,1,1759253042,1768816204,0
LTE,470,1,46141,28850957,-1,89.7781,23.6076,1000,12,1,1759253062,1771268222,0
LTE,470,1,46141,28850956,-1,89.7806,23.6036,500,26,1,1759253092,1771268222,0
LTE,470,3,4102,3836674,-1,89.7818,23.6021,1000,23,1,1759253092,1768816204,0
LTE,470,1,46141,29351179,-1,89.7838,23.6003,1000,11,1,1759253142,1771268222,0
LTE,470,3,4102,3955971,-1,89.7891,23.5973,830,36,1,1759253152,1768816205,0
LTE,470,1,46141,29693965,-1,89.7886,23.5975,1000,16,1,1759253163,1771268222,0
LTE,470,1,46141,29693964,-1,89.7963,23.5939,500,26,1,1759253222,1771268222,0
LTE,470,3,4102,3955970,-1,89.8007,23.592,602,30,1,1759253242,1771268222,0
LTE,470,1,46141,28852749,-1,89.8029,23.591,1000,23,1,1759253262,1771268222,0
LTE,470,3,4102,3939330,-1,89.8042,23.5904,1000,4,1,1759253292,1759287962,0
LTE,470,1,46141,28460299,-1,89.8069,23.5885,500,29,1,1759253302,1771268222,0
LTE,470,3,4102,2785027,-1,89.8063,23.5895,1000,19,1,1759253302,1771268222,0
LTE,470,3,4102,2785025,-1,89.8072,23.5875,1000,20,1,1759253332,1771268222,0
LTE,470,3,4102,2785026,-1,89.7988,23.5828,1130,50,1,1759253372,1771268223,0
LTE,470,1,46141,28460301,-1,89.7993,23.5833,867,50,1,1759253382,1771268223,0
LTE,470,1,46141,29715724,-1,89.7918,23.577,1000,15,1,1759253502,1771268223,0
LTE,470,1,46141,28878859,-1,89.7922,23.5756,1000,13,1,1759253512,1768816206,0
LTE,470,3,4102,2785056,-1,89.7933,23.5781,928,25,1,1759253512,1771268223,0
LTE,470,1,46141,28878860,-1,89.792,23.5684,1000,12,1,1759253562,1768816205,0
LTE,470,3,4102,3957506,-1,89.792,23.568,500,29,1,1759253562,1771268223,0
LTE,470,1,46141,28878861,-1,89.79,23.5633,500,34,1,1759253592,1768816206,0
LTE,470,3,4097,4099073,-1,89.787,23.5599,914,34,1,1759253592,1759287963,0
LTE,470,1,46141,29173518,-1,89.7846,23.5572,521,27,1,1759253642,1768816206,0
LTE,470,1,46141,29173517,-1,89.7778,23.5508,1000,22,1,1759253692,1768816206,0
LTE,470,3,4097,4099075,-1,89.7769,23.549,642,28,1,1759253692,1768816206,0
LTE,470,1,46141,29879819,-1,89.776,23.5475,1000,9,1,1759253732,1768816206,0
LTE,470,1,46141,29879821,-1,89.7747,23.5436,1000,21,1,1759253742,1768816206,0
LTE,470,3,4097,2984223,-1,89.7736,23.5423,500,25,1,1759253752,1771268224,0
LTE,470,1,46141,28882955,-1,89.7718,23.5408,1000,11,1,1759253772,1759287963,0
LTE,470,3,4097,2984233,-1,89.7668,23.5391,500,30,1,1759253792,1771268224,0
LTE,470,1,46141,28882957,-1,89.768,23.5391,1000,7,1,1759253802,1759287963,0
LTE,470,1,46141,28883213,-1,89.76,23.5377,1000,15,1,1759253832,1759287963,0
LTE,470,3,4097,4756511,-1,89.7553,23.5367,892,49,1,1759253852,1771268224,0
LTE,470,1,46141,29015564,-1,89.7502,23.5358,500,28,1,1759253912,1768816207,0
LTE,470,3,4097,4756512,-1,89.7452,23.5383,587,33,1,1759253942,1771268224,0
LTE,470,1,46141,29015565,-1,89.7451,23.5384,1000,13,1,1759253952,1768816207,0
LTE,470,1,46141,29015568,-1,89.7365,23.5388,1000,22,1,1759253962,1768816207,0
LTE,470,3,4097,4756739,-1,89.734,23.5383,648,27,1,1759253992,1771268225,0
LTE,470,3,4097,4756483,-1,89.7332,23.538,1000,14,1,1759254012,1759287964,0
LTE,470,3,4097,2631425,-1,89.7281,23.5352,1000,7,1,1759254062,1759287964,0
LTE,470,1,46141,29017100,-1,89.7251,23.534,506,29,1,1759254062,1768816207,0
LTE,470,3,4097,2631426,-1,89.7251,23.5336,1000,6,1,1759254082,1759287964,0
LTE,470,3,4097,2631427,-1,89.71,23.5351,1235,27,1,1759254102,1768816208,0
LTE,470,1,46141,29017099,-1,89.7066,23.535,1000,22,1,1759254122,1768816208,0
LTE,470,3,4097,4222978,-1,89.7012,23.5335,1000,22,1,1759254212,1768816208,0
LTE,470,1,48291,29780747,-1,89.6923,23.5327,1000,15,1,1759254252,1768816208,0
LTE,470,3,4097,3387650,-1,89.6784,23.5339,1761,23,1,1759254272,1771268226,0
LTE,470,1,46141,29011212,-1,89.6814,23.5334,1296,23,1,1759254292,1768816208,0
LTE,470,3,4097,4222979,-1,89.6818,23.5335,744,25,1,1759254312,1771268226,0
LTE,470,1,46141,29011213,-1,89.6615,23.5362,1000,20,1,1759254412,1768816209,0
LTE,470,3,4097,3387651,-1,89.6659,23.5354,1006,36,1,1759254412,1771268226,0
LTE,470,3,4097,3515394,-1,89.6523,23.5378,1184,24,1,1759254502,1771268226,0
LTE,470,1,46161,29832973,-1,89.6512,23.5383,1000,11,1,1759254522,1768816209,0
LTE,470,1,46141,29702925,-1,89.6711,23.5351,2479,12,1,1759254542,1768816208,0
LTE,470,1,46161,29223437,-1,89.6473,23.539,1000,14,1,1759254552,1768816209,0
LTE,470,1,46161,29849868,-1,89.6399,23.5394,559,29,1,1759254562,1768816209,0
LTE,470,3,4097,3515395,-1,89.6371,23.5401,1000,15,1,1759254592,1759287965,0
LTE,470,1,46161,29849867,-1,89.635,23.5408,1000,9,1,1759254622,1768816209,0
LTE,470,1,46161,28884492,-1,89.6291,23.5424,524,30,1,1759254652,1768816209,0
LTE,470,3,4097,3700994,-1,89.6279,23.5425,579,30,1,1759254652,1768816209,0
LTE,470,1,46161,28884493,-1,89.6137,23.5346,1706,50,1,1759254722,1768816210,0
LTE,470,3,4097,3700995,-1,89.6165,23.5357,1138,18,1,1759254742,1759287966,0
LTE,470,1,46161,28884237,-1,89.6141,23.5323,1019,44,1,1759254773,1768816210,0
LTE,470,3,4097,3305217,-1,89.6083,23.5292,1000,17,1,1759254822,1768816210,0
LTE,470,3,4097,2984450,-1,89.5963,23.5271,1940,32,1,1759254833,1768816210,0
LTE,470,1,48351,29206283,-1,89.6035,23.5271,1000,15,1,1759254852,1768816210,0
LTE,470,3,4097,3305218,-1,89.609,23.5291,1000,14,1,1759254852,1768816210,0
LTE,470,3,4097,2721539,-1,89.6118,23.5312,1000,14,1,1759254862,1768816210,0
LTE,470,3,4097,3305219,-1,89.6014,23.5265,1000,15,1,1759254902,1768816210,0
LTE,470,1,48361,28849934,-1,89.5958,23.5267,1000,22,1,1759254932,1768816210,0
LTE,470,3,4097,2984452,-1,89.5903,23.5276,1000,3,1,1759255002,1768816210,0
LTE,470,1,48361,28849933,-1,89.584,23.5284,905,37,1,1759255012,1768816210,0
LTE,470,3,4097,2984449,-1,89.5873,23.528,1000,18,1,1759255012,1768816210,0
LTE,470,3,4097,2984451,-1,89.5829,23.5285,1000,11,1,1759255062,1768816210,0
LTE,470,3,4097,3537183,-1,89.5742,23.5294,1000,20,1,1759255082,1771268228,0
LTE,470,1,48361,29465612,-1,89.5713,23.5296,1000,11,1,1759255113,1768816210,0
LTE,470,3,4097,3537153,-1,89.5717,23.5296,1000,19,1,1759255113,1768816210,0
LTE,470,3,4097,3537154,-1,89.5638,23.5305,1000,24,1,1759255152,1768816210,0
LTE,470,1,48361,29465613,-1,89.5616,23.5308,518,26,1,1759255162,1768816211,0
LTE,470,3,4097,3371521,-1,89.5561,23.5315,500,25,1,1759255192,1768816211,0
LTE,470,1,48361,29812747,-1,89.5561,23.5315,1000,11,1,1759255202,1759287967,0
LTE,470,1,48361,28834828,-1,89.5498,23.5325,1000,18,1,1759255232,1768816211,0
LTE,470,3,4097,2631200,-1,89.5451,23.5343,858,30,1,1759255232,1771268228,0
LTE,470,1,48361,28834829,-1,89.5414,23.5367,1000,16,1,1759255332,1768816211,0
LTE,470,3,4097,2631169,-1,89.5377,23.5406,1000,8,1,1759255403,1768816211,0
LTE,470,3,4097,4175362,-1,89.5349,23.5425,500,30,1,1759255443,1768816211,0
LTE,470,1,48361,28834827,-1,89.5349,23.5426,1000,7,1,1759255463,1759287967,0
LTE,470,1,48361,29020428,-1,89.5187,23.5389,1869,20,1,1759255483,1768816212,0
LTE,470,1,48361,29301516,-1,89.5242,23.5455,1000,20,1,1759255522,1768816212,0
LTE,470,3,4097,4175363,-1,89.5208,23.5424,1121,28,1,1759255522,1771268229,0
LTE,470,3,4097,3320578,-1,89.5205,23.546,1000,14,1,1759255573,1771268228,0
LTE,470,3,4079,10475265,-1,89.513,23.5374,766,39,1,1759255633,1771268229,0
LTE,470,1,48361,29268748,-1,89.516,23.5395,1000,10,1,1759255653,1768816212,0
LTE,470,1,48361,29020427,-1,89.5082,23.5342,1000,6,1,1759255783,1768816212,0
LTE,470,1,48361,29020429,-1,89.5034,23.5317,807,30,1,1759255803,1768816212,0
LTE,470,3,4079,10475267,-1,89.498,23.5291,1642,41,1,1759255803,1771268229,0
LTE,470,1,48361,29394955,-1,89.4946,23.527,1000,16,1,1759255893,1768816213,0
LTE,470,1,48361,29394956,-1,89.4851,23.5241,1000,11,1,1759255942,1759287969,0
LTE,470,3,4079,10691073,-1,89.4593,23.512,3342,30,1,1759255942,1759287969,0
LTE,470,3,4079,10918914,-1,89.4867,23.5244,1000,4,1,1759255953,1759287968,0
LTE,470,3,4079,10918944,-1,89.4841,23.5238,1000,8,1,1759255982,1768816212,0
LTE,470,1,48361,29394957,-1,89.4791,23.5228,1000,9,1,1759255992,1759287969,0
GSM,470,3,143,49061,-1,89.4775,23.5224,1000,9,1,1759256013,1768816213,0
GSM,470,3,143,49183,-1,89.4776,23.5225,1000,10,1,1759256013,1768816213,0
GSM,470,3,143,49063,-1,89.4765,23.5223,1000,9,1,1759256013,1759287969,0
LTE,470,1,48361,29096204,-1,89.4725,23.5209,1000,21,1,1759256023,1771268229,0
LTE,470,3,4079,10472193,-1,89.4724,23.5209,1000,22,1,1759256043,1768816213,0
LTE,470,1,48361,29096205,-1,89.4651,23.5155,652,26,1,1759256083,1771268229,0
LTE,470,3,4079,10472195,-1,89.4694,23.5192,1000,3,1,1759256083,1759287969,0
LTE,470,3,4079,10472194,-1,89.4618,23.5138,1000,22,1,1759256093,1768816213,0
LTE,470,1,48361,29094924,-1,89.4564,23.5108,1000,19,1,1759256173,1771268229,0
LTE,470,1,48361,29094925,-1,89.4451,23.5054,867,30,1,1759256253,1771268229,0
LTE,470,3,4079,10738721,-1,89.4501,23.5078,1000,3,1,1759256273,1759287969,0
LTE,470,3,4079,10885891,-1,89.4455,23.5056,1000,15,1,1759256293,1759287969,0
LTE,470,1,48361,29182732,-1,89.4372,23.5014,1000,21,1,1759256354,1771268229,0
LTE,470,3,4079,10885921,-1,89.4407,23.503,1254,32,1,1759256354,1771268229,0
LTE,470,3,4079,10281985,-1,89.4349,23.4998,1000,9,1,1759256393,1759287970,0
LTE,470,1,48361,29182733,-1,89.4318,23.4944,1000,18,1,1759256413,1771268230,0
LTE,470,3,4079,10281986,-1,89.4339,23.4984,1000,6,1,1759256413,1759287970,0
LTE,470,3,4079,10281987,-1,89.4322,23.495,1000,12,1,1759256453,1768816214,0
LTE,470,3,4079,11011360,-1,89.4301,23.4909,1000,17,1,1759256483,1759287970,0
LTE,470,1,48361,29719308,-1,89.4301,23.4909,1000,1,1,1759256523,1759256523,0
LTE,470,1,48361,28494603,-1,89.4293,23.4895,1000,14,1,1759256533,1771268230,0
LTE,470,1,48361,28494092,-1,89.4284,23.4878,1000,12,1,1759256573,1771268230,0
LTE,470,3,4079,10356492,-1,89.4296,23.4901,1000,14,1,1759256613,1771268229,0
LTE,470,3,4079,10356481,-1,89.4281,23.4871,1000,4,1,1759256633,1759287970,0
LTE,470,1,48361,28494605,-1,89.4275,23.4865,1000,10,1,1759256653,1771268230,0
LTE,470,3,4079,10356483,-1,89.4263,23.4863,1000,14,1,1759256653,1768816214,0
LTE,470,1,48361,29875723,-1,89.4251,23.4861,1000,10,1,1759256663,1771268230,0
LTE,470,1,48361,29869068,-1,89.4227,23.4859,1000,15,1,1759256683,1771268230,0
LTE,470,3,4079,10368001,-1,89.4214,23.4858,1000,8,1,1759256683,1768816214,0
LTE,470,1,48361,29869069,-1,89.4205,23.4858,1000,3,1,1759256703,1759287970,0
LTE,470,1,48361,28493579,-1,89.42,23.4856,1000,18,1,1759256713,1771268230,0
LTE,470,1,48361,28493580,-1,89.4181,23.4806,1000,11,1,1759256793,1771268230,0
LTE,470,3,4079,10368002,-1,89.4185,23.4816,1000,24,1,1759256793,1768816214,0
LTE,470,3,4079,11001858,-1,89.4169,23.4766,1000,8,1,1759256863,1759287970,0
LTE,470,1,48361,28492811,-1,89.4169,23.4766,1000,19,1,1759256873,1771268230,0
LTE,470,1,48361,28492812,-1,89.4141,23.469,1000,18,1,1759256883,1771268230,0
LTE,470,3,4079,10884353,-1,89.4162,23.4751,1000,19,1,1759256883,1768816214,0
LTE,470,3,4079,10884355,-1,89.4142,23.4706,1000,15,1,1759256903,1768816214,0
LTE,470,3,4079,10885122,-1,89.4116,23.459,995,27,1,1759256933,1768816215,0
LTE,470,1,48361,29740556,-1,89.4128,23.463,1000,18,1,1759256943,1768816215,0
LTE,470,3,4079,10500609,-1,89.4127,23.4621,1000,14,1,1759256943,1768816215,0
LTE,470,3,4079,10586882,-1,89.4119,23.4591,1000,16,1,1759256963,1768816215,0
LTE,470,1,48361,29096459,-1,89.4124,23.4604,1000,12,1,1759256973,1768816215,0
LTE,470,1,48361,29094667,-1,89.4106,23.4543,1000,16,1,1759257003,1768816215,0
LTE,470,3,4079,10702849,-1,89.4098,23.4519,1000,17,1,1759257033,1768816215,0
LTE,470,3,4079,10702850,-1,89.4086,23.4424,768,43,1,1759257053,1768816215,0
LTE,470,1,48361,29094671,-1,89.4084,23.4415,1000,17,1,1759257063,1768816215,0
LTE,470,1,48371,29545739,-1,89.4051,23.4297,859,42,1,1759257143,1768816215,0
LTE,470,3,4079,11013377,-1,89.4067,23.4349,1000,10,1,1759257143,1768816215,0
LTE,470,3,4079,10885633,-1,89.4051,23.4298,517,25,1,1759257153,1768816215,0
LTE,470,3,4079,10578946,-1,89.4038,23.4256,1000,8,1,1759257163,1759288022,0
LTE,470,1,48371,29545740,-1,89.4,23.4159,938,44,1,1759257213,1768816216,0
LTE,470,3,4079,10885634,-1,89.4011,23.4181,904,27,1,1759257213,1771268231,0
LTE,470,3,4079,10315521,-1,89.3957,23.4092,1001,30,1,1759257273,1768816216,0
LTE,470,1,48371,29094155,-1,89.3928,23.4054,1000,13,1,1759257333,1768816216,0
LTE,470,3,4079,10315523,-1,89.3912,23.4035,1000,22,1,1759257353,1768816216,0
LTE,470,1,48371,29094156,-1,89.3875,23.3992,1000,7,1,1759257383,1768816216,0
LTE,470,3,4082,11013633,-1,89.3842,23.3952,1000,20,1,1759257393,1768816216,0
LTE,470,1,48371,29094157,-1,89.3871,23.3988,1000,4,1,1759257403,1759288023,0
LTE,470,1,48371,29781260,-1,89.378,23.3868,1552,44,1,1759257413,1783724042,0
LTE,470,3,4079,10940163,-1,89.3795,23.3895,874,34,1,1759257483,1768816216,0
LTE,470,1,48371,29869837,-1,89.3798,23.3898,944,26,1,1759257493,1783724041,0
LTE,470,3,4082,11013634,-1,89.3746,23.3808,1000,16,1,1759257513,1783724042,0
LTE,470,1,48371,28680971,-1,89.3731,23.3773,1000,21,1,1759257583,1783724043,0
LTE,470,3,4082,10492161,-1,89.3741,23.3785,2343,17,1,1759257603,1783724043,0
LTE,470,3,4082,10492191,-1,89.3835,23.3937,2424,8,1,1759257643,1783724041,0
LTE,470,3,4082,10492163,-1,89.3698,23.372,1000,20,1,1759257663,1771268341,0
LTE,470,1,48371,28680973,-1,89.3656,23.369,1000,21,1,1759257683,1771268341,0
LTE,470,3,4082,10265089,-1,89.3638,23.3678,530,27,1,1759257743,1771268341,0
LTE,470,1,48371,29726987,-1,89.3614,23.3663,1000,3,1,1759257793,1759288023,0
LTE,470,1,48371,29097484,-1,89.3559,23.3627,875,41,1,1759257803,1771268342,0
LTE,470,3,4082,10265091,-1,89.3531,23.3605,1491,36,1,1759257813,1771268342,0
LTE,470,3,4082,10934531,-1,89.3473,23.3563,1000,20,1,1759257853,1771268342,0
LTE,470,3,4082,10968578,-1,89.3515,23.3597,1000,4,1,1759257863,1759288024,0
LTE,470,1,48371,28918796,-1,89.3501,23.3586,1000,4,1,1759257873,1759288024,0
LTE,470,3,4081,10281217,-1,89.3501,23.3586,1000,4,1,1759257873,1759288024,0
LTE,470,1,48371,29590027,-1,89.3446,23.3542,610,27,1,1759257883,1771268342,0
LTE,470,1,48371,29096971,-1,89.3408,23.3508,1326,29,1,1759257943,1771268342,0
LTE,470,3,4082,10585119,-1,89.3382,23.3486,1000,15,1,1759257943,1771268342,0
LTE,470,1,48371,29096973,-1,89.3317,23.3417,1000,22,1,1759258003,1768816217,0
LTE,470,3,4082,10585121,-1,89.3308,23.3407,949,35,1,1759258003,1771268342,0
LTE,470,3,4082,10585091,-1,89.3301,23.34,1000,11,1,1759258023,1759288024,0
LTE,470,1,48371,29219853,-1,89.3273,23.3369,1000,19,1,1759258043,1768816217,0
LTE,470,3,4082,11061250,-1,89.3363,23.3458,1867,17,1,1759258053,1771268342,0
LTE,470,3,4082,10392065,-1,89.3227,23.3319,1000,23,1,1759258063,1771268342,0
LTE,470,1,48371,28841227,-1,89.3213,23.3303,1000,15,1,1759258073,1768816218,0
LTE,470,1,48371,28841228,-1,89.3159,23.3243,1000,18,1,1759258133,1768816218,0
LTE,470,3,4082,10392068,-1,89.3167,23.3252,1000,19,1,1759258133,1768816218,0
LTE,470,1,48371,28841231,-1,89.3126,23.3202,1000,21,1,1759258163,1768816218,0
LTE,470,3,4082,10392067,-1,89.3118,23.3194,611,35,1,1759258163,1768816218,0
LTE,470,1,48371,29792779,-1,89.3116,23.319,1000,9,1,1759258183,1759288025,0
LTE,470,1,48371,29792780,-1,89.3066,23.315,500,31,1,1759258213,1768816218,0
LTE,470,3,4082,10678559,-1,89.3065,23.3149,1000,16,1,1759258233,1771268343,0
LTE,470,3,4082,10678561,-1,89.304,23.3132,1000,9,1,1759258253,1771268343,0
LTE,470,1,48371,29062668,-1,89.298,23.3081,571,30,1,1759258273,1768816218,0
LTE,470,3,4082,10678560,-1,89.2982,23.3083,1000,20,1,1759258273,1771268343,0
LTE,470,3,4082,11060739,-1,89.2956,23.3058,1000,4,1,1759258333,1759288025,0
LTE,470,1,48371,29062669,-1,89.2889,23.3005,1000,19,1,1759258343,1768816218,0
LTE,470,3,4081,10909729,-1,89.2925,23.3035,1000,15,1,1759258353,1768816218,0
LTE,470,3,4082,11060769,-1,89.2902,23.3018,1000,9,1,1759258373,1759288025,0
LTE,470,3,4082,10989088,-1,89.2741,23.2875,1769,50,1,1759258403,1771268344,0
LTE,470,3,4082,10910722,-1,89.2807,23.2934,1000,12,1,1759258423,1759288026,0
LTE,470,3,4082,10510849,-1,89.2836,23.2958,1000,8,1,1759258443,1759288026,0
LTE,470,1,48371,29540876,-1,89.2712,23.2852,1684,50,1,1759258453,1768816219,0
LTE,470,1,48371,29832203,-1,89.2798,23.2926,1000,12,1,1759258483,1768816219,0
LTE,470,3,4082,10510850,-1,89.2795,23.2924,1000,16,1,1759258483,1759288026,0
LTE,470,3,4082,10989059,-1,89.2689,23.2831,1000,4,1,1759258663,1759288026,0
LTE,470,3,4082,10989089,-1,89.2652,23.2803,503,34,1,1759258683,1771268344,0
LTE,470,3,4082,10277663,-1,89.2603,23.2772,1000,17,1,1759258723,1759288026,0
LTE,470,1,48371,29054988,-1,89.2586,23.2765,663,29,1,1759258753,1768816219,0
LTE,470,1,48371,28839692,-1,89.2514,23.2751,560,30,1,1759258833,1768816219,0
LTE,470,3,4082,10277672,-1,89.2555,23.2758,796,39,1,1759258843,1768816219,0
LTE,470,3,4082,10277635,-1,89.242,23.2652,1783,21,1,1759258893,1771268345,0
LTE,470,1,48371,28839693,-1,89.2424,23.2687,1000,47,1,1759258933,1768816220,0
LTE,470,3,4082,10939394,-1,89.2383,23.2609,1324,28,1,1759258953,1771268345,0
LTE,470,1,48371,29205771,-1,89.236,23.256,1000,19,1,1759259043,1768816220,0
LTE,470,1,48371,29061900,-1,89.2373,23.2582,1000,3,1,1759259113,1759288027,0
LTE,470,3,4082,10614529,-1,89.2373,23.2582,1000,3,1,1759259113,1759288027,0
LTE,470,3,4082,11142146,-1,89.2336,23.2514,1000,10,1,1759259163,1771268345,0
LTE,470,3,4082,10392609,-1,89.2345,23.2536,1000,3,1,1759259173,1759288027,0
LTE,470,3,4082,10830849,-1,89.2355,23.2544,1000,10,1,1759259193,1768816220,0
LTE,470,1,48371,29205773,-1,89.2312,23.2451,1000,21,1,1759259213,1771268345,0
LTE,470,3,4082,10614530,-1,89.2329,23.2497,1144,20,1,1759259213,1771268345,0
GSM,470,3,146,64622,-1,89.231,23.2443,1000,16,1,1759259243,1771268345,0
GSM,470,3,146,61611,-1,89.2308,23.2455,1000,8,1,1759259243,1759288027,0
LTE,470,3,4082,10956064,-1,89.2317,23.2421,1000,3,1,1759259283,1759288027,0
LTE,470,1,48371,29058571,-1,89.2319,23.236,790,26,1,1759259293,1771268346,0
LTE,470,3,4082,10537473,-1,89.2318,23.2379,960,40,1,1759259293,1771268346,0
LTE,470,1,48371,29058572,-1,89.2309,23.2296,1000,17,1,1759259413,1771268346,0
LTE,470,3,4082,10537474,-1,89.2313,23.2313,1000,6,1,1759259413,1771268346,0
LTE,470,3,4082,10537475,-1,89.2305,23.2277,1000,21,1,1759259423,1771268346,0
LTE,470,1,48371,29058573,-1,89.2304,23.2276,1000,10,1,1759259443,1768816220,0
LTE,470,3,4082,10678273,-1,89.2299,23.224,500,33,1,1759259463,1768816221,0
LTE,470,1,48371,28904459,-1,89.2298,23.2234,1000,24,1,1759259473,1771268346,0
LTE,470,1,48371,28904460,-1,89.228,23.2179,500,34,1,1759259523,1771268346,0
LTE,470,3,4082,10678274,-1,89.2276,23.2174,508,28,1,1759259523,1771268346,0
LTE,470,1,48371,28904463,-1,89.2248,23.2139,1000,24,1,1759259593,1771268346,0
LTE,470,3,4082,10678275,-1,89.2242,23.2132,1000,12,1,1759259603,1771268346,0
LTE,470,1,48091,29047051,-1,89.2193,23.2042,1000,22,1,1759259623,1771268347,0
LTE,470,3,6010,10449665,-1,89.2191,23.2037,1000,24,1,1759259623,1771268346,0
LTE,470,1,48111,29539340,-1,89.2188,23.2032,1000,10,1,1759259683,1771268346,0
LTE,470,1,48091,29047052,-1,89.2156,23.1937,500,31,1,1759259753,1771268347,0
LTE,470,3,6010,10449666,-1,89.2163,23.1951,1000,16,1,1759259753,1771268347,0
LTE,470,3,6010,10676481,-1,89.2146,23.1894,500,29,1,1759259803,1771268347,0
LTE,470,1,48091,28473611,-1,89.2145,23.1886,1000,10,1,1759259823,1771268347,0
UMTS,470,3,700,23801662,50,89.2146,23.1911,1000,3,1,1759259823,1759288029,0
LTE,470,1,48091,28473612,-1,89.2142,23.1836,500,25,1,1759259863,1771268347,0
LTE,470,3,6010,10676482,-1,89.2142,23.1835,1000,13,1,1759259873,1771268347,0
LTE,470,3,6010,10244867,-1,89.2141,23.1803,1000,4,1,1759259893,1771268347,0
LTE,470,1,48091,28455435,-1,89.2141,23.18,1000,8,1,1759259923,1768816221,0
LTE,470,1,48091,28455436,-1,89.2139,23.1777,1000,23,1,1759259933,1771268347,0
LTE,470,3,6010,10990337,-1,89.2142,23.1784,1000,5,1,1759259933,1771268347,0
LTE,470,3,6010,10990339,-1,89.2132,23.1772,1000,24,1,1759259953,1771268347,0
LTE,470,3,6010,10990338,-1,89.2168,23.1769,1000,13,1,1759259993,1768816221,0
LTE,470,1,48091,28471309,-1,89.2169,23.1769,1000,14,1,1759260003,1768816221,0
LTE,470,3,6010,10714371,-1,89.2186,23.1765,1000,7,1,1759260033,1768816221,0
LTE,470,1,48091,28471308,-1,89.219,23.1753,1000,15,1,1759260043,1768816221,0
LTE,470,3,6010,10298113,-1,89.2193,23.1746,1000,8,1,1759260053,1768816221,0
LTE,470,3,6010,10670850,-1,89.2197,23.1732,1000,12,1,1759260063,1768816221,0
LTE,470,1,48091,28616205,-1,89.2199,23.1727,1000,9,1,1759260073,1768816221,0
LTE,470,1,48091,28471563,-1,89.2205,23.1709,1000,11,1,1759260093,1768816222,0
LTE,470,3,6010,10315266,-1,89.2202,23.1716,1000,2,1,1759260093,1759288029,0
LTE,470,3,6010,10716419,-1,89.2206,23.1709,1000,2,1,1759260113,1759288029,0
LTE,470,3,6010,10315267,-1,89.2213,23.1687,1000,14,1,1759260123,1768816222,0
LTE,470,1,48091,28471564,-1,89.2213,23.1684,1000,12,1,1759260133,1768816222,0
LTE,470,3,6010,11038465,-1,89.2219,23.1667,1000,7,1,1759260163,1768816222,0
LTE,470,1,48091,29880843,-1,89.2221,23.1664,1000,10,1,1759260183,1768816222,0
LTE,470,3,6010,10694147,-1,89.2222,23.1617,1000,17,1,1759260193,1769209387,0
LTE,470,1,48091,29880844,-1,89.2221,23.1643,1000,7,1,1759260203,1768816222,0
LTE,470,3,6010,10298369,-1,89.2221,23.1637,1000,6,1,1759260203,1759288029,0
LTE,470,3,6010,11038466,-1,89.2221,23.1646,1000,8,1,1759260213,1768816222,0
LTE,470,1,48091,28476173,-1,89.2222,23.1624,1000,11,1,1759260243,1768816222,0
LTE,470,3,6010,10298371,-1,89.2222,23.1623,1000,8,1,1759260253,1768816222,0
LTE,470,3,6010,10345218,-1,89.2223,23.1614,1000,2,1,1759260273,1759288029,0
LTE,470,1,48091,28454667,-1,89.2228,23.1611,1000,11,1,1759260283,1768816222,0
LTE,470,1,48091,28454668,-1,89.2255,23.1591,1000,10,1,1759260373,1759876923,0
LTE,470,3,6010,10694145,-1,89.2249,23.1574,1000,12,1,1759260373,1759288029,0
LTE,470,1,48091,28811019,-1,89.2262,23.1562,1000,4,1,1759260403,1759288029,0
LTE,470,1,48091,28470283,-1,89.2285,23.1539,1000,11,1,1759260413,1759288029,0
LTE,470,3,6010,10245121,-1,89.2271,23.1553,1000,13,1,1759260413,1769209387,0
LTE,470,3,6010,10245122,-1,89.2284,23.1538,1000,7,1,1759260433,1769209387,0
LTE,470,1,48091,28470284,-1,89.2306,23.1506,1000,5,1,1759260443,1759288030,0
LTE,470,3,6010,11072513,-1,89.2306,23.1505,1000,15,1,1759260443,1769209387,0
LTE,470,1,48091,28470539,-1,89.2322,23.148,1000,3,1,1759260463,1759288029,0
LTE,470,1,48091,28470541,-1,89.2274,23.1433,1000,17,1,1759260473,1759288030,0
LTE,470,3,6010,10491139,-1,89.2316,23.1456,1000,9,1,1759260473,1769209387,0
LTE,470,1,48091,28470540,-1,89.2357,23.1447,1000,9,1,1759260483,1759288030,0
LTE,470,3,6010,10491138,-1,89.2344,23.146,1000,13,1,1759260483,1769209387,0
LTE,470,3,6010,10833667,-1,89.2308,23.143,1019,32,1,1759260493,1769209387,0
LTE,470,1,48091,28780043,-1,89.2358,23.143,1000,9,1,1759260513,1759288030,0
LTE,470,3,6010,10833665,-1,89.2358,23.1446,1000,11,1,1759260513,1769209387,0
LTE,470,1,48091,28780045,-1,89.2332,23.1429,1000,4,1,1759260563,1759288030,0
LTE,470,3,6010,11072514,-1,89.227,23.1425,1000,17,1,1759260643,1769209387,0
LTE,470,1,48091,28475660,-1,89.2193,23.1438,1000,8,1,1759260703,1759288030,0
LTE,470,3,6010,10989599,-1,89.22,23.1436,1000,5,1,1759260703,1759288030,0
LTE,470,3,6010,11193089,-1,89.218,23.1442,1000,11,1,1759260723,1769209387,0
LTE,470,1,48091,28475916,-1,89.2151,23.1447,1000,11,1,1759260743,1759288030,0
LTE,470,3,6010,11193090,-1,89.215,23.1448,1000,13,1,1759260763,1769209386,0
LTE,470,1,48091,28475917,-1,89.2113,23.1453,1000,5,1,1759260783,1759288030,0
LTE,470,3,6010,11162626,-1,89.1944,23.1408,6806,20,1,1759260783,1769209386,0
LTE,470,1,48091,29601805,-1,89.2087,23.1456,1000,6,1,1759260803,1759288030,0
LTE,470,1,48111,29540363,-1,89.205,23.1449,1000,12,1,1759260823,1759288030,0
LTE,470,3,6010,10477315,-1,89.2098,23.145,1000,6,1,1759260833,1769209386,0
LTE,470,3,6010,10457346,-1,89.2039,23.145,568,28,1,1759260843,1769209386,0
LTE,470,1,48111,28476684,-1,89.2003,23.145,1000,9,1,1759260863,1759288030,0
LTE,470,3,6010,10457347,-1,89.1961,23.1443,1000,23,1,1759260903,1769209386,0
LTE,470,1,48111,28476683,-1,89.1992,23.1456,1000,10,1,1759260903,1768816222,0
LTE,470,1,48111,28476685,-1,89.1936,23.1436,1000,16,1,1759260913,1759288031,0
LTE,470,3,6010,10280449,-1,89.1908,23.1429,1000,11,1,1759260963,1768816223,0
LTE,470,1,48111,28474891,-1,89.1884,23.142,1000,7,1,1759260983,1759288031,0
LTE,470,3,6010,10280450,-1,89.1904,23.1427,500,25,1,1759260983,1769209386,0
LTE,470,1,48111,28474893,-1,89.1796,23.1397,1025,19,1,1759261013,1759876922,0
LTE,470,3,6010,10280451,-1,89.1814,23.1404,1180,28,1,1759261023,1769209386,0
LTE,470,1,48111,28473357,-1,89.1758,23.1392,1000,14,1,1759261053,1759288031,0
LTE,470,3,6010,10757377,-1,89.1763,23.1395,577,39,1,1759261073,1769209386,0
LTE,470,3,6010,10832643,-1,89.1704,23.1359,1000,20,1,1759261113,1769209386,0
LTE,470,1,48111,28470797,-1,89.1699,23.1355,1000,6,1,1759261113,1759288031,0
LTE,470,1,48111,29197836,-1,89.1662,23.1329,558,32,1,1759261133,1759876922,0
LTE,470,3,6010,10832641,-1,89.1676,23.1337,500,28,1,1759261133,1771268349,0
LTE,470,3,6010,10832642,-1,89.1613,23.1307,1000,19,1,1759261153,1771268349,0
LTE,470,1,48111,29197837,-1,89.1566,23.1293,754,38,1,1759261173,1768816224,0
LTE,470,3,6010,10832929,-1,89.1524,23.1285,1000,12,1,1759261183,1768816224,0
LTE,470,3,6010,10295557,-1,89.1515,23.1284,1000,23,1,1759261213,1759876922,0
LTE,470,1,48111,29052176,-1,89.1519,23.1285,1000,8,1,1759261233,1759876921,0
LTE,470,1,48111,28906252,-1,89.144,23.1269,1063,40,1,1759261243,1768816224,0
LTE,470,3,6010,10295754,-1,89.1454,23.1272,1218,43,1,1759261273,1771268350,0
LTE,470,3,6010,10808011,-1,89.1304,23.1218,1253,25,1,1759261293,1771268350,0
LTE,470,1,48111,28906253,-1,89.1317,23.1223,1000,18,1,1759261303,1768816224,0
GSM,470,3,140,22173,-1,89.1295,23.1212,1000,7,1,1759261343,1759288032,0
GSM,470,3,140,42163,-1,89.1295,23.1212,1000,7,1,1759261343,1759288032,0
GSM,470,3,140,65392,-1,89.1295,23.1212,1000,7,1,1759261343,1759288032,0
LTE,470,1,48341,28790284,-1,89.1232,23.1183,500,25,1,1759261363,1768816224,0
LTE,470,3,6010,10809347,-1,89.1267,23.1198,1000,6,1,1759261363,1759288032,0
LTE,470,3,6010,10807811,-1,89.1258,23.1194,1000,19,1,1759261383,1768816224,0
LTE,470,1,48111,29858573,-1,89.1205,23.1168,1000,4,1,1759261423,1759288032,0
LTE,470,1,48341,28790283,-1,89.1164,23.1136,500,27,1,1759261433,1768816224,0
LTE,470,3,6010,10484225,-1,89.1218,23.1169,1214,23,1,1759261433,1771268350,0
LTE,470,1,48341,28790285,-1,89.1103,23.1089,1000,10,1,1759261473,1768816224,0
LTE,470,3,6010,10484257,-1,89.1076,23.1068,1000,17,1,1759261483,1769209384,0
LTE,470,1,48341,29486091,-1,89.1065,23.1059,1000,9,1,1759261513,1768816224,0
LTE,470,1,48341,29486093,-1,89.1036,23.1038,1000,24,1,1759261533,1768816261,0
LTE,470,3,6010,10988035,-1,89.1043,23.1043,1000,17,1,1759261533,1768816261,0
LTE,470,1,48341,28702222,-1,89.1001,23.1011,1000,10,1,1759261593,1768816261,0
LTE,470,3,6010,10250537,-1,89.0991,23.1005,1000,9,1,1759261613,1769209384,0
LTE,470,1,48341,28702220,-1,89.0983,23.0999,1000,12,1,1759261623,1768816261,0
LTE,470,1,48341,28702221,-1,89.0947,23.0982,1000,20,1,1759261633,1768816261,0
LTE,470,3,6010,10250499,-1,89.0954,23.0987,1000,17,1,1759261633,1771268351,0
LTE,470,1,48341,28903436,-1,89.0918,23.0974,1000,8,1,1759261653,1759288032,0
LTE,470,3,6010,10489602,-1,89.0917,23.0885,1828,16,1,1759261663,1771268352,0
LTE,470,1,48341,28903439,-1,89.0895,23.0966,1000,10,1,1759261673,1768816261,0
LTE,470,3,6010,10489603,-1,89.0862,23.0961,1053,26,1,1759261673,1771268351,0
LTE,470,1,48341,28903437,-1,89.085,23.096,920,30,1,1759261683,1769209384,0
LTE,470,3,6010,10250529,-1,89.092,23.0981,1459,16,1,1759261743,1769209384,0
LTE,470,1,48341,29813003,-1,89.0728,23.0925,1216,50,1,1759261773,1769209384,0
LTE,470,3,6010,10348576,-1,89.0745,23.0945,1000,6,1,1759261773,1759288033,0
LTE,470,3,6010,10753567,-1,89.0658,23.0878,1080,49,1,1759261793,1768816263,0
LTE,470,1,48341,28902924,-1,89.0692,23.0916,1000,13,1,1759261823,1768816262,0
LTE,470,3,6010,10295327,-1,89.0616,23.0837,1000,7,1,1759261883,1759288081,0
LTE,470,3,6010,10295297,-1,89.0607,23.0829,1000,13,1,1759261903,1769209383,0
LTE,470,1,48341,29052427,-1,89.0601,23.0825,632,31,1,1759261923,1769209383,0
LTE,470,3,6010,10295497,-1,89.061,23.0832,1000,19,1,1759261923,1769209383,0
LTE,470,1,48341,29052429,-1,89.0525,23.0787,1000,18,1,1759261953,1769209383,0
LTE,470,3,6010,10295499,-1,89.0536,23.0791,1000,13,1,1759261953,1769209383,0
LTE,470,3,6010,10295519,-1,89.0539,23.0794,1000,22,1,1759261983,1759876865,0
LTE,470,3,6010,10295299,-1,89.0488,23.0771,1000,24,1,1759262003,1769209383,0
LTE,470,1,48341,29053966,-1,89.0423,23.0742,1000,22,1,1759262023,1769209383,0
LTE,470,3,6010,10516226,-1,89.0443,23.075,1000,13,1,1759262043,1759876864,0
LTE,470,3,6010,10295329,-1,89.0428,23.0743,1000,9,1,1759262063,1769209382,0
LTE,470,3,6010,10632992,-1,89.0429,23.0745,1000,16,1,1759262083,1769209383,0
LTE,470,1,48341,29053963,-1,89.0336,23.0708,1000,7,1,1759262103,1759288082,0
LTE,470,3,6010,10632993,-1,89.0319,23.0701,1000,16,1,1759262103,1769209382,0
LTE,470,1,48341,29053965,-1,89.0299,23.0694,1000,22,1,1759262123,1769209382,0
LTE,470,3,6010,10807585,-1,89.0251,23.0676,1000,2,1,1759262163,1759288082,0
LTE,470,3,6010,10831362,-1,89.0223,23.0666,1000,6,1,1759262183,1759288082,0
LTE,470,1,48341,28838414,-1,89.0214,23.066,1000,14,1,1759262193,1769209382,0
LTE,470,3,6010,10977281,-1,89.0217,23.0662,1000,12,1,1759262203,1769209382,0
LTE,470,3,6010,10295041,-1,89.0175,23.0641,1000,9,1,1759262223,1768816264,0
LTE,470,1,48341,28838413,-1,89.0122,23.0617,1156,34,1,1759262234,1769209382,0
LTE,470,3,6010,10813697,-1,89.0068,23.0593,1000,7,1,1759262303,1768816264,0
LTE,470,3,4076,10470366,-1,89.0012,23.0572,1000,9,1,1759262323,1759876863,0
LTE,470,1,48341,28702476,-1,89.0017,23.0574,642,31,1,1759262353,1769209382,0
LTE,470,3,4076,10470367,-1,88.9994,23.056,1000,8,1,1759262373,1759876863,0
LTE,470,1,48341,29852171,-1,89.0044,23.0547,1616,35,1,1759262493,1769209382,0
LTE,470,3,4076,11039008,-1,88.9994,23.0489,1000,4,1,1759262493,1759288082,0
LTE,470,3,4076,10805537,-1,88.9993,23.0475,1000,4,1,1759262513,1759288083,0
LTE,470,3,4076,10805705,-1,88.9992,23.0469,1000,16,1,1759262533,1759876863,0
LTE,470,1,48341,28909323,-1,88.9988,23.0327,738,48,1,1759262627,1768816265,0
LTE,470,3,4076,10805706,-1,88.9987,23.0341,1000,21,1,1759262627,1759876863,0
LTE,470,3,4076,10316063,-1,88.9988,23.0318,1000,20,1,1759262653,1759876863,0
LTE,470,1,48341,28909325,-1,88.9979,23.0264,1000,21,1,1759262703,1768816265,0
LTE,470,3,4076,10316065,-1,88.9967,23.0241,1000,13,1,1759262703,1759876862,0
LTE,470,3,4076,10316064,-1,89.0135,23.02,2107,28,1,1759262723,1768816266,0
LTE,470,1,48341,29068043,-1,89.0005,23.0175,2154,21,1,1759262773,1768816265,0
LTE,470,3,4076,11150593,-1,89.0111,23.0139,1777,7,1,1759262803,1768816266,0
LTE,470,3,4076,10493983,-1,88.9937,23.0152,1000,18,1,1759262823,1759288083,0
LTE,470,3,4076,10493984,-1,88.9922,23.0097,1000,8,1,1759262893,1759288083,0
LTE,470,1,48341,29068044,-1,89.0018,23.0045,2519,32,1,1759262903,1768816266,0
LTE,470,3,6010,10879521,-1,88.994,23.0042,1000,8,1,1759262923,1759288083,0
LTE,470,3,4076,10493985,-1,88.9904,23.0037,1000,6,1,1759262963,1759288083,0
LTE,470,3,4076,10394911,-1,88.9909,23.0036,1000,6,1,1759263063,1759288083,0
LTE,470,3,4076,10493954,-1,89.0082,23.0059,1843,13,1,1759263203,1768816266,0
LTE,470,3,6010,10879491,-1,89.0002,23.0008,1000,10,1,1759263323,1759288084,0
LTE,470,3,6010,10879489,-1,89.0129,23.0051,1755,24,1,1759263433,1768816266,0
LTE,470,1,48341,29715469,-1,89.0114,22.9969,1000,16,1,1759263483,1759288084,0
LTE,470,1,48311,28794635,-1,89.0152,22.9957,1000,12,1,1759263593,1759288084,0
LTE,470,3,6010,10879519,-1,89.0181,23.0114,1796,10,1,1759263663,1759876862,0
LTE,470,3,6010,10821121,-1,89.0171,22.995,1000,21,1,1759263683,1759288084,0
LTE,470,3,6010,10880033,-1,89.0131,22.9961,1000,5,1,1759263733,1759288084,0
LTE,470,1,48311,29872907,-1,89.0151,22.9955,1000,1,1,1759263813,1759263813,0
LTE,470,3,6010,10880003,-1,89.0169,22.9951,1000,4,1,1759263863,1759288084,0
LTE,470,1,48341,29715468,-1,89.0248,22.9974,1000,16,1,1759264103,1768816266,0
LTE,470,3,6010,10880002,-1,89.0222,22.9962,1000,8,1,1759264103,1759288084,0
LTE,470,3,6010,10880001,-1,89.0254,22.9983,1000,14,1,1759264173,1768816266,0
LTE,470,1,48341,29715467,-1,89.0258,23.0044,1141,14,1,1759264193,1768816266,0
LTE,470,3,6010,10531590,-1,89.0293,22.9999,1000,6,1,1759264423,1768816266,0
LTE,470,3,6010,10531617,-1,89.0289,23.0055,1000,13,1,1759264433,1759876861,0
LTE,470,3,6010,10880032,-1,89.0279,22.9986,1000,3,1,1759264623,1759288084,0
LTE,470,1,48341,28905229,-1,89.0273,23.0079,1552,32,1,1759265013,1768816266,0
LTE,470,3,3004,7851523,-1,91.8716,24.9128,1000,1,1,1759461481,1759461481,0
LTE,470,1,48341,28701727,-1,88.8999,23.0433,1000,7,1,1759263196,1759560782,0
LTE,470,1,48341,28701712,-1,88.8999,23.0433,1000,11,1,1759263194,1759560782,0
LTE,470,1,48341,29796385,-1,88.8999,23.0433,1000,8,1,1759263194,1759560782,0
LTE,470,1,48341,28701709,-1,88.9,23.0432,1000,3,1,1759263236,1759560782,0
LTE,470,1,48341,28701729,-1,88.8999,23.0432,1000,11,1,1759264539,1759560782,0
GSM,470,1,23076,11376,-1,88.8999,23.0431,1000,2,1,1759281338,1759560782,0
GSM,470,1,23076,55059,-1,88.8999,23.0433,1000,1,1,1759284456,1759284456,0
LTE,470,1,48341,28701728,-1,88.8999,23.0434,1000,1,1,1759500925,1759500925,0
GSM,470,2,107,751,-1,90.3601,23.7574,1000,3,1,1759708091,1759752361,0
LTE,470,2,8108,258587433,-1,90.3606,23.7569,1000,7,1,1759708182,1759752361,0
LTE,470,2,8108,258587695,-1,90.3588,23.7566,1000,1,1,1759719065,1759719065,0
LTE,470,2,8108,33519627,-1,90.3588,23.7563,1000,1,1,1759719090,1759719090,0
LTE,470,2,8108,34477579,-1,90.3589,23.7556,1000,6,1,1759719115,1759752361,0
LTE,470,2,8108,34477581,-1,90.3588,23.7553,1000,5,1,1759719176,1759752361,0
LTE,470,2,8108,33511180,-1,90.3589,23.7562,1000,1,1,1759722946,1759722946,0
LTE,470,2,8108,258587694,-1,90.359,23.7565,1000,1,1,1759722974,1759722974,0
LTE,470,2,8202,33899316,-1,90.4233,23.8507,1000,6,1,1757663453,1774971543,0
LTE,470,4,17023,25601547,-1,90.4251,23.8533,1000,3,1,1757663493,1759766402,0
LTE,470,2,8202,33362443,-1,90.4247,23.8527,1000,4,1,1757663504,1774971543,0
LTE,470,4,17023,25799179,-1,90.4266,23.8531,1000,1,1,1757665024,1757665024,0
LTE,470,4,17011,27141131,-1,90.3211,23.8758,822,32,1,1759629561,1774971542,0
LTE,470,4,17011,27141142,-1,90.3308,23.8685,2016,20,1,1759629740,1774971543,0
LTE,470,4,17011,26632983,-1,90.3274,23.8759,1280,34,1,1759629760,1760364789,0
LTE,470,2,8429,34447375,-1,90.3272,23.8752,1000,4,1,1759629780,1759766402,0
GSM,470,2,1392,19262,-1,90.3269,23.8738,1517,43,1,1759629804,1760364788,0
GSM,470,2,1392,20995,-1,90.3296,23.8759,1000,9,1,1759629812,1760364784,0
GSM,470,2,1392,2970,-1,90.3269,23.8763,1244,12,1,1759629812,1760364788,0
GSM,470,2,1392,21856,-1,90.3286,23.8638,1439,24,1,1759629830,1764000365,0
GSM,470,2,1392,3378,-1,90.3237,23.8752,1000,6,1,1759629830,1759766406,0
GSM,470,2,1392,4921,-1,90.3284,23.8772,1127,8,1,1759629830,1760364788,0
GSM,470,2,1392,20682,-1,90.3299,23.8764,1000,1,1,1759629922,1759629922,0
LTE,470,4,17011,26632973,-1,90.3248,23.8764,1290,21,1,1759629940,1774971541,0
LTE,470,2,8429,33684238,-1,90.3282,23.8731,1000,5,1,1759629960,1760364787,0
LTE,470,2,8429,33833233,-1,90.3295,23.8772,1114,14,1,1759629980,1760364788,0
LTE,470,2,8429,33833483,-1,90.3297,23.8782,1008,6,1,1759630090,1760364787,0
LTE,470,4,17011,25867276,-1,90.3274,23.8774,1113,11,1,1759630818,1774971541,0
LTE,470,4,17011,25601804,-1,90.3296,23.8762,1000,6,1,1759631828,1759766407,0
LTE,470,4,17051,34446861,-1,90.3298,23.8765,1000,2,1,1759632058,1760148484,0
LTE,470,2,8429,33833230,-1,90.3295,23.878,1034,6,1,1759632538,1760364788,0
LTE,470,2,8429,34438163,-1,90.3298,23.8765,1000,3,1,1759632688,1760364786,0
LTE,470,2,8429,34438157,-1,90.3285,23.8762,1233,8,1,1759632698,1760364786,0
LTE,470,2,8429,33833489,-1,90.3289,23.8758,1000,2,1,1759632948,1760364784,0
LTE,470,2,8429,33831436,-1,90.3298,23.8765,1000,2,1,1759633409,1759766408,0
LTE,470,4,17011,26633483,-1,90.3272,23.8632,1530,20,1,1759633579,1774971542,0
LTE,470,2,8207,257332276,-1,90.3298,23.8765,1000,2,1,1759633579,1759766408,0
LTE,470,4,17021,26778637,-1,90.3298,23.8767,1000,1,1,1759633649,1759633649,0
GSM,470,4,1401,422,-1,90.3297,23.8763,1000,5,1,1759633709,1759766407,0
GSM,470,4,1401,1001,-1,90.3299,23.8764,1000,4,1,1759633709,1760364786,0
GSM,470,4,1401,762,-1,90.3299,23.8765,1000,2,1,1759633709,1759766403,0
LTE,470,2,8429,33926191,-1,90.3296,23.8775,1084,8,1,1759635519,1760364787,0
LTE,470,2,8429,33926190,-1,90.3289,23.8768,1163,15,1,1759639776,1760364788,0
GSM,470,4,1401,843,-1,90.3273,23.8774,1114,10,1,1759643256,1774971541,0
GSM,470,4,1401,682,-1,90.327,23.8775,1104,9,1,1759643426,1764000364,0
GSM,470,2,1392,19655,-1,90.3296,23.8791,1000,4,1,1759644006,1760364784,0
LTE,470,4,17011,26903309,-1,90.3291,23.8707,819,25,1,1759644186,1766215144,0
GSM,470,2,1392,4952,-1,90.3213,23.8754,1055,5,1,1759644211,1760364789,0
GSM,470,2,1392,18422,-1,90.3253,23.8753,1445,26,1,1759644250,1760364789,0
GSM,470,2,1392,2971,-1,90.3245,23.875,1000,12,1,1759644260,1760364788,0
GSM,470,2,1392,19890,-1,90.3263,23.871,778,38,1,1759644304,1759766406,0
LTE,470,2,8429,33926156,-1,90.3266,23.8745,1443,6,1,1759644336,1760364787,0
LTE,470,4,17011,27141132,-1,90.336,23.8632,1818,24,1,1759644366,1766215145,0
LTE,470,4,17011,26633493,-1,90.3289,23.8692,1000,12,1,1759644376,1759766408,0
LTE,470,2,8429,34320403,-1,90.3343,23.8611,1112,21,1,1759644436,1774971543,0
LTE,470,4,17011,25867532,-1,90.3234,23.8605,1269,10,1,1759644476,1764000365,0
LTE,470,4,17021,26632717,-1,90.3279,23.8577,1941,30,1,1759644496,1774971542,0
LTE,470,2,8429,34450447,-1,90.3328,23.8663,1000,2,1,1759644546,1759766404,0
LTE,470,4,17011,25867542,-1,90.3321,23.8628,1652,6,1,1759644646,1760364791,0
LTE,470,2,8429,34088978,-1,90.3295,23.8619,1222,3,1,1759644656,1766215145,0
LTE,470,4,17021,26632725,-1,90.3394,23.8588,1030,28,1,1759644836,1774971543,0
LTE,470,4,17021,26632727,-1,90.3329,23.8552,1000,10,1,1759644866,1774971542,0
LTE,470,2,8429,34320400,-1,90.3407,23.8579,1070,9,1,1759644976,1764000365,0
LTE,470,4,17021,26632715,-1,90.3406,23.8535,1522,38,1,1759645126,1766215145,0
LTE,470,2,8429,33665292,-1,90.3463,23.8652,1000,14,1,1759645236,1759766405,0
LTE,470,4,17011,25918743,-1,90.3353,23.8677,1521,5,1,1759646266,1759766407,0
GSM,470,2,1392,2115,-1,90.3291,23.8676,1000,19,1,1759646526,1759766406,0
GSM,470,2,1392,4956,-1,90.3273,23.8688,1000,15,1,1759646526,1759766406,0
LTE,470,4,17011,25918733,-1,90.3264,23.8739,1000,9,1,1759646727,1759766407,0
LTE,470,2,8429,34356239,-1,90.3212,23.8752,1000,2,1,1759647016,1759766407,0
GSM,470,4,1401,731,-1,90.3234,23.868,1345,5,1,1759648027,1774971542,0
GSM,470,4,1401,751,-1,90.3201,23.8754,1000,2,1,1759648567,1759766406,0
GSM,470,4,1401,442,-1,90.3201,23.8754,1000,1,1,1759648567,1759648567,0
GSM,470,4,1401,862,-1,90.3201,23.8754,1000,1,1,1759648567,1759648567,0
GSM,470,4,1401,1111,-1,90.3201,23.8754,1000,1,1,1759648877,1759648877,0
GSM,470,4,1405,3173,-1,90.321,23.8754,1000,1,1,1759649027,1759649027,0
GSM,470,4,1401,1142,-1,90.321,23.8754,1000,1,1,1759649077,1759649077,0
GSM,470,4,1405,3223,-1,90.321,23.8754,1000,1,1,1759649077,1759649077,0
GSM,470,4,1401,612,-1,90.3254,23.8758,1000,2,1,1759649097,1760148484,0
LTE,470,4,17011,26666764,-1,90.3212,23.8753,1000,2,1,1759649367,1759766407,0
LTE,470,4,17011,25900053,-1,90.3265,23.8649,1217,4,1,1759649737,1774971542,0
LTE,470,4,17011,25601814,-1,90.3263,23.8751,1000,6,1,1759649827,1759766407,0
LTE,470,4,17011,26666774,-1,90.3279,23.8754,1000,3,1,1759649867,1759766407,0
GSM,470,4,1401,842,-1,90.3294,23.8818,1000,2,1,1759655480,1760364784,0
LTE,470,4,17011,25867286,-1,90.3287,23.8774,1094,10,1,1759657370,1764000364,0
LTE,470,4,17021,26778647,-1,90.3296,23.8763,1000,1,1,1759658984,1759658984,0
LTE,470,2,8216,34144821,-1,90.3296,23.8763,1000,1,1,1759658984,1759658984,0
GSM,470,2,1392,4904,-1,90.3263,23.8755,1000,8,1,1759660544,1760364788,0
LTE,470,2,8429,34447372,-1,90.3283,23.8759,1000,3,1,1759666585,1760364788,0
LTE,470,2,8429,258617640,-1,90.3298,23.8763,1000,1,1,1759667293,1759667293,0
LTE,470,2,8429,33833486,-1,90.3298,23.8763,1000,1,1,1759672573,1759672573,0
LTE,470,1,53061,31497483,-1,89.604,24.1559,1000,15,1,1759812045,1772012761,0
LTE,470,4,57061,147560715,-1,89.6041,24.1559,1000,2,1,1759812045,1759833001,0
LTE,470,4,57062,147560972,-1,89.6041,24.1559,1000,1,1,1759813055,1759813055,0
LTE,470,4,57061,145921548,-1,89.6041,24.1558,1000,1,1,1759813136,1759813136,0
LTE,470,1,48341,28905249,-1,89.0287,23.0066,1059,12,1,1759822688,1768816266,0
LTE,470,3,6010,10531618,-1,89.0314,23.0125,1751,14,1,1759822727,1771268404,0
LTE,470,1,48341,28905248,-1,89.0414,23.006,1000,21,1,1759822749,1771268413,0
LTE,470,1,48341,28905247,-1,89.0347,23.0129,1000,2,1,1759822761,1771268404,0
LTE,470,3,6010,10531588,-1,89.0297,23.0094,1275,21,1,1759822859,1771268404,0
LTE,470,1,48341,29715487,-1,89.0235,23.0103,1366,11,1,1759823299,1768816266,0
LTE,470,1,48341,29068064,-1,89.0233,23.0098,1000,2,1,1759823343,1759876861,0
GSM,470,3,140,61387,-1,89.0309,23.0125,1000,3,1,1759823392,1771268404,0
GSM,470,3,140,61383,-1,89.0252,23.0076,1029,3,1,1759823392,1768816266,0
GSM,470,3,140,61381,-1,89.0273,23.0136,1000,12,1,1759823392,1771268404,0
GSM,470,3,140,42962,-1,89.0166,23.0194,1046,15,1,1759823444,1768816266,0
GSM,470,3,140,24971,-1,89.0199,23.0163,1000,10,1,1759823444,1768816266,0
GSM,470,3,140,24993,-1,89.0203,23.0162,1000,9,1,1759823457,1768816266,0
GSM,470,3,140,28792,-1,89.02,23.0162,1000,16,1,1759823484,1768816266,0
GSM,470,3,140,49912,-1,89.0212,23.0152,1000,6,1,1759823508,1768816266,0
GSM,470,3,140,44652,-1,89.0199,23.0168,1000,4,1,1759823508,1759876862,0
LTE,470,1,48341,28909344,-1,89.0144,23.0218,1000,15,1,1759823622,1759876862,0
LTE,470,3,4076,10316034,-1,89.0043,23.0258,1117,19,1,1759823671,1768816265,0
GSM,470,3,140,49911,-1,89.014,23.0227,1000,2,1,1759823731,1759876862,0
LTE,470,1,48341,28909324,-1,89.0104,23.023,1544,30,1,1759823785,1768816265,0
GSM,470,3,140,35561,-1,89.0124,23.0238,1000,2,1,1759823785,1759876862,0
GSM,470,3,140,42961,-1,89.0124,23.0238,1000,2,1,1759823785,1759876862,0
LTE,470,3,4076,10316035,-1,88.9986,23.0281,1000,4,1,1759824178,1768816265,0
LTE,470,3,4076,10805726,-1,88.9988,23.0316,1000,8,1,1759824215,1759876863,0
LTE,470,3,4076,10316033,-1,88.9996,23.0305,1731,22,1,1759824269,1768816265,0
LTE,470,1,48341,29852173,-1,88.9986,23.0396,1000,22,1,1759831698,1768816265,0
LTE,470,3,4076,10805725,-1,88.9987,23.0416,1000,4,1,1759831711,1759876863,0
LTE,470,3,4076,10805536,-1,88.9988,23.043,1000,4,1,1759831722,1759876863,0
LTE,470,3,4076,11038978,-1,88.9993,23.0494,1179,29,1,1759831787,1768816265,0
LTE,470,3,4076,10470347,-1,88.9997,23.0576,1000,8,1,1759831847,1769209381,0
LTE,470,3,4076,10470346,-1,89.0028,23.0582,500,27,1,1759831858,1769209382,0
LTE,470,3,4076,10470147,-1,88.9995,23.0566,1000,9,1,1759831895,1768816264,0
LTE,470,3,6010,10813729,-1,89.0066,23.0595,1000,4,1,1759831984,1759876864,0
LTE,470,3,6010,10295243,-1,89.0107,23.0611,501,30,1,1759831997,1769209382,0
LTE,470,1,48341,28838433,-1,89.0179,23.0644,1000,17,1,1759832043,1759876864,0
LTE,470,3,6010,10295242,-1,89.0152,23.063,1000,12,1,1759832050,1769209382,0
LTE,470,3,6010,10295241,-1,89.0175,23.0641,1000,10,1,1759832062,1769209382,0
LTE,470,3,6010,10295045,-1,89.0204,23.0655,1000,13,1,1759832072,1769209382,0
LTE,470,1,48341,28838434,-1,89.0247,23.0677,1000,13,1,1759832088,1759876864,0
LTE,470,3,6010,10977311,-1,89.0245,23.0674,1000,7,1,1759832088,1769209382,0
LTE,470,3,6010,10632963,-1,89.029,23.0691,1000,18,1,1759832098,1768816264,0
UMTS,470,3,700,23848404,497,89.0262,23.0683,1000,6,1,1759832110,1759876864,0
LTE,470,1,48341,29053985,-1,89.0325,23.0705,1000,16,1,1759832125,1759876864,0
LTE,470,3,6010,11011843,-1,89.0264,23.0682,1000,8,1,1759832125,1768816264,0
LTE,470,1,6010,10632963,-1,89.0358,23.0716,1000,7,1,1759832175,1759876864,0
LTE,470,3,6010,10632961,-1,89.0364,23.0717,1000,9,1,1759832195,1768816263,0
LTE,470,1,48341,29053986,-1,89.0449,23.0753,1000,13,1,1759832205,1759876865,0
LTE,470,3,6010,10632962,-1,89.0391,23.0727,1000,15,1,1759832205,1768816263,0
LTE,470,1,48341,28841505,-1,89.0471,23.0764,1000,4,1,1759832259,1759876864,0
LTE,470,3,6010,11011873,-1,89.0471,23.0764,1000,4,1,1759832259,1759876864,0
LTE,470,3,6010,10295517,-1,89.0634,23.0856,1000,15,1,1759832369,1769209383,0
LTE,470,1,48341,28841484,-1,89.065,23.0872,1000,4,1,1759832559,1759876865,0
LTE,470,3,6010,10753537,-1,89.0717,23.0928,848,49,1,1759832569,1769209383,0
GSM,470,1,23076,30696,-1,89.0711,23.0927,1000,15,1,1759832579,1759876865,0
GSM,470,1,23076,49371,-1,89.0717,23.0932,1000,18,1,1759832591,1759876865,0
GSM,470,1,23076,50939,-1,89.0751,23.0948,1000,4,1,1759832629,1759876865,0
GSM,470,1,23076,24542,-1,89.0751,23.0948,1000,4,1,1759832629,1759876865,0
GSM,470,1,23076,55050,-1,89.0751,23.0948,1000,4,1,1759832629,1759876865,0
LTE,470,1,48341,29813023,-1,89.0857,23.0888,1456,18,1,1759832629,1771268351,0
LTE,470,1,48341,28903457,-1,89.0883,23.0963,1000,17,1,1759832669,1771268351,0
LTE,470,1,48341,28903456,-1,89.0942,23.0981,1000,18,1,1759832729,1771268351,0
LTE,470,3,6010,10489601,-1,89.0928,23.0976,1000,14,1,1759832739,1771268351,0
LTE,470,1,48341,28702241,-1,89.0974,23.0995,1000,17,1,1759832759,1771268351,0
LTE,470,1,48341,28702240,-1,89.1007,23.1017,1000,16,1,1759832779,1771268351,0
LTE,470,3,6010,10250507,-1,89.0992,23.1005,1000,8,1,1759832779,1771268351,0
LTE,470,3,6010,10250498,-1,89.1013,23.102,1000,21,1,1759832789,1771268351,0
LTE,470,1,48341,29486113,-1,89.1045,23.1044,500,28,1,1759832819,1771268351,0
LTE,470,1,48341,29486111,-1,89.1093,23.1082,1000,13,1,1759832939,1771268351,0
LTE,470,3,6010,10988034,-1,89.1084,23.1075,1000,15,1,1759832939,1769209384,0
LTE,470,3,6010,10484227,-1,89.1112,23.1096,613,25,1,1759832969,1769209384,0
LTE,470,1,48341,28790305,-1,89.113,23.111,1000,15,1,1759832989,1771268351,0
LTE,470,1,48341,28790303,-1,89.1238,23.1181,1140,21,1,1759833019,1771268351,0
LTE,470,1,48341,28790304,-1,89.1272,23.1203,1000,19,1,1759833129,1771268350,0
LTE,470,1,48111,28906273,-1,89.1339,23.1233,1000,24,1,1759833139,1771268350,0
LTE,470,3,6010,10808031,-1,89.1313,23.1223,1177,19,1,1759833149,1771268350,0
LTE,470,3,6010,10295555,-1,89.1332,23.123,1000,15,1,1759833159,1771268350,0
LTE,470,1,48111,28903179,-1,89.1574,23.1293,1000,6,1,1759833289,1759876922,0
LTE,470,1,48111,29698317,-1,89.1754,23.1394,1000,11,1,1759833409,1759876922,0
LTE,470,1,48111,28473377,-1,89.1794,23.1403,829,25,1,1759833439,1771268349,0
LTE,470,3,6010,10704898,-1,89.1834,23.1411,1000,13,1,1759833469,1769209386,0
LTE,470,1,48111,28474913,-1,89.1786,23.1395,1175,28,1,1759833509,1771268349,0
LTE,470,1,48111,28474911,-1,89.1922,23.1434,1000,16,1,1759833549,1769209386,0
LTE,470,1,48111,28476734,-1,89.1991,23.146,1000,11,1,1759833609,1759876923,0
LTE,470,3,6010,10457345,-1,89.2001,23.1465,1000,16,1,1759833679,1769209386,0
LTE,470,1,48091,28471871,-1,89.2031,23.15,1000,11,1,1759833719,1759876923,0
LTE,470,3,6010,10534147,-1,89.2043,23.1527,1000,13,1,1759833759,1768816222,0
LTE,470,1,48091,28471869,-1,89.2045,23.1535,1000,6,1,1759833779,1759876923,0
LTE,470,3,6010,10382338,-1,89.205,23.1548,1000,8,1,1759833829,1768816222,0
LTE,470,1,48091,28456767,-1,89.2055,23.1565,1000,5,1,1759833839,1759876923,0
LTE,470,3,6010,10534145,-1,89.2055,23.1568,1000,9,1,1759833849,1768816222,0
LTE,470,1,48091,28454207,-1,89.2061,23.1588,1000,7,1,1759833879,1759876923,0
LTE,470,3,6010,10382346,-1,89.2059,23.158,1000,7,1,1759833889,1768816222,0
LTE,470,3,6010,10252547,-1,89.2062,23.159,1000,5,1,1759833909,1768816222,0
LTE,470,1,48091,28454155,-1,89.2066,23.1606,1000,3,1,1759833919,1759876923,0
LTE,470,1,48091,28454156,-1,89.2058,23.1578,1000,12,1,1759833929,1768816222,0
LTE,470,3,6010,10252545,-1,89.2074,23.1604,1000,9,1,1759833929,1768816222,0
LTE,470,1,48091,28451341,-1,89.2078,23.1605,1000,9,1,1759833959,1768816222,0
LTE,470,3,6010,10989827,-1,89.2114,23.161,1000,8,1,1759833989,1759876923,0
LTE,470,1,48091,28451339,-1,89.2117,23.1611,1000,6,1,1759833999,1759876923,0
LTE,470,1,48091,28455949,-1,89.2128,23.1629,1000,4,1,1759834039,1759876923,0
LTE,470,3,6010,10382083,-1,89.2131,23.1635,1000,8,1,1759834039,1759876923,0
LTE,470,1,48091,28454924,-1,89.2132,23.1638,1000,2,1,1759834059,1759876923,0
LTE,470,1,48091,28455947,-1,89.2135,23.1644,1000,3,1,1759834069,1759876923,0
LTE,470,3,6010,10382081,-1,89.2138,23.1648,1000,2,1,1759834079,1759876923,0
LTE,470,1,48091,28453645,-1,89.2133,23.1652,1000,13,1,1759834089,1768816222,0
LTE,470,3,6010,10244609,-1,89.2148,23.1649,1000,7,1,1759834099,1759876923,0
LTE,470,1,48091,28453644,-1,89.2157,23.1647,1000,7,1,1759834179,1768816222,0
LTE,470,3,6010,10484993,-1,89.2169,23.1643,1000,12,1,1759834189,1768816222,0
LTE,470,1,48091,28456205,-1,89.2164,23.1645,1000,9,1,1759834209,1768816222,0
LTE,470,1,48091,28456204,-1,89.2198,23.1631,1000,19,1,1759834239,1768816222,0
LTE,470,3,6010,10484994,-1,89.2191,23.1635,1000,11,1,1759834239,1768816222,0
LTE,470,3,6010,10344963,-1,89.2271,23.1603,1000,7,1,1759835509,1759876923,0
LTE,470,3,6010,10344962,-1,89.2298,23.16,1000,10,1,1759835539,1769209387,0
LTE,470,1,48091,29060108,-1,89.2318,23.1599,1000,6,1,1759835569,1759876924,0
LTE,470,3,6010,11036931,-1,89.2318,23.1599,1000,9,1,1759835579,1769209387,0
LTE,470,1,48091,28472864,-1,89.2349,23.1608,1000,7,1,1759835619,1769209387,0
LTE,470,3,6010,11036930,-1,89.2354,23.161,1000,18,1,1759835619,1769209388,0
LTE,470,1,48091,28471071,-1,89.2382,23.1621,1000,4,1,1759835669,1759876924,0
LTE,470,3,6010,10687745,-1,89.2389,23.1623,1000,5,1,1759835679,1759876924,0
LTE,470,1,48091,28473121,-1,89.2411,23.1631,759,26,1,1759835689,1769209388,0
LTE,470,3,4078,10292227,-1,89.2429,23.1638,1000,18,1,1759835709,1769209388,0
LTE,470,1,48091,28473119,-1,89.2504,23.1657,1000,10,1,1759836289,1769209388,0
LTE,470,3,4078,10292225,-1,89.251,23.166,1000,10,1,1759836299,1759876924,0
LTE,470,3,4078,10292226,-1,89.2595,23.1674,1000,16,1,1759836329,1759876924,0
LTE,470,1,48091,29371937,-1,89.2582,23.1671,1713,12,1,1759836339,1769209388,0
LTE,470,3,4078,10835458,-1,89.2575,23.167,1638,8,1,1759836349,1769209388,0
LTE,470,1,48091,29371936,-1,89.2672,23.1669,2607,20,1,1759836389,1769209388,0
GSM,470,3,142,42032,-1,89.2648,23.1681,1000,4,1,1759836389,1759876924,0
GSM,470,3,142,48103,-1,89.2642,23.1668,2312,8,1,1759836399,1769209388,0
GSM,470,3,146,32033,-1,89.268,23.1661,2680,9,1,1759836419,1769209388,0
GSM,470,3,142,23221,-1,89.2714,23.1664,1000,6,1,1759836419,1759876925,0
GSM,470,3,142,36832,-1,89.2714,23.1664,1000,6,1,1759836419,1759876925,0
GSM,470,3,142,48871,-1,89.2712,23.1664,1000,8,1,1759836419,1759876925,0
LTE,470,3,4078,10834719,-1,89.2722,23.1663,1000,4,1,1759836429,1759876925,0
LTE,470,1,48091,29539597,-1,89.2734,23.1666,3241,10,1,1759836439,1769209388,0
LTE,470,3,4078,10447649,-1,89.2777,23.1674,1000,18,1,1759836439,1759876925,0
LTE,470,1,48091,29539595,-1,89.283,23.1727,4326,19,1,1759836479,1769209388,0
LTE,470,3,4078,10447617,-1,89.281,23.1717,4103,11,1,1759836489,1769209388,0
LTE,470,3,4078,11183106,-1,89.2856,23.177,4713,11,1,1759836529,1769209388,0
LTE,470,1,48381,29067041,-1,89.2911,23.1795,1000,7,1,1759836549,1759876925,0
LTE,470,1,48381,29067021,-1,89.2951,23.182,5819,17,1,1759836569,1769209388,0
LTE,470,3,4078,11183105,-1,89.291,23.1806,5367,11,1,1759836569,1769209388,0
LTE,470,3,4078,10307075,-1,89.2947,23.182,5771,8,1,1759836609,1769209388,0
LTE,470,1,48381,29067019,-1,89.3056,23.1828,6853,12,1,1759836659,1769209388,0
LTE,470,3,4078,10307073,-1,89.3019,23.1827,6492,11,1,1759836659,1769209388,0
LTE,470,3,4078,10307074,-1,89.3063,23.1827,6918,11,1,1759836709,1769209388,0
LTE,470,1,4078,10307074,-1,89.3141,23.1846,1000,4,1,1759836729,1759876926,0
LTE,470,3,4078,10641155,-1,89.3194,23.1846,1000,18,1,1759836739,1759876926,0
LTE,470,1,48381,29714955,-1,89.3169,23.1835,7979,18,1,1759836749,1769209388,0
LTE,470,3,4078,10641154,-1,89.3277,23.1858,1000,16,1,1759836789,1759876926,0
LTE,470,1,48381,29620492,-1,89.328,23.1854,9127,17,1,1759836799,1769209388,0
LTE,470,1,48381,29050657,-1,89.3303,23.1864,1000,4,1,1759836889,1759876926,0
LTE,470,1,48381,29702156,-1,89.3279,23.1855,9126,12,1,1759836919,1769209388,0
LTE,470,3,4081,10244385,-1,89.3015,23.1789,6322,3,1,1759836919,1769209388,0
LTE,470,3,4081,10909984,-1,89.3322,23.1868,1000,3,1,1759836939,1759876926,0
LTE,470,1,48381,29263903,-1,89.3577,23.1853,2531,6,1,1759836969,1759876927,0
LTE,470,3,4078,11157505,-1,89.333,23.187,1000,1,1,1759836969,1759836969,0
LTE,470,1,48381,29263883,-1,89.3109,23.1813,7328,4,1,1759836979,1769209388,0
LTE,470,3,4078,10633217,-1,89.3336,23.1871,1000,2,1,1759836979,1759876926,0
LTE,470,3,4081,10909954,-1,89.3375,23.1877,1000,6,1,1759836989,1759876926,0
LTE,470,3,4081,10244355,-1,89.3458,23.1878,1111,26,1,1759837009,1759876927,0
LTE,470,3,4081,11132162,-1,89.3392,23.188,1000,12,1,1759837029,1759876926,0
LTE,470,1,48381,29050637,-1,89.3477,23.1878,1000,12,1,1759837129,1759876927,0
LTE,470,1,48381,29050636,-1,89.3544,23.1868,1000,6,1,1759837239,1759876927,0
LTE,470,3,4081,10244354,-1,89.3586,23.186,1000,24,1,1759837239,1759876927,0
LTE,470,1,48381,29050640,-1,89.3581,23.1863,1000,8,1,1759837269,1759876927,0
LTE,470,1,48381,29538059,-1,89.361,23.1851,1000,3,1,1759837309,1759876927,0
GSM,470,3,145,40162,-1,89.3721,23.1879,903,37,1,1759837339,1759876927,0
GSM,470,1,23098,50424,-1,89.3702,23.1877,717,29,1,1759837339,1759876927,0
GSM,470,1,23098,30684,-1,89.3718,23.1882,1000,22,1,1759837359,1759876927,0
GSM,470,3,145,61392,-1,89.3745,23.1883,818,33,1,1759837359,1759876927,0
GSM,470,3,145,26183,-1,89.3681,23.1873,1000,6,1,1759837359,1759876927,0
GSM,470,3,142,15351,-1,89.3718,23.1882,1000,20,1,1759837359,1759876927,0
GSM,470,1,23098,50897,-1,89.3704,23.1882,1000,8,1,1759837372,1759876927,0
GSM,470,1,23098,49953,-1,89.3725,23.1884,1000,14,1,1759837372,1759876927,0
GSM,470,3,145,26181,-1,89.3757,23.1884,1000,14,1,1759837372,1759876927,0
GSM,470,1,23098,30683,-1,89.3732,23.1886,1000,16,1,1759837380,1759876927,0
GSM,470,3,145,40161,-1,89.3733,23.1889,1000,4,1,1759837400,1759876927,0
GSM,470,3,145,22662,-1,89.377,23.1885,1000,7,1,1759837400,1759876927,0
GSM,470,1,23098,14497,-1,89.3755,23.1887,1000,6,1,1759837423,1759876927,0
LTE,470,1,48381,29371424,-1,89.376,23.1886,1000,4,1,1759837429,1759876927,0
LTE,470,1,48381,29051681,-1,89.3828,23.1868,1000,23,1,1759837439,1759876928,0
GSM,470,3,145,61393,-1,89.3795,23.1884,1000,12,1,1759837439,1759876927,0
GSM,470,3,144,63193,-1,89.4287,23.1716,5070,8,1,1759837482,1759876929,0
LTE,470,3,4081,10531873,-1,89.3842,23.1867,1000,1,1,1759837506,1759837506,0
LTE,470,3,4081,10531842,-1,89.3871,23.1847,1000,14,1,1759837509,1759876928,0
LTE,470,1,48381,29051680,-1,89.3938,23.1817,1000,19,1,1759837569,1759876928,0
LTE,470,3,4081,10531841,-1,89.3924,23.1818,1000,12,1,1759837579,1759876928,0
LTE,470,1,48381,29538079,-1,89.3977,23.1806,1000,12,1,1759837629,1759876928,0
LTE,470,3,4081,10910465,-1,89.3995,23.1804,1000,20,1,1759837629,1759876928,0
LTE,470,1,48381,29619489,-1,89.4088,23.1786,673,25,1,1759837679,1759876928,0
LTE,470,3,4081,11129347,-1,89.4099,23.1784,1000,21,1,1759837689,1759876928,0
LTE,470,1,48381,29619487,-1,89.4157,23.1766,1000,4,1,1759837749,1759876928,0
LTE,470,3,4081,11129346,-1,89.4218,23.1747,748,29,1,1759837749,1759876928,0
LTE,470,1,48381,29619488,-1,89.4235,23.1742,737,28,1,1759837759,1759876928,0
LTE,470,3,4081,11129376,-1,89.4296,23.1717,1000,5,1,1759837859,1759876928,0
LTE,470,1,48381,29119009,-1,89.4357,23.1692,1000,17,1,1759837869,1759876929,0
GSM,470,3,145,34732,-1,89.4332,23.1701,1000,16,1,1759837869,1759876929,0
GSM,470,3,145,46191,-1,89.4339,23.1698,1000,13,1,1759837880,1759876929,0
GSM,470,3,144,31911,-1,89.4339,23.1698,1000,13,1,1759837880,1759876929,0
GSM,470,3,145,46193,-1,89.4353,23.1693,1000,7,1,1759837900,1759876929,0
LTE,470,3,4081,10398723,-1,89.4386,23.168,1000,7,1,1759837919,1759876929,0
LTE,470,3,4081,10398721,-1,89.4434,23.1664,1000,14,1,1759837939,1759876929,0
LTE,470,1,48381,29119008,-1,89.4569,23.1635,1087,21,1,1759837949,1759876929,0
LTE,470,3,4081,10398722,-1,89.4502,23.1638,1000,16,1,1759837990,1759876929,0
LTE,470,3,4081,10877185,-1,89.4624,23.1635,842,34,1,1759838049,1759876929,0
LTE,470,1,48381,28496929,-1,89.479,23.1647,1389,49,1,1759838109,1759876930,0
LTE,470,1,48381,29548320,-1,89.4663,23.1638,1000,3,1,1759838129,1759876929,0
LTE,470,3,4081,10878722,-1,89.4764,23.1645,1000,20,1,1759838189,1759876929,0
LTE,470,3,4081,10877443,-1,89.4767,23.1646,1000,6,1,1759838209,1759876929,0
LTE,470,3,4081,10734850,-1,89.4863,23.1653,1000,18,1,1759838300,1759876930,0
LTE,470,1,48381,28496928,-1,89.4932,23.1657,1000,9,1,1759838370,1759876930,0
LTE,470,3,4081,10734851,-1,89.4934,23.1657,1000,10,1,1759838370,1759876930,0
LTE,470,1,48381,28497441,-1,89.4955,23.1651,1000,4,1,1759838399,1759876930,0
LTE,470,3,4081,11003651,-1,89.4955,23.1649,1000,3,1,1759838409,1759876930,0
LTE,470,1,48381,28498719,-1,89.4974,23.1608,1000,5,1,1759838479,1759876930,0
LTE,470,3,4081,10939137,-1,89.4976,23.1608,1000,6,1,1759838479,1759876930,0
LTE,470,1,48381,28498700,-1,89.5008,23.1572,1000,7,1,1759838499,1759876930,0
LTE,470,1,48381,28497420,-1,89.5009,23.1615,1000,3,1,1759838520,1759876930,0
LTE,470,3,4081,10284290,-1,89.5014,23.1586,1000,16,1,1759838520,1759876930,0
LTE,470,1,48381,28498720,-1,89.5013,23.1591,1000,7,1,1759838560,1759876930,0
LTE,470,1,48381,29184780,-1,89.5089,23.1606,1000,8,1,1759838580,1759876931,0
LTE,470,3,4081,10879263,-1,89.5013,23.1544,1000,4,1,1759838599,1759876930,0
LTE,470,1,48381,28498445,-1,89.5007,23.1521,1000,9,1,1759838615,1759876930,0
LTE,470,3,4081,10879235,-1,89.5006,23.151,1000,6,1,1759838620,1759876930,0
LTE,470,1,48381,29595405,-1,89.5132,23.156,4545,21,1,1759838650,1759876931,0
GSM,470,3,145,24963,-1,89.5008,23.1492,1000,2,1,1759838659,1759876930,0
LTE,470,3,4080,10777091,-1,89.507,23.1526,2573,18,1,1759838680,1759876931,0
LTE,470,1,48381,28498444,-1,89.5083,23.1559,1000,3,1,1759838829,1759876930,0
LTE,470,3,4081,10879234,-1,89.5092,23.1577,1000,13,1,1759838829,1759876931,0
LTE,470,1,48381,28498443,-1,89.5103,23.1594,1000,16,1,1759838840,1759876931,0
LTE,470,3,4081,10243841,-1,89.5116,23.1612,1000,6,1,1759838880,1759876931,0
LTE,470,3,4081,11059971,-1,89.5142,23.1635,1000,11,1,1759838900,1759876931,0
LTE,470,1,48381,28498463,-1,89.5161,23.1653,1000,13,1,1759838919,1759876931,0
LTE,470,3,4081,11059969,-1,89.5183,23.1674,1000,14,1,1759838940,1759876931,0
LTE,470,1,48381,28497164,-1,89.522,23.1709,1000,19,1,1759838960,1759876931,0
GSM,470,3,145,32021,-1,89.5238,23.1726,1000,9,1,1759838989,1759876931,0
LTE,470,1,48381,28497676,-1,89.5243,23.1731,1000,4,1,1759839000,1759876931,0
GSM,470,3,145,40141,-1,89.5244,23.1733,1000,5,1,1759839000,1759876931,0
LTE,470,1,48381,28498956,-1,89.5249,23.1738,1000,2,1,1759839010,1759876931,0
LTE,470,3,4081,10488097,-1,89.5421,23.1773,4532,19,1,1759839020,1759876933,0
LTE,470,1,48381,29401889,-1,89.5325,23.1763,623,26,1,1759839040,1759876931,0
LTE,470,3,4081,10488095,-1,89.5407,23.179,1000,18,1,1759839110,1759876931,0
LTE,470,1,48381,29401867,-1,89.5431,23.1796,1000,20,1,1759839120,1759876932,0
LTE,470,3,4081,11153953,-1,89.5483,23.18,1000,16,1,1759839160,1759876932,0
GSM,470,1,23098,4296,-1,89.5509,23.1795,1000,5,1,1759839190,1759876932,0
GSM,470,1,23098,4297,-1,89.5582,23.18,1000,23,1,1759839202,1759876932,0
GSM,470,1,23098,55150,-1,89.557,23.1797,1000,23,1,1759839202,1759876932,0
GSM,470,1,23098,55134,-1,89.5653,23.1811,1334,33,1,1759839210,1759876933,0
LTE,470,3,4081,11153952,-1,89.559,23.1801,703,27,1,1759839210,1759876932,0
GSM,470,1,27014,21821,-1,89.5667,23.1813,1179,29,1,1759839230,1759876933,0
GSM,470,1,23098,4298,-1,89.5646,23.181,1019,8,1,1759839263,1759876933,0
GSM,470,1,23098,52975,-1,89.5622,23.1808,1000,6,1,1759839263,1759876932,0
GSM,470,1,27014,27964,-1,89.5819,23.182,4950,14,1,1759839271,1759876934,0
LTE,470,3,4081,10396449,-1,89.571,23.1821,1000,13,1,1759839300,1759876933,0
LTE,470,3,4081,10396637,-1,89.577,23.1824,1000,10,1,1759839370,1759876933,0
LTE,470,1,46121,29401101,-1,89.5793,23.1826,1000,14,1,1759839380,1759876933,0
LTE,470,3,4081,10396418,-1,89.5819,23.1828,1000,11,1,1759839400,1759876933,0
LTE,470,1,46121,29401100,-1,89.5844,23.183,1000,8,1,1759839420,1759876933,0
LTE,470,1,46121,29401099,-1,89.5965,23.1836,1067,24,1,1759839440,1759876934,0
GSM,470,3,145,46101,-1,89.5985,23.1837,1682,18,1,1759839440,1759876934,0
GSM,470,3,145,35692,-1,89.6056,23.184,1787,15,1,1759839452,1759876934,0
GSM,470,3,145,35691,-1,89.5886,23.1833,1000,5,1,1759839452,1759876933,0
GSM,470,3,145,46102,-1,89.6045,23.1839,1680,19,1,1759839452,1759876934,0
GSM,470,3,145,15782,-1,89.6037,23.1839,1657,25,1,1759839452,1759876934,0
GSM,470,3,144,21791,-1,89.6006,23.1837,1275,19,1,1759839452,1759876934,0
GSM,470,3,144,21793,-1,89.5886,23.1833,1000,5,1,1759839452,1759876933,0
LTE,470,3,4080,10798081,-1,89.5915,23.1834,1000,7,1,1759839470,1759876933,0
GSM,470,3,144,42443,-1,89.6107,23.1842,883,34,1,1759839540,1759876934,0
LTE,470,1,46121,29112589,-1,89.6113,23.1842,1000,17,1,1759839570,1759876934,0
GSM,470,3,144,42449,-1,89.6134,23.1843,1000,11,1,1759839590,1759876934,0
GSM,470,3,144,45183,-1,89.6134,23.1843,1000,11,1,1759839590,1759876934,0
LTE,470,1,46121,29112590,-1,89.6205,23.1842,1000,13,1,1759839630,1759876934,0
LTE,470,3,4080,10372897,-1,89.6361,23.1838,3928,21,1,1759839670,1759876935,0
GSM,470,1,27014,27963,-1,89.6272,23.1834,1000,14,1,1759839700,1759876934,0
GSM,470,1,27014,55145,-1,89.6288,23.1832,1000,7,1,1759839720,1759876934,0
GSM,470,1,27014,29464,-1,89.6298,23.1831,1000,3,1,1759839732,1759876934,0
GSM,470,1,27014,55143,-1,89.6298,23.1831,1000,3,1,1759839732,1759876934,0
GSM,470,1,27014,55387,-1,89.6298,23.1831,1000,3,1,1759839732,1759876934,0
LTE,470,1,46121,28677153,-1,89.6376,23.1819,1000,18,1,1759839740,1759876934,0
LTE,470,3,4080,11216417,-1,89.6324,23.1827,1000,6,1,1759839740,1759876934,0
LTE,470,3,4080,11216416,-1,89.6365,23.182,1000,10,1,1759839760,1759876934,0
LTE,470,3,4080,10372896,-1,89.6479,23.1811,1000,13,1,1759839830,1759876934,0
LTE,470,1,46121,28677151,-1,89.6468,23.1808,1000,8,1,1759839830,1759876934,0
LTE,470,1,46121,28677152,-1,89.6501,23.1816,1000,7,1,1759839870,1759876934,0
LTE,470,3,4080,10811169,-1,89.653,23.1832,1000,6,1,1759839890,1759876935,0
LTE,470,1,46121,28682785,-1,89.6526,23.1828,1000,4,1,1759839900,1759876935,0
LTE,470,1,46121,28682784,-1,89.6536,23.1834,1000,2,1,1759839920,1759876935,0
LTE,470,1,46121,29751583,-1,89.6594,23.189,1000,20,1,1759839929,1759876935,0
LTE,470,3,4080,10289952,-1,89.6553,23.1846,1000,3,1,1759839940,1759876935,0
LTE,470,3,4080,10811137,-1,89.6584,23.1884,1000,20,1,1759839950,1759876935,0
LTE,470,3,4080,10243586,-1,89.6591,23.1909,1000,6,1,1759840010,1759876935,0
LTE,470,3,4080,35843805,-1,89.6674,23.1925,1000,20,1,1759840060,1759876935,0
LTE,470,1,46121,29743372,-1,89.669,23.1929,1000,13,1,1759840090,1759876935,0
LTE,470,1,46101,29687821,-1,89.6782,23.1952,697,28,1,1759840130,1759876935,0
GSM,470,3,144,40131,-1,89.6789,23.1954,625,25,1,1759840140,1759876935,0
GSM,470,3,278,32430,-1,89.6799,23.1954,1000,21,1,1759840151,1759876935,0
GSM,470,3,144,32701,-1,89.6789,23.1955,1000,8,1,1759840151,1759876935,0
GSM,470,3,144,22301,-1,89.6799,23.1954,1000,21,1,1759840151,1759876935,0
GSM,470,3,144,24412,-1,89.6785,23.1956,1000,15,1,1759840151,1759876935,0
LTE,470,3,4104,3923233,-1,89.6899,23.1926,1000,17,1,1759840210,1759876936,0
LTE,470,1,46101,29687820,-1,89.6875,23.1944,1000,7,1,1759840220,1759876935,0
LTE,470,1,46101,29024545,-1,89.692,23.1915,1000,11,1,1759840250,1759876936,0
LTE,470,1,46101,29024544,-1,89.6998,23.1897,556,26,1,1759840280,1759876936,0
LTE,470,3,4104,3923232,-1,89.6988,23.1883,1000,12,1,1759840290,1759876936,0
GSM,470,3,278,32420,-1,89.7029,23.1918,1000,14,1,1759840320,1759876936,0
GSM,470,3,278,32410,-1,89.7029,23.1918,1000,14,1,1759840320,1759876936,0
GSM,470,3,144,60791,-1,89.7029,23.1918,1000,14,1,1759840320,1759876936,0
GSM,470,3,278,51873,-1,89.7033,23.1931,1000,8,1,1759840332,1759876936,0
GSM,470,3,278,32122,-1,89.7033,23.1937,1000,5,1,1759840366,1759876936,0
LTE,470,1,46101,29616417,-1,89.7083,23.2056,1380,11,1,1759840380,1759876936,0
LTE,470,3,4104,3923201,-1,89.7074,23.2011,1000,18,1,1759840380,1759876936,0
LTE,470,3,4104,3016198,-1,89.7052,23.1967,1000,12,1,1759840390,1759876936,0
LTE,470,1,46101,29027871,-1,89.706,23.1981,1000,13,1,1759840400,1759876936,0
LTE,470,1,46101,29024543,-1,89.7087,23.2035,1000,9,1,1759840440,1759876936,0
LTE,470,3,4104,3426306,-1,89.7114,23.2119,1000,8,1,1759840470,1759876936,0
LTE,470,3,4104,3426336,-1,89.7136,23.2135,1148,10,1,1759840480,1759876936,0
LTE,470,1,46101,29616416,-1,89.7142,23.2156,1099,10,1,1759840510,1759876936,0
LTE,470,1,46101,29616415,-1,89.7125,23.215,1000,6,1,1759840560,1759876936,0
LTE,470,1,46101,28788001,-1,89.7208,23.2184,1000,17,1,1759840590,1759876937,0
LTE,470,3,4104,3486211,-1,89.7176,23.2171,1000,9,1,1759840600,1759876936,0
LTE,470,3,4104,3486210,-1,89.7265,23.221,1000,17,1,1759840680,1759876937,0
LTE,470,1,46101,28788000,-1,89.7349,23.227,1011,36,1,1759840710,1759876937,0
GSM,470,3,278,36172,-1,89.7335,23.2255,1000,14,1,1759840730,1759876937,0
GSM,470,3,278,56772,-1,89.7336,23.2257,1000,7,1,1759840741,1759876937,0
LTE,470,3,4104,3667538,-1,89.7371,23.2288,1000,4,1,1759840770,1759876937,0
LTE,470,3,4104,3667458,-1,89.7456,23.2362,1165,33,1,1759840780,1759876937,0
LTE,470,1,46101,29533984,-1,89.7444,23.2351,1000,11,1,1759840810,1759876937,0
LTE,470,1,46101,29704481,-1,89.7518,23.2419,764,28,1,1759840840,1759876937,0
LTE,470,3,4104,2854413,-1,89.7481,23.2382,1000,8,1,1759840840,1759876937,0
LTE,470,3,4104,3382560,-1,89.756,23.247,1000,16,1,1759840890,1759876937,0
LTE,470,1,46101,29704459,-1,89.7578,23.2495,1000,9,1,1759840910,1759876937,0
LTE,470,3,4104,3382530,-1,89.76,23.2521,1000,11,1,1759840930,1759876937,0
LTE,470,1,48301,29257228,-1,89.7622,23.255,1000,16,1,1759840940,1759876938,0
LTE,470,3,4104,3382540,-1,89.7618,23.2545,1000,4,1,1759840950,1759876937,0
LTE,470,3,4104,3382531,-1,89.7641,23.2574,1000,10,1,1759840960,1759876937,0
LTE,470,1,48301,29257227,-1,89.7652,23.2587,1000,3,1,1759840980,1759876937,0
LTE,470,1,48301,29787661,-1,89.7667,23.2607,1000,8,1,1759840990,1759876938,0
LTE,470,3,4104,3991810,-1,89.7667,23.2607,1000,8,1,1759840990,1759876938,0
LTE,470,1,48301,29787659,-1,89.7689,23.2636,1000,7,1,1759841020,1759876938,0
LTE,470,3,4104,3991809,-1,89.7683,23.2628,1000,4,1,1759841020,1759876938,0
LTE,470,3,4104,4429314,-1,89.7715,23.2669,1000,10,1,1759841030,1759876938,0
LTE,470,1,48301,28521229,-1,89.7729,23.2684,1000,19,1,1759841040,1759876938,0
LTE,470,3,4104,4429313,-1,89.7769,23.2715,1000,16,1,1759841080,1759876938,0
LTE,470,1,48301,28521227,-1,89.7771,23.2716,1000,6,1,1759841100,1769209389,0
LTE,470,1,48301,28521230,-1,89.783,23.2742,1000,13,1,1759841953,1769209389,0
LTE,470,3,4104,2603778,-1,89.7849,23.2751,1000,21,1,1759842958,1759876938,0
LTE,470,1,48301,29024268,-1,89.7844,23.2748,1000,7,1,1759842978,1759876938,0
LTE,470,1,48301,29355531,-1,89.7951,23.2799,1000,23,1,1759843018,1759876938,0
LTE,470,3,4104,2603779,-1,89.7951,23.2799,1000,23,1,1759843018,1759876938,0
LTE,470,3,4104,3228673,-1,89.8022,23.2833,1000,8,1,1759843068,1759876938,0
LTE,470,1,48301,29352971,-1,89.8022,23.2833,1000,8,1,1759843068,1759876938,0
LTE,470,1,48301,29356301,-1,89.8126,23.2895,1053,35,1,1759843088,1759876939,0
LTE,470,3,4104,3285507,-1,89.8117,23.2888,937,31,1,1759843088,1759876939,0
LTE,470,3,4104,3285505,-1,89.8227,23.2967,1000,20,1,1759843178,1759876939,0
LTE,470,1,48301,29356300,-1,89.8219,23.2966,1000,9,1,1759843188,1759876939,0
LTE,470,1,48301,29022989,-1,89.8327,23.3006,953,35,1,1759843208,1759876939,0
LTE,470,3,4099,3896066,-1,89.8335,23.3008,1000,24,1,1759843228,1759876939,0
LTE,470,3,4099,3896067,-1,89.8398,23.3045,1000,4,1,1759843298,1759876939,0
LTE,470,1,48301,29022990,-1,89.8467,23.3063,1000,22,1,1759843308,1759876939,0
LTE,470,3,4099,3896065,-1,89.8467,23.3063,1000,22,1,1759843308,1759876939,0
GSM,470,1,27006,3024,-1,89.8603,23.3121,977,39,1,1759843378,1759876940,0
GSM,470,1,27006,13825,-1,89.8596,23.311,1000,20,1,1759843378,1759876940,0
LTE,470,3,4099,4720643,-1,89.853,23.3081,1000,4,1,1759843378,1759876939,0
GSM,470,1,27006,28965,-1,89.8555,23.3086,1000,7,1,1759843388,1759876939,0
GSM,470,1,27006,47042,-1,89.8611,23.3125,890,35,1,1759843388,1759876940,0
GSM,470,1,27006,28964,-1,89.8608,23.312,1000,20,1,1759843388,1759876940,0
LTE,470,3,4099,4720673,-1,89.8582,23.3098,1000,18,1,1759843388,1759876940,0
GSM,470,1,27006,1633,-1,89.863,23.3141,1000,13,1,1759843421,1759876940,0
GSM,470,1,27006,13823,-1,89.8637,23.3149,1000,13,1,1759843433,1759876940,0
GSM,470,1,27006,13824,-1,89.8637,23.3143,1000,16,1,1759843441,1759876940,0
LTE,470,3,4099,4720671,-1,89.8669,23.32,1125,18,1,1759843448,1759876940,0
GSM,470,1,27006,47040,-1,89.8651,23.3191,1000,3,1,1759843490,1759876940,0
LTE,470,1,48301,29616927,-1,89.8666,23.3223,1000,11,1,1759843498,1759876940,0
LTE,470,3,4099,2720801,-1,89.8675,23.3232,1000,8,1,1759843498,1759876940,0
LTE,470,1,48301,29026080,-1,89.8753,23.3321,1115,43,1,1759843528,1759876941,0
LTE,470,3,4099,2720770,-1,89.875,23.3318,1000,16,1,1759843558,1759876940,0
LTE,470,3,4099,2917122,-1,89.8776,23.3351,1000,9,1,1759843578,1759876941,0
LTE,470,3,4099,2720769,-1,89.8783,23.3363,1000,5,1,1759843598,1759876941,0
LTE,470,3,4099,3905283,-1,89.8863,23.3468,1242,43,1,1759843618,1759876941,0
LTE,470,1,48301,29642527,-1,89.8841,23.3408,1000,10,1,1759843628,1759876941,0
LTE,470,1,48301,28889377,-1,89.8867,23.3464,1000,15,1,1759843658,1759876941,0
LTE,470,1,48301,29348128,-1,89.888,23.3522,1000,9,1,1759843698,1759876941,0
LTE,470,1,48301,29348127,-1,89.8907,23.3572,1000,13,1,1759843718,1759876941,0
LTE,470,3,4099,2956035,-1,89.8926,23.3598,1000,21,1,1759843718,1759876941,0
LTE,470,1,48301,29731873,-1,89.8914,23.3582,1000,6,1,1759843728,1759876941,0
LTE,470,3,4099,3905281,-1,89.8911,23.3578,1000,3,1,1759843748,1759876941,0
LTE,470,1,48301,28889375,-1,89.8939,23.3616,1000,5,1,1759843808,1759876941,0
LTE,470,1,48301,28881952,-1,89.8981,23.3675,1000,23,1,1759843828,1759876981,0
LTE,470,3,4099,2956034,-1,89.8979,23.3672,1000,17,1,1759843868,1759876981,0
LTE,470,3,4099,2956033,-1,89.9028,23.3739,1000,11,1,1759843968,1759876981,0
LTE,470,1,48301,29731871,-1,89.9036,23.375,1000,17,1,1759843978,1759876981,0
LTE,470,3,4099,3905539,-1,89.9088,23.3795,1152,19,1,1759843978,1759876982,0
LTE,470,1,48271,29014285,-1,89.9076,23.3792,1000,6,1,1759844028,1759876981,0
LTE,470,1,48301,29731851,-1,89.9108,23.3814,1000,7,1,1759844048,1759876981,0
LTE,470,1,48271,29733644,-1,89.9138,23.3834,1000,7,1,1759844068,1759876982,0
LTE,470,1,48271,29014284,-1,89.9173,23.3863,1000,11,1,1759844088,1759876982,0
LTE,470,3,4099,3905538,-1,89.9189,23.3878,1000,8,1,1759844088,1759876982,0
LTE,470,1,48271,29014286,-1,89.9223,23.3912,1000,8,1,1759844118,1759876982,0
LTE,470,3,4099,3905537,-1,89.9222,23.3911,1000,3,1,1759844138,1759876982,0
LTE,470,3,4099,3894017,-1,89.9306,23.3978,1084,22,1,1759844148,1759876982,0
LTE,470,3,4099,3441923,-1,89.9383,23.4004,1622,15,1,1759844168,1759876982,0
LTE,470,1,48271,29669664,-1,89.9307,23.3986,1133,31,1,1759844178,1759876982,0
LTE,470,3,4102,4492290,-1,89.9295,23.3981,1000,7,1,1759844188,1759876982,0
LTE,470,1,48271,28786465,-1,89.9369,23.4024,1000,8,1,1759844258,1759876982,0
LTE,470,3,4102,3932162,-1,89.936,23.4024,1000,7,1,1759844258,1759876982,0
LTE,470,1,48271,28786445,-1,89.9454,23.4019,1000,17,1,1759844308,1759876982,0
LTE,470,3,4099,3441922,-1,89.9522,23.4006,1000,17,1,1759844348,1759876982,0
LTE,470,1,48271,28786444,-1,89.9543,23.3997,1000,18,1,1759844358,1759876983,0
LTE,470,3,4099,4719363,-1,89.9589,23.3978,1000,12,1,1759844388,1759876983,0
LTE,470,1,48271,28881421,-1,89.96,23.3972,1000,7,1,1759844398,1759876983,0
LTE,470,1,48271,28881420,-1,89.9649,23.3951,1000,13,1,1759844418,1759876983,0
LTE,470,3,4099,4719362,-1,89.9663,23.3945,1000,19,1,1759844418,1759876983,0
LTE,470,1,48271,29676093,-1,89.9727,23.3923,1000,20,1,1759844448,1759876983,0
LTE,470,3,4099,2602243,-1,89.9751,23.3918,1000,14,1,1759844468,1759876983,0
LTE,470,3,4099,2602263,-1,89.977,23.3915,1000,2,1,1759844498,1759876983,0
LTE,470,1,48271,29676064,-1,89.9789,23.3911,1000,7,1,1759844548,1759876983,0
LTE,470,3,4099,3935491,-1,89.9827,23.3905,1000,12,1,1759844668,1768491661,0
LTE,470,1,48271,28694855,-1,89.9833,23.3901,1000,12,1,1759844678,1759876983,0
LTE,470,1,48271,28694343,-1,89.9902,23.3873,1000,17,1,1759844718,1759876983,0
LTE,470,3,4099,3935489,-1,89.9935,23.3859,1375,17,1,1759844718,1768491661,0
LTE,470,1,48271,28694856,-1,89.998,23.3838,1000,10,1,1759844768,1759876983,0
LTE,470,3,4099,3515906,-1,90.0019,23.3822,1000,13,1,1759844768,1768491661,0
LTE,470,1,48271,28694333,-1,90.001,23.3825,1000,5,1,1759844798,1759876983,0
LTE,470,3,4099,3855393,-1,90.0149,23.3777,1859,24,1,1759844818,1768491661,0
LTE,470,1,48271,29009441,-1,90.0028,23.3818,1000,8,1,1759844838,1759876983,0
LTE,470,3,4099,4757506,-1,90.0025,23.382,1000,1,1,1759844898,1759844898,0
LTE,470,3,4099,3420929,-1,90.0026,23.3819,1000,1,1,1759844928,1759844928,0
LTE,470,3,4099,3935519,-1,90.0028,23.3818,1000,1,1,1759844988,1759844988,0
LTE,470,1,48271,29862688,-1,90.005,23.3807,1000,3,1,1759845028,1759876983,0
LTE,470,1,48271,28695839,-1,90.009,23.3793,1000,14,1,1759845048,1759876983,0
LTE,470,1,48271,29531935,-1,90.0181,23.3766,1000,13,1,1759845088,1759876984,0
LTE,470,1,48271,28696609,-1,90.0299,23.3727,773,28,1,1759845158,1759876984,0
LTE,470,3,4099,3001859,-1,90.0317,23.3721,1000,21,1,1759845178,1759876984,0
LTE,470,1,48271,28696608,-1,90.0419,23.3705,1000,21,1,1759845228,1759876984,0
LTE,470,3,4099,3001857,-1,90.0457,23.3704,1000,18,1,1759845228,1759876984,0
LTE,470,1,48271,29657375,-1,90.0561,23.37,1000,16,1,1759845278,1759876985,0
LTE,470,1,48271,29179169,-1,90.0525,23.3702,1000,7,1,1759845298,1759876984,0
LTE,470,3,4099,4761121,-1,90.0583,23.3699,1000,8,1,1759845318,1759876984,0
LTE,470,3,4099,4761091,-1,90.057,23.37,1000,4,1,1759845328,1759876984,0
LTE,470,3,4099,3979266,-1,90.0665,23.3696,1000,17,1,1759845358,1759876985,0
LTE,470,1,48271,28698381,-1,90.0676,23.3695,1000,13,1,1759845368,1759876985,0
LTE,470,1,48271,28698380,-1,90.0792,23.3703,1000,17,1,1759845398,1759876985,0
LTE,470,3,4099,3979265,-1,90.0792,23.3703,859,33,1,1759845398,1759876985,0
LTE,470,3,4100,3312643,-1,90.0906,23.3721,1000,15,1,1759845468,1759876985,0
LTE,470,1,46271,28699405,-1,90.0906,23.3721,1000,15,1,1759845468,1759876985,0
LTE,470,3,4100,3312722,-1,90.0965,23.3728,1000,9,1,1759845508,1759876985,0
LTE,470,3,4100,3312710,-1,90.1023,23.3753,1000,19,1,1759845528,1759876985,0
LTE,470,3,4100,4463363,-1,90.1106,23.3782,1000,11,1,1759845568,1759876986,0
LTE,470,1,46271,29698593,-1,90.1097,23.378,1000,5,1,1759845578,1759876986,0
LTE,470,3,4100,3312650,-1,90.1109,23.3781,1000,10,1,1759845578,1759876986,0
LTE,470,1,46271,29698572,-1,90.1131,23.3784,1000,10,1,1759845588,1759876986,0
LTE,470,1,46271,29698571,-1,90.1218,23.3819,1000,19,1,1759845608,1759876986,0
LTE,470,3,4100,3654147,-1,90.1198,23.3801,1000,17,1,1759845608,1759876986,0
LTE,470,3,4100,4971779,-1,90.125,23.3885,952,34,1,1759845638,1759876986,0
LTE,470,1,46231,29726221,-1,90.1251,23.3885,1000,15,1,1759845658,1759876986,0
LTE,470,1,46231,29102348,-1,90.1256,23.395,1000,12,1,1759845708,1759876986,0
LTE,470,3,4100,4971777,-1,90.1278,23.3977,1000,10,1,1759845728,1759876986,0
LTE,470,1,46231,29726219,-1,90.1286,23.3983,1000,6,1,1759845738,1759876986,0
LTE,470,3,4100,2602017,-1,90.1335,23.4008,1000,17,1,1759845758,1759876986,0
LTE,470,3,4100,2602016,-1,90.1425,23.4026,1000,19,1,1759845808,1759876987,0
LTE,470,3,4100,3493153,-1,90.1503,23.4034,1000,15,1,1759845848,1759876987,0
LTE,470,1,46231,28673549,-1,90.1504,23.4035,1000,5,1,1759845858,1759876987,0
LTE,470,1,46231,28673548,-1,90.1534,23.4031,1000,9,1,1759845868,1759876987,0
LTE,470,3,4100,3493122,-1,90.1556,23.4026,1000,8,1,1759845878,1759876987,0
LTE,470,1,46231,28681739,-1,90.1603,23.4023,1000,18,1,1759845888,1759876987,0
LTE,470,3,4100,3434498,-1,90.1632,23.402,1000,11,1,1759845898,1759876987,0
LTE,470,1,46231,29662733,-1,90.1689,23.4016,1000,14,1,1759845938,1759876987,0
LTE,470,3,4100,3434699,-1,90.1699,23.4015,1000,10,1,1759845948,1759876987,0
LTE,470,1,46231,29662732,-1,90.1735,23.4009,1000,6,1,1759845968,1759876987,0
LTE,470,3,4100,3434528,-1,90.1756,23.4005,1000,10,1,1759845968,1759876987,0
LTE,470,1,46231,29183245,-1,90.1789,23.4,1000,10,1,1759845978,1759876987,0
LTE,470,3,4100,3434719,-1,90.1812,23.3995,1000,5,1,1759845998,1759876987,0
LTE,470,1,46231,29183244,-1,90.1877,23.3991,1000,17,1,1759846018,1759876987,0
LTE,470,3,4100,3434497,-1,90.1877,23.3991,1000,17,1,1759846018,1759876987,0
LTE,470,1,46231,28927245,-1,90.1968,23.3994,1000,17,1,1759846058,1759876987,0
LTE,470,3,4100,4758048,-1,90.1968,23.3994,1000,17,1,1759846058,1759876987,0
LTE,470,3,4100,4522015,-1,90.2118,23.3996,971,34,1,1759846108,1759876988,0
LTE,470,1,46231,28927243,-1,90.2073,23.3999,1000,18,1,1759846108,1759876988,0
LTE,470,1,46231,29667085,-1,90.2186,23.3989,1000,16,1,1759846158,1759876988,0
LTE,470,1,46231,28491277,-1,90.2157,23.3993,1000,4,1,1759846168,1759876988,0
LTE,470,3,4100,4465440,-1,90.2302,23.398,923,38,1,1759846198,1759876988,0
LTE,470,1,46231,29667084,-1,90.2278,23.3978,1000,18,1,1759846208,1759876988,0
LTE,470,1,46231,29732621,-1,90.2345,23.3978,1000,9,1,1759846248,1759876988,0
LTE,470,1,46231,29725965,-1,90.239,23.3985,1000,11,1,1759846268,1759876988,0
LTE,470,3,4100,3280673,-1,90.2453,23.4012,718,27,1,1759846278,1759876988,0
LTE,470,1,46231,29725963,-1,90.2439,23.4003,1000,11,1,1759846288,1759876988,0
LTE,470,1,46231,28505613,-1,90.2476,23.4022,1000,4,1,1759846318,1759876988,0
LTE,470,1,46231,28505612,-1,90.2507,23.4044,1000,11,1,1759846328,1759876988,0
LTE,470,3,4100,4689155,-1,90.2536,23.4072,1000,10,1,1759846348,1759876989,0
LTE,470,1,46231,29555981,-1,90.2539,23.4075,1000,8,1,1759846368,1759876988,0
LTE,470,3,4100,4689154,-1,90.2565,23.4107,1000,3,1,1759846578,1759876989,0
LTE,470,3,4100,4689153,-1,90.2596,23.4259,1781,26,1,1759846598,1759876989,0
LTE,470,1,46231,28505356,-1,90.2598,23.4183,1000,17,1,1759846638,1759876989,0
LTE,470,3,4101,3894473,-1,90.261,23.4341,2873,17,1,1759846658,1759876990,0
LTE,470,3,1191,28815051,-1,90.2605,23.4213,1000,6,1,1759846678,1759876989,0
LTE,470,1,46231,28505355,-1,90.2609,23.4307,1439,34,1,1759846688,1759876989,0
LTE,470,3,4100,4689183,-1,90.2609,23.4308,1000,4,1,1759846748,1759876989,0
LTE,470,3,4100,4096288,-1,90.261,23.4341,1000,11,1,1759846758,1759876989,0
LTE,470,1,46271,28706887,-1,90.2613,23.4454,1145,19,1,1759846778,1759876989,0
LTE,470,1,46231,29348936,-1,90.261,23.4393,1000,4,1,1759846798,1759876989,0
LTE,470,3,1191,2860803,-1,90.2612,23.4437,1000,8,1,1759846818,1759876989,0
LTE,470,1,46231,29103185,-1,90.2613,23.446,1000,10,1,1759846828,1759876989,0
LTE,470,3,4100,4318731,-1,90.2615,23.4511,1000,20,1,1759846838,1759876990,0
GSM,470,1,23041,11752,-1,90.2621,23.4572,1000,4,1,1759846898,1759876990,0
GSM,470,1,23041,17590,-1,90.2626,23.4616,1000,5,1,1759846918,1759876990,0
LTE,470,3,4101,3894493,-1,90.2626,23.4616,1000,5,1,1759846918,1759876990,0
LTE,470,1,46231,25953313,-1,90.2637,23.4671,1000,2,1,1759846954,1759876990,0
LTE,470,3,4100,4648194,-1,90.2647,23.4717,1000,9,1,1759846954,1759876990,0
LTE,470,3,4100,3421187,-1,90.2642,23.4694,1000,8,1,1759846958,1759876990,0
LTE,470,1,46231,25953352,-1,90.2656,23.4752,876,33,1,1759846958,1759876990,0
LTE,470,3,4100,3031818,-1,90.266,23.477,1000,10,1,1759846998,1759876990,0
LTE,470,3,4100,3031809,-1,90.267,23.4809,1000,8,1,1759847018,1759876990,0
LTE,470,1,46231,25953037,-1,90.2681,23.4856,1000,12,1,1759847038,1759876990,0
LTE,470,3,4100,3493378,-1,90.2679,23.4845,1000,7,1,1759847038,1759876990,0
LTE,470,3,4100,3493379,-1,90.2684,23.487,1000,5,1,1759847058,1759876990,0
LTE,470,1,46231,25953095,-1,90.274,23.504,1824,37,1,1759847078,1759876991,0
LTE,470,3,4100,3493387,-1,90.2686,23.4893,1000,5,1,1759847078,1759876990,0
LTE,470,3,4100,3493377,-1,90.2697,23.4935,1000,14,1,1759847098,1759876990,0
LTE,470,3,1191,2936579,-1,90.2721,23.4996,1000,14,1,1759847148,1759876990,0
LTE,470,3,1191,2936577,-1,90.2765,23.5104,888,31,1,1759847188,1759876991,0
LTE,470,3,1191,3676930,-1,90.2815,23.5204,1000,15,1,1759847278,1759876991,0
LTE,470,1,56551,27141704,-1,90.2833,23.5226,1000,18,1,1759847288,1759876991,0
LTE,470,3,1191,3365123,-1,90.2861,23.5256,1000,8,1,1759847318,1759876991,0
LTE,470,1,46231,26474253,-1,90.2872,23.5267,1000,4,1,1759847338,1759876991,0
LTE,470,1,46231,26474251,-1,90.2905,23.533,1000,16,1,1759847348,1759876991,0
LTE,470,3,1191,3365121,-1,90.2905,23.533,1000,16,1,1759847348,1759876991,0
LTE,470,1,56551,26229004,-1,90.2931,23.5393,1000,4,1,1759847418,1759876991,0
LTE,470,3,1154,4156163,-1,90.2956,23.5424,1000,21,1,1759847418,1759876991,0
LTE,470,1,56551,26811425,-1,90.2969,23.5441,1000,13,1,1759847428,1759876991,0
LTE,470,3,1154,4156161,-1,90.2994,23.5541,1008,27,1,1759847478,1759876992,0
LTE,470,1,56551,26811424,-1,90.3,23.5503,1000,8,1,1759847488,1759876991,0
LTE,470,1,56551,26811403,-1,90.2992,23.5565,1000,19,1,1759847508,1759876992,0
LTE,470,3,1154,79843082,-1,90.2991,23.5575,1000,7,1,1759847528,1759876991,0
LTE,470,3,1154,80575234,-1,90.2988,23.565,1000,7,1,1759847568,1759876992,0
LTE,470,3,1154,3775233,-1,90.3011,23.5692,1000,11,1,1759847588,1759876992,0
LTE,470,1,58331,26461472,-1,90.302,23.5708,1000,4,1,1759847608,1759876992,0
LTE,470,1,56551,25989389,-1,90.3041,23.5751,1000,14,1,1759847618,1759876992,0
LTE,470,3,1154,80382722,-1,90.3041,23.5751,1000,14,1,1759847618,1759876992,0
LTE,470,1,56551,25989387,-1,90.3072,23.5829,1000,17,1,1759847659,1759876992,0
LTE,470,3,1154,3582721,-1,90.3072,23.5829,1000,17,1,1759847659,1759876992,0
LTE,470,3,1154,79833611,-1,90.3103,23.5885,1000,7,1,1759847709,1759876992,0
LTE,470,3,1154,156633601,-1,90.3143,23.5952,645,26,1,1759847729,1759876992,0
LTE,470,1,56431,25989132,-1,90.3219,23.6042,1000,21,1,1759847808,1759876993,0
LTE,470,3,1154,4499970,-1,90.3206,23.6028,1000,14,1,1759847808,1759876992,0
LTE,470,3,1154,2601475,-1,90.3283,23.6115,828,28,1,1759847848,1759876993,0
LTE,470,1,56431,26470925,-1,90.3289,23.6122,1000,17,1,1759847868,1759876993,0
LTE,470,1,56431,26470974,-1,90.3347,23.6188,1000,15,1,1759847919,1759876993,0
LTE,470,3,1154,2601473,-1,90.3373,23.6217,1000,21,1,1759847928,1759876993,0
LTE,470,1,56431,25988670,-1,90.342,23.6282,1000,21,1,1759847958,1759876993,0
LTE,470,3,1157,3033918,-1,90.3419,23.627,1000,7,1,1759847988,1759876993,0
LTE,470,3,1154,4745791,-1,90.3438,23.6306,1000,9,1,1759848008,1759876993,0
LTE,470,3,1154,3502081,-1,90.3452,23.6351,1000,11,1,1759848029,1759876993,0
LTE,470,1,56431,25988620,-1,90.3458,23.6367,1000,4,1,1759848049,1759876993,0
LTE,470,1,56941,26365778,-1,90.3593,23.6583,3596,23,1,1759848058,1759876994,0
LTE,470,3,1154,3502083,-1,90.3481,23.6434,1000,23,1,1759848058,1759876993,0
LTE,470,3,1154,4216322,-1,90.3507,23.6527,1000,17,1,1759848138,1759876993,0
LTE,470,3,1154,4216321,-1,90.3535,23.6589,1000,14,1,1759848238,1759876994,0
LTE,470,3,1154,28192733,-1,90.3588,23.6608,1000,6,1,1759848278,1759876994,0
LTE,470,1,56941,26148177,-1,90.362,23.6608,1000,4,1,1759848298,1759876994,0
LTE,470,3,1154,28192734,-1,90.3631,23.6609,1000,5,1,1759848298,1759876994,0
LTE,470,1,56941,26148178,-1,90.3821,23.6627,1946,21,1,1759848308,1759876994,0
LTE,470,3,1154,4178178,-1,90.3662,23.6611,1000,4,1,1759848318,1759876994,0
LTE,470,3,1154,4844803,-1,90.3714,23.6616,1000,15,1,1759848329,1759876994,0
LTE,470,3,1154,3549698,-1,90.3771,23.6622,1000,8,1,1759848369,1759876994,0
LTE,470,3,1154,3549697,-1,90.383,23.6628,1000,15,1,1759848388,1759876994,0
LTE,470,1,1154,3549697,-1,90.3822,23.6627,1000,4,1,1759848398,1759876994,0
LTE,470,3,1154,3034371,-1,90.3879,23.6633,1000,4,1,1759848429,1759876994,0
LTE,470,3,1154,28634570,-1,90.3933,23.6656,1000,20,1,1759848439,1759876994,0
LTE,470,1,56941,26147616,-1,90.3968,23.6688,1000,17,1,1759848469,1759876994,0
LTE,470,3,1154,4177469,-1,90.4003,23.6717,1000,20,1,1759848488,1759876995,0
LTE,470,1,56941,27044385,-1,90.4036,23.6741,1000,11,1,1759848519,1759876995,0
LTE,470,1,56971,26976289,-1,90.4027,23.6734,1000,7,1,1759848528,1759876995,0
LTE,470,3,1154,3550723,-1,90.4036,23.6739,1000,18,1,1759848549,1783724043,0
LTE,470,1,56941,26975777,-1,90.4099,23.6789,1000,24,1,1759848569,1783724043,0
LTE,470,3,1154,3550721,-1,90.4072,23.6767,1000,16,1,1759848569,1783724043,0
LTE,470,3,1154,2889218,-1,90.4102,23.6792,1000,9,1,1759848578,1783724043,0
LTE,470,3,1154,2889219,-1,90.4134,23.6815,1000,20,1,1759848599,1783724043,0
LTE,470,1,56941,26975775,-1,90.4154,23.6824,1000,23,1,1759848608,1783724043,0
LTE,470,3,1154,28579275,-1,90.4186,23.6829,500,25,1,1759848629,1783724043,0
LTE,470,1,56941,26041119,-1,90.4232,23.684,561,25,1,1759848639,1783724043,0
LTE,470,3,1154,28579274,-1,90.4234,23.6837,1000,16,1,1759848648,1783724043,0
LTE,470,3,1154,4284417,-1,90.4258,23.6855,1000,10,1,1759848668,1783724043,0
LTE,470,3,1154,29056989,-1,90.4277,23.6879,1000,9,1,1759848698,1759876995,0
LTE,470,1,56941,26128671,-1,90.4332,23.6977,1572,50,1,1759848709,1759876996,0
LTE,470,3,1187,2814210,-1,90.4304,23.6903,1000,10,1,1759848729,1783724043,0
LTE,470,3,1187,2814211,-1,90.4325,23.6921,1000,5,1,1759848748,1783724043,0
LTE,470,3,1187,2565378,-1,90.4341,23.6933,1000,10,1,1759848759,1783724043,0
LTE,470,3,1187,3274755,-1,90.4363,23.6961,1000,15,1,1759848779,1783724043,0
LTE,470,3,1187,2840322,-1,90.4364,23.6993,1000,9,1,1759848799,1783724043,0
LTE,470,3,1189,2903810,-1,90.4351,23.7023,1000,10,1,1759848819,1783724044,0
LTE,470,3,1189,2838530,-1,90.4347,23.704,1000,8,1,1759848839,1783724044,0
LTE,470,3,1189,79703819,-1,90.4332,23.7038,1000,2,1,1759848859,1759876995,0
LTE,470,3,1189,2903298,-1,90.4259,23.7099,1000,1,1,1759848988,1759848988,0
LTE,470,3,1189,2903297,-1,90.4266,23.7104,1000,3,1,1759848999,1759876995,0
LTE,470,3,1189,2681090,-1,90.4275,23.7106,1000,2,1,1759849079,1759876996,0
LTE,470,1,60321,26947616,-1,90.4281,23.7108,1000,3,1,1759849151,1759876996,0
LTE,470,3,1189,3639810,-1,90.4288,23.7113,1000,4,1,1759849269,1783724103,0
LTE,470,1,60321,26194188,-1,90.4285,23.7109,1000,1,1,1759849299,1759849299,0
UMTS,470,1,5019,335209,96,90.4285,23.7109,1000,1,1,1759849299,1759849299,0
LTE,470,1,60321,27188235,-1,90.4288,23.7112,1000,1,1,1759849319,1759849319,0
LTE,470,3,1189,2711042,-1,90.4286,23.7128,1000,7,1,1759849399,1783724103,0
LTE,470,3,1197,2562306,-1,90.4294,23.7119,1000,2,1,1759849419,1759876996,0
LTE,470,3,1189,2711043,-1,90.4303,23.7129,1000,13,1,1759849449,1783724103,0
LTE,470,1,60321,25844236,-1,90.4311,23.715,1000,6,1,1759849479,1759876996,0
LTE,470,3,1189,2902786,-1,90.431,23.7145,1000,6,1,1759849479,1783724103,0
LTE,470,3,1189,3132163,-1,90.4311,23.7158,1000,2,1,1759849499,1759876996,0
LTE,470,1,60321,25844235,-1,90.4297,23.7191,1000,6,1,1759849509,1759876996,0
LTE,470,3,1197,2998530,-1,90.4311,23.7168,1000,8,1,1759849509,1783724103,0
LTE,470,1,60321,27115533,-1,90.431,23.7172,1000,2,1,1759849529,1759876996,0
LTE,470,1,60432,25842956,-1,90.4302,23.7173,1000,3,1,1759849549,1759876996,0
LTE,470,3,1197,2998529,-1,90.4293,23.7189,1000,24,1,1759849549,1783724103,0
LTE,470,3,1152,2749196,-1,90.4288,23.7213,1000,4,1,1759849639,1759876996,0
LTE,470,1,60432,25737996,-1,90.4288,23.7225,1000,5,1,1759849659,1759876996,0
LTE,470,3,1152,3019778,-1,90.4288,23.7221,1000,2,1,1759849659,1759876996,0
LTE,470,3,1197,3717634,-1,90.4287,23.7229,1000,10,1,1759849679,1783724103,0
LTE,470,1,60432,25737995,-1,90.4287,23.7238,1000,2,1,1759849699,1759876996,0
LTE,470,1,60432,25770253,-1,90.4288,23.7249,1000,4,1,1759849709,1759876996,0
LTE,470,3,1152,3019779,-1,90.4288,23.725,1000,4,1,1759849709,1783724044,0
LTE,470,3,1146,2728706,-1,90.4287,23.7257,1000,7,1,1759849729,1783724103,0
LTE,470,1,60442,25740862,-1,90.4286,23.7287,1000,11,1,1759849759,1759876996,0
LTE,470,3,1146,2728707,-1,90.4287,23.7272,1000,10,1,1759849759,1783724103,0
LTE,470,3,1146,2728705,-1,90.4287,23.7278,1000,4,1,1759849769,1783724044,0
LTE,470,3,1197,79465482,-1,90.4286,23.7295,1000,10,1,1759849779,1783724044,0
LTE,470,3,1152,3064066,-1,90.4286,23.73,1000,3,1,1759849799,1759876996,0
LTE,470,3,1152,3064067,-1,90.4285,23.7314,1000,9,1,1759849819,1783724044,0
LTE,470,1,60442,25768007,-1,90.4285,23.733,1000,11,1,1759849829,1759876996,0
LTE,470,3,1146,2828291,-1,90.4285,23.7327,1000,5,1,1759849849,1783724044,0
LTE,470,3,1152,2570505,-1,90.4285,23.7342,1000,7,1,1759849859,1783724044,0
LTE,470,1,60411,25698336,-1,90.4285,23.7366,1000,8,1,1759849869,1759876996,0
LTE,470,3,1152,2680067,-1,90.4285,23.7367,1000,9,1,1759849879,1783724044,0
LTE,470,3,1152,4271874,-1,90.4284,23.7383,1000,9,1,1759849889,1783724044,0
LTE,470,1,60411,27113997,-1,90.4284,23.7383,1000,2,1,1759849899,1759876996,0
LTE,470,1,60411,27114057,-1,90.4273,23.7403,1000,10,1,1759849909,1759876996,0
LTE,470,3,1152,4271875,-1,90.4272,23.7407,1000,18,1,1759849919,1783724044,0
LTE,470,3,1146,3323651,-1,90.4267,23.7428,1000,10,1,1759849959,1783724104,0
LTE,470,1,60402,25856268,-1,90.4267,23.743,1000,3,1,1759849969,1759876996,0
LTE,470,3,1146,3062529,-1,90.4265,23.7446,1000,5,1,1759849989,1783724104,0
LTE,470,1,60402,25855755,-1,90.4265,23.7446,1000,4,1,1759849989,1759876996,0
LTE,470,1,60402,27147787,-1,90.4262,23.7456,1000,2,1,1759850009,1759876996,0
LTE,470,3,1146,2638082,-1,90.4258,23.7461,1000,7,1,1759850009,1783724104,0
LTE,470,1,60402,25764108,-1,90.4254,23.7465,1000,4,1,1759850029,1759876996,0
LTE,470,3,1146,2638081,-1,90.4245,23.7474,1000,15,1,1759850039,1783724104,0
LTE,470,1,60402,25762828,-1,90.4233,23.7482,1000,3,1,1759850099,1759876997,0
LTE,470,3,1146,3598339,-1,90.4236,23.7481,1000,3,1,1759850099,1783724045,0
LTE,470,3,1146,2852865,-1,90.4215,23.7486,1000,19,1,1759850119,1783724104,0
LTE,470,3,1146,2852867,-1,90.42,23.7488,1000,3,1,1759850219,1759876997,0
LTE,470,1,60402,25762847,-1,90.4199,23.7488,1000,1,1,1759850229,1759850229,0
LTE,470,3,1146,2577923,-1,90.4182,23.7491,1000,9,1,1759850249,1783724104,0
LTE,470,1,60402,25763597,-1,90.4171,23.7492,1000,3,1,1759850299,1759876997,0
LTE,470,3,1146,3045122,-1,90.4162,23.7505,1000,9,1,1759850339,1783724104,0
LTE,470,1,60402,25798157,-1,90.4163,23.7508,1000,5,1,1759850369,1759876997,0
LTE,470,3,1146,3045123,-1,90.4167,23.7519,1000,8,1,1759850389,1783724104,0
LTE,470,1,60402,25798155,-1,90.4169,23.7521,1000,3,1,1759850399,1759876997,0
LTE,470,1,60402,26893896,-1,90.4167,23.753,1000,2,1,1759850429,1759876997,0
LTE,470,3,1146,2766595,-1,90.4162,23.7537,1000,13,1,1759850429,1783724104,0
LTE,470,3,1146,2912513,-1,90.4159,23.7551,1000,4,1,1759850479,1783724045,0
LTE,470,3,1146,3610626,-1,90.4169,23.7569,1000,6,1,1759850489,1783724104,0
LTE,470,3,1146,2828034,-1,90.4176,23.7583,1000,11,1,1759850509,1783724104,0
LTE,470,1,60401,27107596,-1,90.4182,23.7591,1000,4,1,1759850519,1759876997,0
LTE,470,3,1146,3514371,-1,90.4184,23.7596,1000,13,1,1759850529,1783724104,0
LTE,470,3,1146,3102210,-1,90.4191,23.7607,1000,2,1,1759850549,1759876997,0
LTE,470,1,60393,27340321,-1,90.4197,23.7619,1000,7,1,1759850559,1759876997,0
LTE,470,3,1146,2654979,-1,90.4195,23.7615,1000,4,1,1759850559,1759876997,0
LTE,470,3,1146,2654978,-1,90.4199,23.7622,1000,12,1,1759850579,1783724104,0
LTE,470,1,60393,27340319,-1,90.4207,23.7637,1000,5,1,1759850589,1759876997,0
LTE,470,3,1146,2911746,-1,90.4211,23.7643,1000,12,1,1759850609,1783724104,0
LTE,470,3,1146,2911745,-1,90.4222,23.7664,1000,14,1,1759850629,1783724104,0
LTE,470,1,60393,27205153,-1,90.4234,23.7684,1000,2,1,1759850649,1759876997,0
LTE,470,3,1146,2766338,-1,90.4231,23.7679,1000,14,1,1759850649,1783724104,0
LTE,470,3,1150,3680259,-1,90.4243,23.7698,1000,10,1,1759850669,1783724105,0
LTE,470,3,1150,4641794,-1,90.4254,23.7724,1000,18,1,1759850689,1783724105,0
LTE,470,3,1150,4641793,-1,90.4255,23.7731,1000,12,1,1759850709,1783724105,0
LTE,470,3,1150,4267011,-1,90.4259,23.7759,1000,11,1,1759850719,1783724105,0
LTE,470,3,1150,4267009,-1,90.4256,23.7775,1000,4,1,1759850739,1783724046,0
LTE,470,1,60392,26592032,-1,90.4254,23.7784,1000,5,1,1759850749,1759876997,0
LTE,470,3,1150,4345918,-1,90.4254,23.7791,1000,3,1,1759850759,1759876998,0
LTE,470,1,60392,26592031,-1,90.4254,23.7799,1000,4,1,1759850769,1759876998,0
LTE,470,3,1150,2611263,-1,90.4256,23.7813,1000,8,1,1759850779,1759876998,0
LTE,470,1,58242,26633249,-1,90.4257,23.7815,1000,8,1,1759850789,1783724105,0
LTE,470,3,1150,2611261,-1,90.4258,23.7851,1000,12,1,1759850819,1759876998,0
LTE,470,1,60392,26591264,-1,90.4259,23.7832,1000,3,1,1759850819,1759876998,0
LTE,470,1,60392,26591263,-1,90.4259,23.7846,1000,4,1,1759850829,1759876998,0
LTE,470,3,1150,4345407,-1,90.4251,23.7885,1000,6,1,1759850869,1759876998,0
LTE,470,3,1150,4267581,-1,90.4247,23.7911,1000,7,1,1759850889,1759876998,0
LTE,470,1,60392,25628223,-1,90.4243,23.7939,1000,6,1,1759850909,1759876998,0
LTE,470,3,1150,2579463,-1,90.4243,23.7937,1000,7,1,1759850909,1783724046,0
LTE,470,1,60381,26879037,-1,90.4238,23.7964,1000,5,1,1759850929,1759876998,0
LTE,470,3,1150,2806529,-1,90.4239,23.7956,1000,4,1,1759850929,1783724105,0
LTE,470,1,60391,25628477,-1,90.4231,23.7998,1000,7,1,1759850949,1759876998,0
LTE,470,3,1150,3521795,-1,90.4234,23.7983,1000,9,1,1759850949,1783724105,0
LTE,470,3,1150,2711809,-1,90.423,23.8006,1000,15,1,1759850959,1783724105,0
LTE,470,1,60391,25643327,-1,90.4226,23.8029,1000,4,1,1759850989,1759876998,0
LTE,470,3,1150,4431167,-1,90.4221,23.8047,1000,7,1,1759850989,1759876998,0
LTE,470,3,1150,4431166,-1,90.422,23.8052,1000,8,1,1759850999,1759876998,0
LTE,470,1,60391,26555711,-1,90.4211,23.8091,1000,6,1,1759851029,1759876998,0
LTE,470,3,1150,2715709,-1,90.4212,23.8085,1000,3,1,1759851029,1759876998,0
LTE,470,3,1150,2608702,-1,90.4211,23.8114,1000,11,1,1759851039,1759876998,0
LTE,470,1,60391,26555709,-1,90.4211,23.8113,1000,6,1,1759851049,1759876998,0
LTE,470,1,60031,25706046,-1,90.4211,23.8129,1000,3,1,1759851079,1759876998,0
LTE,470,1,60031,25603133,-1,90.421,23.8143,1000,4,1,1759851089,1759876998,0
LTE,470,3,1150,3011135,-1,90.421,23.8143,1000,4,1,1759851089,1759876998,0
LTE,470,1,60031,25614655,-1,90.4211,23.8157,1000,3,1,1759851109,1759876998,0
LTE,470,3,1150,3011133,-1,90.4207,23.8178,1000,13,1,1759851109,1759876998,0
LTE,470,1,60031,25614653,-1,90.421,23.8169,1000,3,1,1759851129,1759876998,0
LTE,470,1,60031,25607998,-1,90.4209,23.818,1000,2,1,1759851149,1759876998,0
LTE,470,1,60031,25608007,-1,90.4205,23.8193,1000,6,1,1759851179,1759876998,0
LTE,470,1,60031,25605950,-1,90.4198,23.8209,1000,4,1,1759851209,1759876998,0
LTE,470,3,1150,2773565,-1,90.4207,23.8233,1000,11,1,1759851209,1759877041,0
LTE,470,3,1151,2955581,-1,90.4216,23.8252,1000,3,1,1759851269,1759877041,0
LTE,470,1,60101,26846013,-1,90.4215,23.824,1000,3,1,1759851289,1759877041,0
LTE,470,3,1151,3178815,-1,90.4215,23.8238,1000,4,1,1759851289,1759877041,0
LTE,470,3,1151,2937346,-1,90.4206,23.824,1000,20,1,1759851319,1783724106,0
LTE,470,1,60031,27406093,-1,90.42,23.8235,1000,4,1,1759851349,1759877041,0
LTE,470,1,60101,27205899,-1,90.4201,23.8273,1000,6,1,1759851389,1759877042,0
LTE,470,3,1151,2571525,-1,90.4193,23.8318,1000,3,1,1759851439,1765458127,0
LTE,470,1,60101,26612029,-1,90.4173,23.8392,1000,8,1,1759851479,1759877042,0
LTE,470,1,60101,25672531,-1,90.4157,23.8416,1000,4,1,1759851499,1759877042,0
LTE,470,3,1151,2608329,-1,90.4112,23.8473,812,30,1,1759851499,1783724106,0
LTE,470,1,60101,27389452,-1,90.4139,23.8438,1000,8,1,1759851509,1759877042,0
LTE,470,3,1151,3322317,-1,90.413,23.845,1000,17,1,1759851519,1783724106,0
LTE,470,1,60101,26246677,-1,90.4117,23.8463,1000,6,1,1759851529,1759877042,0
LTE,470,1,60101,25671496,-1,90.4093,23.8493,1000,6,1,1759851559,1759877042,0
LTE,470,1,60101,25671497,-1,90.4069,23.8522,1000,12,1,1759851609,1759877042,0
LTE,470,3,1151,2608330,-1,90.4083,23.8505,1000,3,1,1759851609,1759877042,0
LTE,470,3,1151,2608331,-1,90.4073,23.852,1000,11,1,1759851629,1783724106,0
LTE,470,1,60721,25870408,-1,90.4048,23.8549,1000,3,1,1759851659,1759877042,0
LTE,470,1,60721,25870409,-1,90.4035,23.8564,1000,6,1,1759851669,1759877042,0
LTE,470,1,60721,27207180,-1,90.4015,23.8589,1000,9,1,1759851689,1759877042,0
LTE,470,1,60573,27206413,-1,90.4005,23.8745,1000,3,1,1759851839,1759877042,0
LTE,470,1,60573,27206411,-1,90.4004,23.8755,1000,3,1,1759851849,1759877043,0
LTE,470,1,60573,25609743,-1,90.4005,23.877,1000,5,1,1759851859,1759877043,0
LTE,470,3,1176,3813891,-1,90.4009,23.8772,1000,19,1,1759851879,1783724107,0
LTE,470,3,1176,3447043,-1,90.4011,23.8809,1000,4,1,1759851909,1759877043,0
LTE,470,3,1176,4645342,-1,90.4007,23.8819,500,26,1,1759851929,1783724107,0
LTE,470,1,58451,25965325,-1,90.4002,23.8845,1000,3,1,1759851959,1759877043,0
LTE,470,1,58451,25957132,-1,90.4001,23.8858,1000,3,1,1759851969,1759877043,0
LTE,470,3,1176,4645341,-1,90.4005,23.8862,1000,13,1,1759851979,1783724049,0
LTE,470,3,1176,29004254,-1,90.4014,23.8918,1000,17,1,1759851989,1783724107,0
LTE,470,1,58451,25938445,-1,90.4011,23.8894,1000,3,1,1759851999,1759877043,0
LTE,470,1,58451,25938443,-1,90.4015,23.8907,1000,3,1,1759852009,1759877043,0
LTE,470,1,58451,25963789,-1,90.402,23.8923,1000,5,1,1759852019,1759877043,0
LTE,470,1,58451,26249740,-1,90.4017,23.8938,1000,3,1,1759852039,1759877043,0
LTE,470,1,58451,25937932,-1,90.4003,23.8949,1000,5,1,1759852049,1759877043,0
LTE,470,3,1176,29242847,-1,90.3989,23.8961,1000,5,1,1759852059,1759877043,0
LTE,470,1,58451,26249803,-1,90.3991,23.8959,1000,3,1,1759852069,1759877043,0
LTE,470,3,1176,29242845,-1,90.3987,23.9001,1000,11,1,1759852089,1783724107,0
LTE,470,1,58441,25938771,-1,90.3988,23.9065,1000,7,1,1759852159,1759877043,0
LTE,470,1,58441,25967627,-1,90.397,23.9106,1000,4,1,1759852229,1759877043,0
LTE,470,1,58431,25966419,-1,90.396,23.9126,1000,7,1,1759852249,1759877043,0
LTE,470,1,58431,25964556,-1,90.3949,23.9148,1000,4,1,1759852279,1759877043,0
LTE,470,3,1177,3721219,-1,90.3946,23.9154,1000,1,1,1759852289,1759852289,0
LTE,470,1,58431,25964555,-1,90.3942,23.9167,1000,6,1,1759852299,1759877043,0
LTE,470,1,58431,27433740,-1,90.3933,23.919,1000,7,1,1759852329,1759877043,0
LTE,470,1,58431,26049037,-1,90.3921,23.9219,1000,11,1,1759852349,1759877044,0
LTE,470,3,1177,2674945,-1,90.3925,23.921,1000,4,1,1759852359,1759877043,0
LTE,470,1,58431,27247629,-1,90.3926,23.9209,1000,1,1,1759852369,1759852369,0
LTE,470,1,58431,25963276,-1,90.3917,23.9229,1000,6,1,1759852389,1763653091,0
LTE,470,1,58431,27274251,-1,90.3924,23.9212,1000,2,1,1759852409,1759877043,0
LTE,470,1,58431,25960205,-1,90.3915,23.9234,1000,4,1,1759852449,1759877044,0
LTE,470,1,58431,25960275,-1,90.3924,23.9215,1000,1,1,1759852469,1759852469,0
LTE,470,1,58431,25963346,-1,90.389,23.9293,1000,15,1,1759852721,1759877044,0
LTE,470,3,1177,3848451,-1,90.3902,23.9267,1000,2,1,1759852721,1759877044,0
LTE,470,3,1177,3048394,-1,90.387,23.9343,1000,17,1,1759852769,1763653148,0
LTE,470,1,58431,27235666,-1,90.3875,23.933,1000,3,1,1759852779,1759877044,0
LTE,470,1,58431,26996049,-1,90.3863,23.9359,1000,22,1,1759852789,1763653148,0
LTE,470,3,1199,3122635,-1,90.385,23.9392,1000,4,1,1759852829,1759877044,0
LTE,470,1,58431,25956621,-1,90.3845,23.9404,1000,2,1,1759852849,1759877044,0
LTE,470,1,58431,25956620,-1,90.3843,23.9406,1000,7,1,1759852859,1763653149,0
LTE,470,3,1177,2672349,-1,90.3831,23.9436,1000,11,1,1759852869,1783724108,0
LTE,470,1,58431,25956619,-1,90.3832,23.9434,1000,8,1,1759852889,1763653149,0
LTE,470,1,62161,27457036,-1,90.3826,23.9452,1000,13,1,1759852909,1763653149,0
LTE,470,3,1200,3802314,-1,90.3811,23.9531,1000,10,1,1759853039,1759877044,0
LTE,470,1,58431,25967137,-1,90.3811,23.9533,1000,3,1,1759853059,1759877044,0
LTE,470,1,62161,26955021,-1,90.3811,23.9529,1000,14,1,1759853079,1763653149,0
LTE,470,1,62161,26955019,-1,90.3809,23.9564,1000,10,1,1759853089,1763653149,0
LTE,470,1,62161,25965067,-1,90.3807,23.9589,1000,5,1,1759853099,1759877044,0
LTE,470,1,62161,26908172,-1,90.3805,23.9608,1000,4,1,1759853109,1759877044,0
LTE,470,3,1200,3183818,-1,90.3805,23.9616,1000,8,1,1759853109,1759877044,0
LTE,470,1,62161,25967373,-1,90.3804,23.9624,1000,4,1,1759853119,1759877044,0
LTE,470,1,62161,25967371,-1,90.3801,23.9645,1000,6,1,1759853129,1759877044,0
LTE,470,1,62161,27233035,-1,90.38,23.9672,1000,8,1,1759853149,1759877044,0
LTE,470,1,62161,25965835,-1,90.3801,23.9707,1000,24,1,1759853179,1763653149,0
LTE,470,1,62181,25972039,-1,90.3807,23.9783,1000,11,1,1759853219,1779517986,0
LTE,470,1,62181,25972029,-1,90.3808,23.9798,1000,4,1,1759853249,1763653150,0
LTE,470,3,1200,29413578,-1,90.3807,23.9796,1000,13,1,1759853299,1759877045,0
LTE,470,1,62181,25972049,-1,90.3809,23.9812,1000,15,1,1759853309,1763653149,0
LTE,470,3,1200,29413597,-1,90.381,23.9827,1000,8,1,1759853359,1763653150,0
LTE,470,1,62181,25970259,-1,90.3813,23.9851,1000,3,1,1759853389,1763653150,0
LTE,470,1,62181,27301645,-1,90.3812,23.9849,1000,5,1,1759853409,1783724109,0
LTE,470,3,1173,3652433,-1,90.3816,23.9871,1000,5,1,1759853429,1759877045,0
LTE,470,1,62181,25936396,-1,90.3814,23.9866,1000,2,1,1759853449,1759877045,0
LTE,470,1,62181,27301643,-1,90.3815,23.9868,1000,3,1,1759853469,1783724109,0
LTE,470,1,62181,27301693,-1,90.382,23.9883,1000,24,1,1759853479,1763653150,0
LTE,470,3,1173,3558346,-1,90.3817,23.9889,1000,4,1,1759853529,1763653150,0
LTE,470,3,1173,3327177,-1,90.3827,23.9898,1000,8,1,1759853569,1759877045,0
LTE,470,1,62181,25936653,-1,90.3855,23.9901,1000,5,1,1759853609,1759877045,0
LTE,470,3,1173,4004299,-1,90.3854,23.9901,1000,6,1,1759853609,1763653150,0
LTE,470,1,62181,25936652,-1,90.3874,23.9904,1000,5,1,1759853629,1759877045,0
LTE,470,3,1173,2703107,-1,90.387,23.9904,1000,7,1,1759853629,1763653150,0
LTE,470,1,62491,26548049,-1,90.3903,23.991,1000,7,1,1759853649,1759877045,0
LTE,470,1,62491,25935885,-1,90.3926,23.9913,1000,3,1,1759853672,1759877045,0
LTE,470,1,62491,25935884,-1,90.3968,23.9919,1000,16,1,1759853685,1783724110,0
LTE,470,1,62491,25935117,-1,90.4014,23.9925,1000,13,1,1759853737,1783724110,0
LTE,470,1,62491,25935116,-1,90.4055,23.9932,1000,14,1,1759853751,1783724110,0
LTE,470,1,62491,27246861,-1,90.409,23.9942,1000,5,1,1759853792,1783724110,0
LTE,470,1,62491,25969421,-1,90.4111,23.9948,1000,8,1,1759853802,1783724110,0
LTE,470,1,62491,25969420,-1,90.4138,23.9955,1000,18,1,1759853825,1783724110,0
LTE,470,1,62491,25937165,-1,90.4173,23.9971,1000,17,1,1759853867,1783724110,0
LTE,470,3,1174,2597379,-1,90.4162,23.9965,1000,4,1,1759853867,1759877046,0
LTE,470,3,1174,4497411,-1,90.4169,23.9969,1000,2,1,1759853881,1759877046,0
LTE,470,3,1174,2597378,-1,90.4168,23.9975,1000,4,1,1759853896,1759877046,0
LTE,470,1,62491,26117974,-1,90.417,23.9969,1000,1,1,1759853934,1759853934,0
LTE,470,3,1174,2597377,-1,90.4162,23.9994,1000,6,1,1759854149,1759877046,0
LTE,470,1,62491,25970956,-1,90.417,23.9987,1000,9,1,1759854149,1769209389,0
LTE,470,3,1174,3092995,-1,90.4157,24.0014,1000,3,1,1759854191,1759877046,0
LTE,470,3,1174,3092994,-1,90.4156,24.0021,1000,2,1,1759854204,1759877046,0
LTE,470,1,62491,27168012,-1,90.4153,24.0043,1000,23,1,1759854290,1783724110,0
LTE,470,1,62491,26019153,-1,90.4155,24.0122,1000,15,1,1759854335,1783724110,0
LTE,470,3,1174,3015113,-1,90.4153,24.0115,1000,7,1,1759854404,1761302527,0
LTE,470,1,62491,25934603,-1,90.4159,24.0148,1000,10,1,1759854462,1765458121,0
LTE,470,1,62501,25934861,-1,90.4173,24.0185,1000,7,1,1759854515,1759877046,0
LTE,470,1,62501,25934860,-1,90.4181,24.0204,1000,3,1,1759854570,1759877046,0
LTE,470,1,62501,25934859,-1,90.4186,24.0218,1000,17,1,1759854586,1783724110,0
LTE,470,3,1174,4459487,-1,90.4185,24.0215,1000,3,1,1759854586,1759877046,0
LTE,470,1,62501,25968978,-1,90.4184,24.0233,887,35,1,1759854636,1765458131,0
LTE,470,1,62501,25968907,-1,90.4173,24.0261,1000,14,1,1759854718,1783724111,0
LTE,470,3,1174,3401476,-1,90.4175,24.0264,1000,7,1,1759854718,1763653151,0
LTE,470,3,1174,3401474,-1,90.415,24.0269,1000,9,1,1759854744,1763653151,0
LTE,470,1,62501,27275787,-1,90.4147,24.0274,1000,8,1,1759854801,1783724111,0
LTE,470,3,1173,2873345,-1,90.4146,24.0267,1000,5,1,1759854801,1763653151,0
LTE,470,3,1173,2705411,-1,90.4152,24.0291,1000,5,1,1759854839,1763653151,0
LTE,470,3,1173,2705410,-1,90.4158,24.0313,1000,4,1,1759854892,1763653151,0
LTE,470,2,8113,34518283,-1,90.3649,23.7755,1000,3,1,1759891696,1759906321,0
LTE,470,3,1203,3151617,-1,90.3655,23.775,1000,1,1,1759891570,1759891570,0
LTE,470,2,8113,33626380,-1,90.3655,23.775,1000,1,1,1759891570,1759891570,0
LTE,470,3,1203,3151619,-1,90.3648,23.7756,1000,4,1,1759891696,1759906321,0
LTE,470,2,8113,33281547,-1,90.364,23.7761,1000,2,1,1759891731,1759906321,0
LTE,470,3,1203,2665987,-1,90.3631,23.7767,1000,4,1,1759891746,1759906321,0
LTE,470,2,8113,34454552,-1,90.3631,23.7767,1000,2,1,1759891756,1759906321,0
LTE,470,2,8113,258585398,-1,90.362,23.7774,1000,2,1,1759891776,1759906321,0
LTE,470,3,1203,2666045,-1,90.3617,23.7777,1000,1,1,1759891786,1759891786,0
LTE,470,2,8113,34454553,-1,90.3608,23.7782,1000,3,1,1759891796,1759906321,0
LTE,470,3,1203,3153154,-1,90.3612,23.778,1000,1,1,1759891796,1759891796,0
LTE,470,3,1203,3153155,-1,90.3605,23.7784,1000,3,1,1759891851,1759906321,0
LTE,470,2,8113,258588457,-1,90.3584,23.7789,1000,6,1,1759891881,1759906321,0
LTE,470,3,1203,3720705,-1,90.3592,23.7788,1000,2,1,1759891891,1759906321,0
LTE,470,3,1203,3059970,-1,90.3574,23.779,1000,3,1,1759891906,1759906321,0
LTE,470,2,8113,33540365,-1,90.355,23.7799,1000,7,1,1759891946,1759906321,0
LTE,470,3,1203,3059969,-1,90.3549,23.78,1000,7,1,1759891946,1759906321,0
LTE,470,3,1203,2604545,-1,90.3537,23.7806,1000,1,1,1759892011,1759892011,0
LTE,470,2,8113,33766411,-1,90.3531,23.7809,1000,1,1,1759892016,1759892016,0
LTE,470,2,8113,34058281,-1,90.3523,23.7814,1000,4,1,1759892057,1759906321,0
LTE,470,3,1203,3060029,-1,90.3526,23.7811,1000,2,1,1759892057,1759906321,0
LTE,470,3,1203,4474625,-1,90.352,23.7815,1000,1,1,1759892257,1759892257,0
LTE,470,3,1202,4742915,-1,90.3527,23.7831,1000,7,1,1759892272,1759906321,0
LTE,470,2,8440,33753612,-1,90.3525,23.7828,1000,4,1,1759892297,1759906321,0
LTE,470,2,8440,258613290,-1,90.3539,23.7863,1000,8,1,1759892337,1759906321,0
LTE,470,3,1202,4742913,-1,90.354,23.7872,1000,7,1,1759892367,1759906321,0
LTE,470,3,1202,4742973,-1,90.3539,23.7892,1000,1,1,1759892447,1759892447,0
LTE,470,2,8440,33544973,-1,90.3539,23.7892,1000,1,1,1759892447,1759892447,0
LTE,470,3,1202,2765118,-1,90.354,23.7901,1000,3,1,1759892457,1759906321,0
LTE,470,2,8440,33551884,-1,90.354,23.7901,1000,3,1,1759892457,1759906321,0
LTE,470,3,1202,2765058,-1,90.3539,23.7908,1000,1,1,1759892497,1759892497,0
LTE,470,3,1202,3012098,-1,90.3538,23.7914,1000,2,1,1759892563,1759906321,0
LTE,470,3,1202,3404802,-1,90.3536,23.7934,1000,5,1,1759892588,1759906321,0
LTE,470,2,9143,34060334,-1,90.3535,23.7954,1000,8,1,1759892608,1759906321,0
LTE,470,3,1202,2831107,-1,90.3535,23.7956,1000,4,1,1759892633,1759906322,0
LTE,470,3,1202,2831167,-1,90.3534,23.7955,1000,3,1,1759892673,1759906322,0
LTE,470,3,1202,2704386,-1,90.3533,23.7968,1000,7,1,1759892703,1759906322,0
LTE,470,2,9143,33546292,-1,90.3539,23.7988,1000,7,1,1759892723,1759906321,0
LTE,470,3,1202,3149314,-1,90.3533,23.7982,1000,5,1,1759892723,1759906322,0
LTE,470,3,1202,3149313,-1,90.3542,23.7991,1000,7,1,1759892778,1759906322,0
LTE,470,3,1202,2650881,-1,90.3557,23.8001,1000,3,1,1759892888,1759906322,0
LTE,470,3,1202,3349507,-1,90.3566,23.8008,1000,4,1,1759893019,1759906322,0
LTE,470,3,1202,3349505,-1,90.3581,23.8016,1000,7,1,1759893024,1759906322,0
LTE,470,3,1202,3065602,-1,90.3589,23.8022,1000,3,1,1759893089,1759906321,0
LTE,470,2,9143,34533907,-1,90.3602,23.8029,1000,4,1,1759893099,1759906321,0
LTE,470,3,1202,3348748,-1,90.3604,23.8031,1000,4,1,1759893104,1759906322,0
LTE,470,3,1202,2704385,-1,90.3532,23.7978,1000,2,1,1759893530,1759906322,0
LTE,470,3,1202,3465730,-1,90.352,23.7978,1000,4,1,1759893560,1759906322,0
LTE,470,2,9143,34050864,-1,90.3508,23.7971,1000,4,1,1759893595,1759906322,0
LTE,470,3,1202,3465731,-1,90.3506,23.797,1000,3,1,1759893600,1759906322,0
LTE,470,2,9143,33628428,-1,90.3507,23.8013,1000,1,1,1759891520,1759891520,0
LTE,470,1,60061,26172685,-1,90.3946,23.8038,1000,6,1,1760054456,1760076781,0
LTE,470,1,60061,26172705,-1,90.3948,23.8037,1000,5,1,1760054974,1760076781,0
LTE,470,4,17161,27238913,-1,90.3949,23.8036,1000,1,1,1760056744,1760056744,0
LTE,470,4,17021,25649933,-1,90.3845,23.8697,1000,5,1,1760124966,1760148481,0
LTE,470,2,8451,33803025,-1,90.3845,23.8697,1000,5,1,1760124966,1760148481,0
LTE,470,2,8451,33905939,-1,90.3838,23.8716,1000,8,1,1760124982,1760148481,0
LTE,470,4,17021,26675211,-1,90.3835,23.8727,1000,15,1,1760124982,1764000367,0
LTE,470,2,8206,34116882,-1,90.3838,23.8734,1000,2,1,1760125012,1760148481,0
LTE,470,2,8206,33818130,-1,90.3818,23.8743,1000,10,1,1760125062,1766215147,0
LTE,470,2,8451,33803024,-1,90.3683,23.8664,1000,8,1,1760125222,1760364794,0
LTE,470,2,8451,33803027,-1,90.3662,23.8655,1000,5,1,1760125342,1760148481,0
LTE,470,2,8451,33803021,-1,90.3658,23.8635,1000,5,1,1760125362,1760148481,0
LTE,470,4,17171,25775873,-1,90.3287,23.8562,1000,5,1,1760125952,1764000365,0
LTE,470,4,17011,26633484,-1,90.3226,23.858,1000,15,1,1760126052,1774971542,0
LTE,470,4,17011,26633485,-1,90.3155,23.858,1000,13,1,1760126072,1774971542,0
LTE,470,4,17011,25867533,-1,90.3116,23.8597,1148,18,1,1760126222,1774971542,0
LTE,470,2,8429,33655568,-1,90.3108,23.8628,1000,3,1,1760126272,1760364790,0
LTE,470,4,17011,27141133,-1,90.3114,23.8696,1000,19,1,1760126282,1774971542,0
LTE,470,4,17011,25867531,-1,90.3122,23.8689,1000,19,1,1760126332,1774971542,0
LTE,470,4,17011,25867541,-1,90.3128,23.8713,500,25,1,1760126342,1774971542,0
LTE,470,4,17011,27141143,-1,90.3112,23.8715,1000,17,1,1760126362,1774971542,0
LTE,470,2,8429,258577707,-1,90.3141,23.8756,1000,21,1,1760126482,1766215144,0
LTE,470,4,17011,26888981,-1,90.3132,23.8758,1000,8,1,1760126502,1760148483,0
LTE,470,4,17011,25909004,-1,90.3154,23.876,1000,3,1,1760126542,1760148483,0
LTE,470,2,8429,33926162,-1,90.3291,23.8797,1000,3,1,1760127802,1760364787,0
LTE,470,4,17012,25811222,-1,90.3299,23.8762,1000,3,1,1760127992,1760148484,0
GSM,470,2,112,13370,-1,90.3298,23.8763,1000,2,1,1760128122,1760364786,0
GSM,470,4,1401,1242,-1,90.3298,23.8762,1000,1,1,1760128222,1760128222,0
GSM,470,4,1405,2962,-1,90.3298,23.8762,1000,1,1,1760128162,1760128162,0
GSM,470,4,1401,1241,-1,90.324,23.8764,1000,4,1,1760128222,1774971541,0
GSM,470,4,1405,2963,-1,90.3298,23.8762,1000,1,1,1760128222,1760128222,0
LTE,470,4,17051,34304791,-1,90.3298,23.8762,1000,1,1,1760128282,1760128282,0
LTE,470,4,17051,34446871,-1,90.3298,23.8762,1000,1,1,1760128382,1760128382,0
LTE,470,4,17011,27140876,-1,90.3293,23.8788,1000,4,1,1760173184,1760364787,0
LTE,470,2,8429,33782544,-1,90.3292,23.8776,1000,1,1,1760173281,1760173281,0
LTE,470,4,17011,27140886,-1,90.3272,23.8755,1000,9,1,1760177192,1760364788,0
GSM,470,4,1401,1182,-1,90.3295,23.8818,1000,2,1,1760178003,1760364786,0
GSM,470,4,1401,1183,-1,90.3295,23.8818,1000,2,1,1760178203,1760364786,0
LTE,470,2,8429,33652236,-1,90.3292,23.8873,1000,1,1,1760191399,1760191399,0
GSM,470,2,1401,1182,-1,90.3298,23.8764,1000,1,1,1760261260,1760261260,0
GSM,470,2,1416,3307,-1,90.3298,23.8764,1000,1,1,1760261990,1760261990,0
LTE,470,4,17011,27140877,-1,90.3132,23.8759,1000,2,1,1760337350,1760364789,0
LTE,470,4,17011,25909014,-1,90.3114,23.8753,1000,4,1,1760337360,1760364789,0
LTE,470,4,17011,25867277,-1,90.3124,23.8757,1000,2,1,1760337370,1760364789,0
LTE,470,4,17011,26888971,-1,90.3458,23.8701,3595,17,1,1760337400,1760364794,0
GSM,470,2,1392,19889,-1,90.3112,23.8753,1000,3,1,1760337410,1760364789,0
GSM,470,2,1392,2114,-1,90.3112,23.8753,1000,3,1,1760337410,1760364789,0
LTE,470,4,17011,25905164,-1,90.3109,23.8593,1000,4,1,1760338210,1766215144,0
GSM,470,4,1401,692,-1,90.3183,23.8579,1000,16,1,1760338620,1764000365,0
GSM,470,4,1401,693,-1,90.3154,23.8578,1000,2,1,1760338620,1760364790,0
GSM,470,4,1401,752,-1,90.3153,23.8578,1000,1,1,1760338620,1760338620,0
LTE,470,2,8429,33684240,-1,90.3154,23.8579,1000,1,1,1760338630,1760338630,0
GSM,470,4,1401,1003,-1,90.3165,23.8579,1000,1,1,1760338710,1760338710,0
LTE,470,4,17011,26633495,-1,90.3161,23.858,1000,6,1,1760338780,1766215144,0
LTE,470,4,17011,26633494,-1,90.3224,23.858,1000,12,1,1760338930,1760364791,0
GSM,470,2,1392,3376,-1,90.331,23.8549,1000,16,1,1760339110,1764000365,0
GSM,470,2,1356,41779,-1,90.3304,23.8553,1000,8,1,1760339130,1764000365,0
GSM,470,2,1392,18538,-1,90.332,23.8546,1000,24,1,1760339130,1764000365,0
GSM,470,2,1392,18539,-1,90.332,23.8547,1000,14,1,1760339130,1764000365,0
GSM,470,2,1391,20821,-1,90.3337,23.8543,1000,3,1,1760339224,1760364792,0
LTE,470,4,17021,27160342,-1,90.3576,23.8584,1000,2,1,1760339680,1760364794,0
LTE,470,2,8429,33655567,-1,90.3657,23.8631,1000,5,1,1760339870,1760364794,0
GSM,470,2,1313,11244,-1,90.3679,23.8716,1000,14,1,1760339935,1760364794,0
GSM,470,2,1387,3519,-1,90.3673,23.8677,1000,1,1,1760339935,1760339935,0
GSM,470,2,1415,46475,-1,90.3673,23.8677,1000,1,1,1760339935,1760339935,0
GSM,470,2,1391,7038,-1,90.3675,23.8686,1000,1,1,1760339960,1760339960,0
GSM,470,2,1313,42416,-1,90.3682,23.8745,1000,4,1,1760340044,1760364794,0
GSM,470,2,1313,22445,-1,90.3684,23.8747,1000,1,1,1760340070,1760340070,0
GSM,470,2,1313,8234,-1,90.3684,23.8747,1000,1,1,1760340070,1760340070,0
GSM,470,2,1313,65271,-1,90.3683,23.875,1000,3,1,1760340070,1760364794,0
GSM,470,2,1313,42417,-1,90.3683,23.8752,1000,2,1,1760340088,1760364794,0
LTE,470,2,8216,33781266,-1,90.3691,23.8755,1000,7,1,1760340090,1760364795,0
LTE,470,2,8216,33781267,-1,90.3716,23.875,1000,10,1,1760340440,1764000366,0
LTE,470,2,8216,34361617,-1,90.3755,23.8745,1000,16,1,1760340480,1764000367,0
LTE,470,2,8206,34109714,-1,90.3881,23.8744,1000,8,1,1760340790,1764000367,0
LTE,470,4,17021,25649677,-1,90.3923,23.8744,1000,2,1,1760341031,1760364795,0
LTE,470,2,8451,33714707,-1,90.3982,23.8746,500,35,1,1760341211,1766215147,0
LTE,470,2,8451,33714705,-1,90.4007,23.8738,1000,20,1,1760341501,1766215147,0
LTE,470,2,8206,33716750,-1,90.4009,23.8769,1000,8,1,1760341511,1764000367,0
LTE,470,2,8206,33716754,-1,90.401,23.8772,1000,10,1,1760341521,1760364796,0
LTE,470,4,17051,33309196,-1,90.4009,23.8781,1000,1,1,1760341561,1760341561,0
LTE,470,2,8202,33288463,-1,90.4068,23.853,1000,2,1,1760342511,1760364796,0
LTE,470,2,8202,34239505,-1,90.4172,23.8496,1000,7,1,1760343311,1766215148,0
GSM,470,2,46,19178,-1,90.4227,23.8532,1000,1,1,1760344462,1760344462,0
GSM,470,2,46,3395,-1,90.4224,23.8533,1000,8,1,1760344768,1766215150,0
GSM,470,2,46,9177,-1,90.4224,23.8523,1000,6,1,1760344873,1764000362,0
LTE,470,1,53061,31497503,-1,89.6041,24.1559,1000,11,1,1760387946,1772012761,0
GSM,470,4,5406,12762,-1,89.6041,24.1558,1000,13,1,1760387946,1772012761,0
GSM,470,4,5406,12763,-1,89.6041,24.1558,1000,14,1,1760387946,1772012761,0
GSM,470,4,5406,13212,-1,89.6041,24.1558,1000,4,1,1760387946,1772012761,0
GSM,470,4,5406,12771,-1,89.604,24.1558,1000,15,1,1760387946,1772012761,0
GSM,470,4,5406,13201,-1,89.6041,24.1558,1000,4,1,1760387946,1772012761,0
GSM,470,4,5406,13213,-1,89.6043,24.1565,1622,22,1,1760387946,1772012761,0
GSM,470,4,5406,13173,-1,89.604,24.1559,1000,7,1,1760387946,1772012761,0
LTE,470,3,1178,3998686,-1,90.3113,23.8745,1000,1,1,1759908168,1759908168,0
LTE,470,3,1203,4858626,-1,90.35,23.7721,1000,8,1,1760278396,1760529181,0
LTE,470,3,1203,3995649,-1,90.35,23.772,1000,3,1,1760279600,1760529181,0
LTE,470,3,1203,3451404,-1,90.3503,23.7719,1000,1,1,1760290410,1760290410,0
LTE,470,1,48251,35845407,-1,90.3669,22.7227,1000,2,1,1760667886,1760668142,0
LTE,470,1,44181,77040417,-1,90.7003,23.4075,1000,3,1,1760679362,1760714282,0
LTE,470,2,9615,108162829,-1,90.7003,23.4075,1000,3,1,1760679362,1760714282,0
GSM,470,4,5406,13202,-1,89.6041,24.1559,1000,3,1,1760403444,1771470361,0
GSM,470,4,5406,13143,-1,89.6041,24.1558,1000,3,1,1760403474,1772012761,0
GSM,470,4,5406,13192,-1,89.6041,24.1559,1000,1,1,1760605761,1760605761,0
LTE,470,1,52191,34412557,0,89.34,24.7476,1000,1,1,1752575056,1752575056,0
LTE,470,1,52941,33858851,0,89.2764,24.6693,1000,1,1,1752575695,1752575695,0
LTE,470,1,52941,34458399,0,89.2764,24.6693,1000,1,1,1752575687,1752575687,0
LTE,470,1,53301,31362060,0,88.9369,24.3965,1000,1,1,1752580128,1752580128,0
LTE,470,1,53301,31362059,0,88.9369,24.3965,1000,1,1,1752580130,1752580130,0
LTE,470,1,53351,31420447,0,89.3664,25.2583,1000,1,1,1753008964,1753008964,0
LTE,470,1,53331,34391327,0,89.343,25.3052,1000,1,1,1753071470,1753071470,0
LTE,470,1,53351,33881888,0,89.343,25.3052,1000,1,1,1753071475,1753071475,0
LTE,470,1,53351,34533951,0,89.3538,25.2805,1000,1,1,1753101559,1753101559,0
LTE,470,1,53351,34533900,0,89.354,25.2809,1000,1,1,1753242399,1753242399,0
LTE,470,1,56161,26404158,0,90.2327,24.0529,1000,2,1,1753692535,1760934721,0
LTE,470,1,56161,26403902,0,90.2387,24.0479,1000,1,1,1753692488,1753692488,0
LTE,470,1,56161,26221118,0,90.2206,24.0689,1000,1,1,1753692913,1753692913,0
LTE,470,1,56161,26221087,0,90.2197,24.0695,1000,1,1,1753692940,1753692940,0
LTE,470,1,56161,26221127,0,90.2196,24.0695,1000,1,1,1753692942,1753692942,0
LTE,470,1,62581,41534526,0,90.1695,24.0955,1000,1,1,1753699961,1753699961,0
LTE,470,1,62581,41534525,0,90.1695,24.0955,1000,1,1,1753699963,1753699963,0
LTE,470,1,62071,41627198,0,89.8801,24.3716,1000,1,1,1753702458,1753702458,0
LTE,470,1,62071,43516478,0,89.8801,24.3716,1000,1,1,1753702460,1753702460,0
LTE,470,1,62071,41627199,0,89.8801,24.3716,1000,1,1,1753702461,1753702461,0
LTE,470,1,62071,41555010,0,89.7817,24.3996,1000,1,1,1753703072,1753703072,0
LTE,470,1,62071,41551165,0,89.7817,24.3996,1000,1,1,1753703081,1753703081,0
LTE,470,1,53101,31363871,0,89.6469,24.4019,1000,1,1,1753703696,1753703696,0
LTE,470,1,53101,34386719,0,89.6469,24.4019,1000,1,1,1753703697,1753703697,0
LTE,470,2,8215,44887309,-1,90.4034,24.249,1000,1,1,1760872267,1760872267,0
LTE,470,3,2061,5536033,-1,91.1745,23.4803,1000,2,1,1761002175,1761022321,0
LTE,470,4,37301,89606913,-1,91.1745,23.4803,1000,3,1,1761002175,1762677961,0
LTE,470,3,1174,3015115,-1,90.4194,23.9972,1000,4,1,1761258343,1761302527,0
LTE,470,1,62491,25937233,-1,90.4209,23.9984,1000,20,1,1761258343,1783724101,0
LTE,470,3,1174,3015135,-1,90.4217,23.9947,1000,16,1,1761258352,1761302527,0
LTE,470,1,62491,26117954,-1,90.4153,23.9894,1935,21,1,1761258383,1765458129,0
LTE,470,1,62491,25937215,-1,90.4145,23.9952,883,27,1,1761258392,1765458129,0
LTE,470,3,1174,3717439,-1,90.4206,23.992,1000,3,1,1761258432,1761302521,0
LTE,470,3,1174,3629533,-1,90.42,23.9897,1000,9,1,1761258463,1761302521,0
LTE,470,3,1174,3629513,-1,90.4194,23.9873,1000,3,1,1761258513,1761302521,0
LTE,470,3,1174,3629515,-1,90.4184,23.9822,1000,13,1,1761258532,1761302521,0
LTE,470,3,1174,3629315,-1,90.4188,23.9859,1000,3,1,1761258542,1761302521,0
LTE,470,3,1174,3629375,-1,90.4188,23.9852,1000,4,1,1761258552,1761302521,0
LTE,470,1,62491,26117950,-1,90.4184,23.9826,1000,4,1,1761258602,1761302521,0
LTE,470,3,1199,2839870,-1,90.4181,23.9809,1000,15,1,1761258653,1783724052,0
LTE,470,1,62491,26117960,-1,90.4178,23.9771,1000,4,1,1761258692,1761302521,0
LTE,470,3,1199,4439297,-1,90.4179,23.9784,1000,12,1,1761258692,1783724052,0
LTE,470,3,1199,4439299,-1,90.4174,23.9743,1000,9,1,1761258722,1783724052,0
LTE,470,3,1199,4439379,-1,90.4175,23.975,1000,4,1,1761258733,1783724052,0
LTE,470,3,1199,4439298,-1,90.417,23.9709,1000,8,1,1761258752,1783724051,0
LTE,470,1,58231,26404383,-1,90.4166,23.9672,1000,12,1,1761258773,1783724052,0
LTE,470,1,62491,26437664,-1,90.4168,23.9688,1000,5,1,1761258783,1761302522,0
LTE,470,3,1199,4439809,-1,90.4163,23.9638,1000,23,1,1761258802,1783724051,0
GSM,470,1,25037,237,-1,90.4447,23.943,1000,4,1,1761259580,1761302522,0
GSM,470,1,25037,44904,-1,90.4447,23.943,1000,4,1,1761259580,1761302522,0
LTE,470,3,1199,4436738,-1,90.4448,23.9432,1000,3,1,1761259580,1761302522,0
LTE,470,3,1199,4436798,-1,90.4445,23.9424,1000,1,1,1761259599,1761259599,0
LTE,470,1,58231,27101195,-1,90.4444,23.9363,1000,6,1,1761259687,1761302526,0
LTE,470,3,1199,2877501,-1,90.4438,23.9367,1000,6,1,1761259687,1761302526,0
LTE,470,3,1199,2877442,-1,90.4463,23.9349,1000,9,1,1761259751,1761302522,0
LTE,470,1,58231,27101196,-1,90.4468,23.9345,1000,6,1,1761259766,1761302522,0
LTE,470,1,58231,26119240,-1,90.4545,23.9283,1000,14,1,1761259909,1761302522,0
LTE,470,3,1199,3435466,-1,90.4522,23.9304,1000,3,1,1761259909,1761302526,0
LTE,470,3,1199,3435266,-1,90.4534,23.9296,1000,1,1,1761260305,1761260305,0
LTE,470,3,1199,4161793,-1,90.4558,23.9268,1000,8,1,1761260359,1761302522,0
LTE,470,3,1199,4161853,-1,90.4559,23.9264,1000,5,1,1761260369,1761302522,0
LTE,470,1,58231,27183904,-1,90.4577,23.9246,1000,7,1,1761260584,1761302522,0
LTE,470,3,1199,4161794,-1,90.4591,23.924,1000,4,1,1761260669,1761302522,0
LTE,470,1,58231,26119200,-1,90.4955,23.8857,4957,2,1,1761260848,1761302526,0
LTE,470,3,1182,4484158,-1,90.4955,23.8857,4957,2,1,1761260848,1761302526,0
LTE,470,1,58231,26689547,-1,90.4708,23.9142,1000,21,1,1761260949,1761302522,0
LTE,470,3,1182,2798141,-1,90.4736,23.9109,8536,14,1,1761260949,1761302526,0
LTE,470,3,1182,2798081,-1,90.4828,23.9003,7030,5,1,1761260996,1761302526,0
LTE,470,3,1182,2798083,-1,90.484,23.8995,6887,5,1,1761261012,1761302526,0
LTE,470,1,58231,26689549,-1,90.4875,23.8957,6343,4,1,1761261031,1761302526,0
LTE,470,3,1182,2798082,-1,90.4852,23.8985,6731,5,1,1761261031,1761302526,0
LTE,470,1,58231,26689548,-1,90.4758,23.9101,1000,3,1,1761261048,1761302523,0
LTE,470,3,1182,2798142,-1,90.4758,23.9101,1000,3,1,1761261048,1761302523,0
LTE,470,1,58231,26425355,-1,90.4823,23.896,1660,10,1,1761261145,1761302523,0
LTE,470,3,1182,3749439,-1,90.5008,23.8802,4141,2,1,1761261145,1761302526,0
LTE,470,3,1182,3749437,-1,90.4858,23.8919,6121,14,1,1761261187,1761302526,0
LTE,470,1,58231,26425356,-1,90.4842,23.8909,1000,7,1,1761261265,1761302523,0
LTE,470,3,1182,3886911,-1,90.4946,23.8803,4568,4,1,1761261279,1761302526,0
LTE,470,3,1182,3886909,-1,90.4844,23.8892,1000,1,1,1761261331,1761261331,0
LTE,470,3,1182,3886849,-1,90.5006,23.8789,4043,5,1,1761261443,1761302526,0
LTE,470,1,56491,26410529,-1,90.5017,23.8788,3970,5,1,1761261443,1761302526,0
LTE,470,3,1182,4764675,-1,90.4994,23.8841,1000,22,1,1761261462,1761302523,0
LTE,470,1,56491,26410528,-1,90.5023,23.8806,4089,15,1,1761261482,1761302526,0
LTE,470,3,1182,3196931,-1,90.5033,23.8776,1000,14,1,1761261611,1761302523,0
LTE,470,1,58231,26405901,-1,90.5064,23.8727,1000,18,1,1761261653,1761302523,0
LTE,470,3,1182,3196990,-1,90.5085,23.8702,2788,15,1,1761261682,1761302526,0
LTE,470,1,56491,26229771,-1,90.5165,23.8626,938,39,1,1761261802,1761302524,0
LTE,470,3,1183,3199805,-1,90.5155,23.8641,753,31,1,1761261802,1761302524,0
LTE,470,3,1183,3199807,-1,90.5209,23.856,1000,5,1,1761261898,1761302526,0
LTE,470,3,1183,3199747,-1,90.5222,23.8545,1000,11,1,1761261909,1761302526,0
LTE,470,1,56491,26229773,-1,90.5232,23.8534,1000,8,1,1761261921,1761302526,0
LTE,470,3,1183,4370177,-1,90.526,23.8501,1000,5,1,1761261946,1761302526,0
LTE,470,1,56491,26229772,-1,90.5256,23.8505,1000,11,1,1761261956,1761302524,0
LTE,470,3,1183,3199746,-1,90.5256,23.8505,1000,11,1,1761261956,1761302524,0
LTE,470,1,56491,27021837,-1,90.5283,23.8475,1000,7,1,1761262006,1761302524,0
LTE,470,3,1183,3041537,-1,90.5357,23.8394,1188,7,1,1761262016,1761302526,0
LTE,470,3,1183,4370239,-1,90.5314,23.8441,1000,17,1,1761262026,1761302526,0
LTE,470,1,56491,27021907,-1,90.5338,23.8426,1460,35,1,1761262026,1761302526,0
LTE,470,3,1183,3041597,-1,90.5364,23.8389,1400,44,1,1761262068,1761302526,0
LTE,470,3,1183,4370242,-1,90.5427,23.8349,1000,2,1,1761262233,1761302524,0
LTE,470,3,1182,3209534,-1,90.5433,23.8352,1000,2,1,1761262247,1761302524,0
LTE,470,3,1183,3041540,-1,90.5451,23.8359,1000,4,1,1761262260,1761302524,0
LTE,470,3,1183,3041600,-1,90.5461,23.8362,1000,7,1,1761262274,1761302526,0
LTE,470,1,52101,27466017,-1,90.5688,23.7861,1000,2,1,1761263341,1761302524,0
LTE,470,3,1183,4494595,-1,90.5689,23.7861,1000,1,1,1761263341,1761263341,0
LTE,470,3,1183,3675102,-1,90.5668,23.7855,1000,6,1,1761263366,1761302525,0
LTE,470,1,56471,27099935,-1,90.5684,23.7866,1000,3,1,1761263379,1761302525,0
LTE,470,3,1183,3675082,-1,90.5676,23.786,1000,20,1,1761263379,1761302525,0
LTE,470,1,56471,26229537,-1,90.5686,23.7857,1000,2,1,1761263477,1761302524,0
LTE,470,1,56471,26169376,-1,90.5677,23.7854,1000,8,1,1761263563,1761302524,0
LTE,470,3,1183,2813504,-1,90.5655,23.7853,1000,15,1,1761263586,1761302525,0
LTE,470,3,1183,2813451,-1,90.568,23.7855,1000,1,1,1761263599,1761263599,0
LTE,470,3,1183,2813502,-1,90.5678,23.7854,1000,1,1,1761263626,1761263626,0
LTE,470,1,56471,26169375,-1,90.5675,23.787,1000,6,1,1761263955,1761302525,0
LTE,470,3,1183,3674882,-1,90.5666,23.7859,1000,3,1,1761263955,1761302525,0
LTE,470,1,56471,26169425,-1,90.5665,23.7855,1000,8,1,1761263996,1761302525,0
LTE,470,3,1183,3674942,-1,90.5665,23.7859,1000,2,1,1761264158,1761302525,0
LTE,470,3,1183,2813450,-1,90.5654,23.7853,1000,7,1,1761264321,1761302525,0
LTE,470,3,1183,4307421,-1,90.5664,23.7853,1000,1,1,1761264552,1761264552,0
LTE,470,3,1183,2813507,-1,90.5662,23.7855,1000,1,1,1761264580,1761264580,0
LTE,470,1,56471,26169405,-1,90.5663,23.7852,1000,8,1,1761265746,1761302525,0
LTE,470,3,1183,2813442,-1,90.5665,23.7855,1000,1,1,1761266695,1761266695,0
LTE,470,3,1183,2813441,-1,90.5666,23.7851,1000,1,1,1761266886,1761266886,0
LTE,470,3,1183,2813501,-1,90.5666,23.7851,1000,2,1,1761266945,1761302525,0
LTE,470,3,1183,2813663,-1,90.5648,23.7849,1000,4,1,1761267276,1761302525,0
LTE,470,1,56471,26169407,-1,90.5645,23.7851,1000,5,1,1761267463,1761302525,0
LTE,470,3,1183,2813443,-1,90.5646,23.7847,1000,5,1,1761268062,1761302525,0
LTE,470,3,1183,2813643,-1,90.5646,23.785,1000,17,1,1761268116,1761302525,0
LTE,470,3,1183,4634941,-1,90.5645,23.7851,1000,2,1,1761268482,1761302525,0
LTE,470,3,1183,4634881,-1,90.5646,23.7848,1000,3,1,1761268518,1761302525,0
LTE,470,3,1183,3674943,-1,90.5644,23.7849,1000,2,1,1761268631,1761302525,0
LTE,470,3,1183,2813503,-1,90.5648,23.7848,1000,1,1,1761269635,1761269635,0
LTE,470,1,56471,26169406,-1,90.5679,23.7853,1000,3,1,1761274367,1761302525,0
LTE,470,1,56471,26229566,-1,90.5684,23.7857,1000,1,1,1761274679,1761274679,0
LTE,470,1,56471,26230846,-1,90.5685,23.7858,1000,1,1,1761274702,1761274702,0
LTE,470,1,56471,26230816,-1,90.5681,23.7884,1000,1,1,1761274977,1761274977,0
LTE,470,3,1183,3195653,-1,90.5681,23.7884,1000,1,1,1761274977,1761274977,0
LTE,470,1,56471,26230817,-1,90.5681,23.7884,1000,1,1,1761275002,1761275002,0
LTE,470,1,56471,26230815,-1,90.5691,23.7957,1000,2,1,1761275019,1761302525,0
LTE,470,3,1183,3195649,-1,90.5691,23.7957,1000,2,1,1761275019,1761302525,0
LTE,470,1,56491,26862367,-1,90.5605,23.8348,1000,2,1,1761275598,1761302525,0
GSM,470,3,850,45725,-1,90.5605,23.8348,1000,2,1,1761275598,1761302525,0
GSM,470,3,850,59510,-1,90.5605,23.8348,1000,2,1,1761275598,1761302525,0
GSM,470,3,850,33337,-1,90.5605,23.8348,1000,2,1,1761275598,1761302525,0
LTE,470,1,56491,26484768,-1,90.5599,23.8364,1000,5,1,1761275604,1761302525,0
LTE,470,3,1183,4499458,-1,90.5598,23.8366,1000,8,1,1761275604,1761302525,0
LTE,470,1,56491,26484767,-1,90.5564,23.8381,1000,9,1,1761275644,1761302525,0
LTE,470,3,1183,4499517,-1,90.5542,23.8381,1000,18,1,1761275644,1761302525,0
LTE,470,1,56491,26058528,-1,90.5521,23.838,1000,9,1,1761275675,1761302526,0
LTE,470,1,56491,26058529,-1,90.547,23.8365,1000,16,1,1761275734,1761302526,0
LTE,470,3,1183,4499519,-1,90.5493,23.8374,1000,5,1,1761275734,1761302526,0
GSM,470,3,850,45735,-1,90.5436,23.8351,1000,7,1,1761275824,1761302526,0
GSM,470,3,850,8809,-1,90.5443,23.8354,1000,3,1,1761275824,1761302526,0
LTE,470,1,56491,27021855,-1,90.5427,23.8348,1000,6,1,1761275834,1761302526,0
GSM,470,3,850,47003,-1,90.5433,23.835,1000,3,1,1761275834,1761302526,0
GSM,470,3,850,8801,-1,90.5424,23.8346,1000,1,1,1761275846,1761275846,0
LTE,470,1,56491,27021857,-1,90.5364,23.8387,763,32,1,1761275864,1761302526,0
LTE,470,1,56491,27121697,-1,90.5306,23.8449,1000,8,1,1761276034,1761302526,0
LTE,470,3,1183,4370179,-1,90.5294,23.8462,1000,8,1,1761276044,1761302526,0
LTE,470,3,1183,3199806,-1,90.5261,23.8499,1000,5,1,1761276084,1761302526,0
LTE,470,1,56491,26229792,-1,90.5255,23.8506,1000,1,1,1761276114,1761276114,0
GSM,470,3,850,64983,-1,90.5255,23.8506,1000,1,1,1761276154,1761276154,0
LTE,470,1,56491,26229793,-1,90.5255,23.8506,1000,1,1,1761276169,1761276169,0
GSM,470,3,850,64981,-1,90.5255,23.8506,1000,1,1,1761276252,1761276252,0
GSM,470,3,849,24882,-1,90.5255,23.8506,1000,1,1,1761276239,1761276239,0
GSM,470,3,849,24883,-1,90.5255,23.8506,1000,1,1,1761276279,1761276279,0
GSM,470,1,25037,37772,-1,90.5255,23.8506,1000,1,1,1761276360,1761276360,0
LTE,470,3,1182,3196989,-1,90.5255,23.8506,1000,1,1,1761276360,1761276360,0
GSM,470,1,25050,47503,-1,90.5255,23.8506,1000,1,1,1761276431,1761276431,0
LTE,470,3,1182,4764735,-1,90.5255,23.8506,1000,1,1,1761276468,1761276468,0
GSM,470,3,849,18210,-1,90.5255,23.8506,1000,1,1,1761276510,1761276510,0
GSM,470,1,25037,17090,-1,90.5255,23.8506,1000,1,1,1761276582,1761276582,0
LTE,470,1,58231,26425377,-1,90.5255,23.8506,1000,1,1,1761276639,1761276639,0
LTE,470,1,58231,26425375,-1,90.5255,23.8506,1000,1,1,1761276665,1761276665,0
LTE,470,3,1182,3886929,-1,90.5255,23.8506,1000,1,1,1761276714,1761276714,0
GSM,470,3,849,56453,-1,90.5255,23.8506,1000,1,1,1761276724,1761276724,0
GSM,470,3,849,19292,-1,90.5255,23.8506,1000,1,1,1761276738,1761276738,0
GSM,470,1,25037,16834,-1,90.5255,23.8506,1000,1,1,1761276762,1761276762,0
GSM,470,1,25037,16835,-1,90.5255,23.8506,1000,1,1,1761276762,1761276762,0
GSM,470,1,25037,36571,-1,90.5255,23.8506,1000,1,1,1761276807,1761276807,0
LTE,470,1,58231,26689567,-1,90.5255,23.8506,1000,1,1,1761276817,1761276817,0
GSM,470,1,25037,16833,-1,90.5255,23.8506,1000,1,1,1761276856,1761276856,0
GSM,470,1,25037,26942,-1,90.5255,23.8506,1000,1,1,1761276900,1761276900,0
GSM,470,1,25037,43480,-1,90.5255,23.8506,1000,1,1,1761276941,1761276941,0
LTE,470,1,58231,26119180,-1,90.5255,23.8506,1000,1,1,1761277059,1761277059,0
LTE,470,1,58231,26119230,-1,90.5255,23.8506,1000,1,1,1761277244,1761277244,0
LTE,470,1,58231,26119249,-1,90.4522,23.9303,1000,1,1,1761278044,1761278044,0
LTE,470,1,58231,26119251,-1,90.4522,23.9303,1000,1,1,1761278067,1761278067,0
LTE,470,3,1199,3435465,-1,90.4522,23.9303,1000,1,1,1761278067,1761278067,0
LTE,470,1,58231,26119229,-1,90.4522,23.9303,1000,1,1,1761278149,1761278149,0
LTE,470,3,1199,2877502,-1,90.4522,23.9303,1000,1,1,1761278172,1761278172,0
LTE,470,1,58231,26119239,-1,90.443,23.9374,1000,2,1,1761278235,1761302526,0
LTE,470,1,62491,26069259,-1,90.4281,23.9655,1000,1,1,1761278901,1761278901,0
LTE,470,3,1199,4442430,-1,90.4281,23.9671,1000,10,1,1761278901,1761302526,0
LTE,470,1,62491,26437388,-1,90.4281,23.9677,1000,4,1,1761278911,1761302527,0
LTE,470,1,62491,26437387,-1,90.4282,23.9745,1000,13,1,1761279003,1761302527,0
LTE,470,3,1199,4442429,-1,90.4281,23.975,1000,13,1,1761279003,1761302527,0
LTE,470,1,62491,26550029,-1,90.4273,23.9796,1000,2,1,1761279185,1761302527,0
LTE,470,1,62491,26437899,-1,90.4273,23.9797,1000,1,1,1761279230,1761279230,0
LTE,470,3,1199,2839810,-1,90.4193,23.9797,1000,7,1,1761279230,1783724052,0
LTE,470,3,1174,3629374,-1,90.4268,23.9848,1000,2,1,1761279254,1761302527,0
LTE,470,1,62491,26437919,-1,90.4262,23.99,1000,1,1,1761279413,1761279413,0
LTE,470,1,62491,26549516,-1,90.426,23.9905,1000,2,1,1761279429,1761302527,0
LTE,470,3,1174,3717438,-1,90.426,23.9905,1000,2,1,1761279429,1761302527,0
LTE,470,1,62491,26549515,-1,90.4259,23.9909,1000,1,1,1761279524,1761279524,0
LTE,470,3,1174,3015134,-1,90.4259,23.9909,1000,1,1,1761279524,1761279524,0
LTE,470,1,62491,25971469,-1,90.4259,23.9909,1000,1,1,1761279655,1761279655,0
LTE,470,1,62491,25937164,-1,90.4259,23.9909,1000,1,1,1761279699,1761279699,0
LTE,470,1,62491,25937213,-1,90.4208,23.9978,1000,12,1,1761279719,1765458129,0
LTE,470,3,1174,3496670,-1,90.42,23.9999,1000,8,1,1761279857,1761302527,0
LTE,470,1,62491,25935679,-1,90.419,23.9993,500,28,1,1761279991,1783724110,0
LTE,470,3,1174,3496669,-1,90.4179,24.0006,1000,4,1,1761280295,1761302527,0
LTE,470,1,62491,25935699,-1,90.4191,23.9998,1000,12,1,1761280441,1783724101,0
LTE,470,3,1174,3496671,-1,90.4164,23.9992,1000,13,1,1761280441,1761302527,0
LTE,470,1,62491,27168063,-1,90.4161,24,1000,3,1,1761280561,1765458122,0
LTE,470,1,62491,27168083,-1,90.4151,24.0086,1000,19,1,1761280497,1765458130,0
LTE,470,1,62491,25970975,-1,90.4161,23.9999,1000,12,1,1761280578,1765458130,0
LTE,470,1,62491,25970976,-1,90.4168,23.9979,1000,3,1,1761280630,1761302527,0
LTE,470,1,62491,27168072,-1,90.4151,24.0064,1000,7,1,1761280896,1763653151,0
LTE,470,3,1174,3496649,-1,90.4154,24.0032,1000,3,1,1761280896,1761302527,0
LTE,470,3,1174,3093054,-1,90.4154,24.0033,1000,8,1,1761280919,1763653151,0
LTE,470,3,1174,2864702,-1,90.415,24.0069,1000,6,1,1761280961,1761302527,0
LTE,470,3,1174,2864701,-1,90.4151,24.0093,1000,4,1,1761281005,1763653151,0
LTE,470,1,62491,25970719,-1,90.4153,24.0112,1000,5,1,1761281057,1761302527,0
LTE,470,3,1174,4268349,-1,90.4153,24.0111,1000,5,1,1761281057,1763653151,0
LTE,470,1,62491,27168031,-1,90.4153,24.0116,1000,4,1,1761281102,1763653151,0
LTE,470,1,62491,25934653,-1,90.4157,24.0143,1000,11,1,1761281122,1761302528,0
LTE,470,1,62501,25934911,-1,90.4172,24.0182,1000,7,1,1761281299,1778254381,0
LTE,470,1,62501,25934910,-1,90.4182,24.0207,1000,8,1,1761281420,1761302530,0
LTE,470,1,62501,25968958,-1,90.4188,24.0245,1000,15,1,1761281484,1761302530,0
LTE,470,1,62501,27041342,-1,90.4153,24.0261,1000,7,1,1761281688,1761302530,0
LTE,470,3,1173,4508742,-1,90.415,24.0265,1000,4,1,1761281711,1761302530,0
LTE,470,3,1173,2705474,-1,90.4151,24.0285,1000,16,1,1761281731,1763653151,0
LTE,470,1,62501,26695712,-1,90.4153,24.0263,1000,6,1,1761281776,1763653151,0
LTE,470,1,62501,27275807,-1,90.4147,24.027,1000,7,1,1761281794,1763653151,0
LTE,470,1,62501,25968929,-1,90.415,24.0284,1000,9,1,1761281817,1763653151,0
LTE,470,1,62501,26120224,-1,90.4195,24.0315,1000,17,1,1761281863,1783724102,0
LTE,470,1,52511,30801932,-1,89.451,25.918,1000,4,1,1755578614,1761505802,0
LTE,470,1,52511,30801952,-1,89.4506,25.9179,500,35,1,1755582439,1761505802,0
LTE,470,1,52511,30803744,-1,89.4487,25.9157,1000,1,1,1755582538,1755582538,0
LTE,470,1,52511,30810911,-1,89.449,25.916,1000,2,1,1755582608,1761505802,0
LTE,470,1,52511,34025503,-1,89.4491,25.9163,1000,2,1,1755590392,1761505801,0
LTE,470,1,52511,34025504,-1,89.4485,25.916,1000,1,1,1755591451,1755591451,0
LTE,470,1,52511,34025484,-1,89.449,25.9159,1000,1,1,1755597768,1755597768,0
LTE,470,1,52511,30801933,-1,89.4488,25.9173,1000,1,1,1755597816,1755597816,0
LTE,470,1,52511,31358221,-1,89.4567,25.9195,1000,14,1,1755597958,1761505802,0
LTE,470,1,52511,34232096,-1,89.4509,25.9178,1000,1,1,1755636088,1755636088,0
LTE,470,2,8311,258603568,-1,90.3866,23.8233,1000,3,1,1752258925,1762010523,0
LTE,470,2,8428,34505997,-1,90.387,23.8232,1000,2,1,1752259101,1762010523,0
GSM,470,4,5403,11581,-1,89.604,24.1558,1000,1,1,1761867103,1761867103,0
LTE,470,2,8303,46140173,-1,89.8739,23.8977,1000,2,1,1762291166,1762291201,0
LTE,470,4,18083,61440256,-1,89.874,23.8976,1000,3,1,1762291166,1771745461,0
GSM,470,1,28006,4399,-1,90.838,24.4583,1000,1,1,1762434386,1762434386,0
LTE,470,1,49871,41786893,-1,90.8381,24.4583,1000,9,1,1762434389,1762434421,0
LTE,470,2,61155,58926095,-1,90.8377,24.4589,1000,5,1,1762434389,1762434421,0
LTE,470,2,61155,58889485,-1,90.8385,24.4581,1000,2,1,1762434389,1762434421,0
LTE,470,2,61155,58890262,-1,90.8386,24.4577,1000,1,1,1762434389,1762434389,0
LTE,470,2,61155,58938127,-1,90.8385,24.4574,1000,2,1,1762434389,1762434421,0
LTE,470,4,37301,89606916,-1,91.1746,23.4802,1000,1,1,1762658123,1762658123,0
LTE,470,3,2061,5536003,-1,91.1746,23.4802,1000,1,1,1762658086,1762658086,0
GSM,470,3,565,45891,-1,89.7397,26.1573,1000,1,1,1762707490,1762707490,0
LTE,470,1,53081,34517791,-1,89.6088,24.1705,1000,1,1,1762392817,1762392817,0
LTE,470,2,9106,92208908,-1,90.643,23.225,1000,1,1,1762685621,1762685621,0
LTE,470,2,9106,92224013,-1,90.648,23.221,1000,4,1,1762757001,1762776961,0
LTE,470,1,44231,77058325,-1,90.643,23.225,1000,1,1,1762685621,1762685621,0
LTE,470,1,44231,77704461,-1,90.648,23.2209,1000,2,1,1762757001,1762776961,0
LTE,470,1,44231,77704459,-1,90.648,23.2212,1000,2,1,1762757019,1762776961,0
LTE,470,1,44231,77057557,-1,90.6481,23.2212,1000,1,1,1762757039,1762757039,0
LTE,470,1,62161,26908232,-1,90.3813,23.9566,1000,1,1,1763610401,1763610401,0
LTE,470,3,1200,3802115,-1,90.3813,23.9563,1000,3,1,1763610401,1763653090,0
LTE,470,1,62161,25961031,-1,90.3813,23.954,1000,12,1,1763610409,1763653090,0
LTE,470,3,1200,4117505,-1,90.3809,23.9565,1000,12,1,1763610429,1783724109,0
LTE,470,3,1200,4117506,-1,90.3811,23.9532,1000,16,1,1763610469,1783724109,0
LTE,470,1,58431,26966089,-1,90.3815,23.9494,1000,6,1,1763610519,1763653090,0
LTE,470,3,1200,3707199,-1,90.3815,23.9496,1000,13,1,1763610539,1763653149,0
LTE,470,3,1200,3707139,-1,90.3813,23.9505,1000,5,1,1763610589,1763653149,0
LTE,470,1,58431,25963081,-1,90.383,23.9448,1000,9,1,1763610719,1763653090,0
LTE,470,3,1177,2672330,-1,90.3831,23.9442,1000,4,1,1763610769,1763653149,0
LTE,470,3,1177,2672193,-1,90.3823,23.9459,1000,4,1,1763610799,1763653149,0
LTE,470,3,1177,2672139,-1,90.3833,23.9436,1000,4,1,1763610809,1763653149,0
LTE,470,3,1177,2672196,-1,90.3832,23.9437,1000,3,1,1763610849,1763653149,0
LTE,470,3,1177,3497534,-1,90.384,23.9419,1000,5,1,1763610859,1763653149,0
LTE,470,3,1177,3048195,-1,90.3853,23.9387,1000,8,1,1763610879,1763653148,0
LTE,470,3,1177,3048415,-1,90.385,23.939,1000,11,1,1763610899,1783724108,0
LTE,470,3,1177,3048395,-1,90.3863,23.9366,1000,7,1,1763610919,1763653090,0
LTE,470,3,1177,3048414,-1,90.3874,23.9334,1000,19,1,1763611009,1783724108,0
LTE,470,3,1177,2970883,-1,90.3886,23.9304,1000,9,1,1763611079,1763653148,0
LTE,470,3,1177,2970943,-1,90.3884,23.9307,1000,9,1,1763611099,1783724108,0
LTE,470,3,1177,2970942,-1,90.3892,23.9291,1000,7,1,1763611109,1763653148,0
LTE,470,3,1177,3643081,-1,90.3903,23.9268,1000,6,1,1763611119,1763653090,0
LTE,470,3,1177,3848651,-1,90.3911,23.9248,1000,6,1,1763611139,1763653091,0
LTE,470,3,1177,2712381,-1,90.3914,23.9239,1000,12,1,1763611159,1763653148,0
LTE,470,1,58431,25960255,-1,90.3924,23.9217,1000,2,1,1763611209,1763653091,0
LTE,470,1,58431,25960225,-1,90.3926,23.9213,1000,2,1,1763611259,1763653091,0
LTE,470,1,58431,27274271,-1,90.3929,23.9206,1000,3,1,1763611289,1763653091,0
LTE,470,3,1177,2712382,-1,90.3924,23.9214,1000,9,1,1763611289,1763653148,0
LTE,470,1,58431,25966114,-1,90.3932,23.9197,1000,3,1,1763611309,1763653091,0
LTE,470,1,58431,27271457,-1,90.3936,23.9189,1000,3,1,1763611319,1763653091,0
LTE,470,1,58431,27433760,-1,90.3943,23.9173,1000,7,1,1763611329,1763653091,0
LTE,470,3,1177,3720509,-1,90.3944,23.9163,1000,9,1,1763611399,1783724108,0
LTE,470,1,58431,25964575,-1,90.395,23.9158,1000,1,1,1763611409,1763611409,0
LTE,470,1,58431,25964625,-1,90.3953,23.915,1000,4,1,1763611419,1763653091,0
LTE,470,3,1177,3720510,-1,90.3956,23.9144,1000,5,1,1763611429,1763653091,0
LTE,470,3,1177,3540287,-1,90.3963,23.9127,1000,6,1,1763611549,1763653091,0
LTE,470,3,1177,4274239,-1,90.3965,23.912,1000,11,1,1763611719,1783724108,0
LTE,470,1,58431,25938207,-1,90.397,23.9113,1000,2,1,1763611769,1763653091,0
LTE,470,1,58441,25967647,-1,90.3979,23.9092,1000,11,1,1763611819,1763653148,0
LTE,470,1,58431,25938209,-1,90.3973,23.9106,1000,3,1,1763611839,1763653091,0
LTE,470,3,1177,4274246,-1,90.3971,23.9106,1000,5,1,1763611849,1763653148,0
LTE,470,3,1177,4274241,-1,90.398,23.9092,1000,3,1,1763611889,1763653091,0
LTE,470,3,1177,2712126,-1,90.3985,23.9076,1000,4,1,1763611939,1783724108,0
LTE,470,1,58441,27453727,-1,90.3988,23.907,1000,8,1,1763611989,1763653091,0
LTE,470,3,1177,3047681,-1,90.398,23.9087,1000,5,1,1763612019,1783724108,0
LTE,470,1,58441,27453728,-1,90.3992,23.9033,1000,14,1,1763612239,1763653091,0
LTE,470,3,1177,2591550,-1,90.3991,23.902,1000,5,1,1763612369,1763653147,0
LTE,470,3,1199,3078403,-1,90.4011,23.9009,1000,7,1,1763612379,1783724050,0
LTE,470,3,1176,4331522,-1,90.3988,23.8996,1000,6,1,1763612399,1763653147,0
LTE,470,3,1176,3642625,-1,90.3989,23.8987,1000,13,1,1763612419,1783724107,0
GSM,470,3,840,52283,-1,90.4002,23.8954,1000,7,1,1763612429,1763653091,0
GSM,470,3,840,32961,-1,90.4017,23.8934,1000,5,1,1763612449,1763653091,0
LTE,470,1,58451,25937952,-1,90.4025,23.8929,1000,15,1,1763612489,1783724049,0
LTE,470,3,1176,3404044,-1,90.402,23.8919,1000,3,1,1763612489,1763653091,0
LTE,470,1,58451,25963809,-1,90.4016,23.8902,1000,6,1,1763612499,1763653091,0
LTE,470,3,1176,29004234,-1,90.401,23.8881,1000,9,1,1763612509,1763653091,0
LTE,470,1,58451,25938463,-1,90.4016,23.8909,1000,9,1,1763612519,1783724049,0
LTE,470,1,58451,25938465,-1,90.4008,23.8886,1000,10,1,1763612529,1783724049,0
LTE,470,3,1176,3117629,-1,90.4007,23.8873,1000,3,1,1763612529,1763653091,0
LTE,470,1,58451,25957151,-1,90.4004,23.8857,1000,7,1,1763612539,1783724049,0
LTE,470,1,58451,25957152,-1,90.4006,23.8835,1000,5,1,1763612559,1763653092,0
LTE,470,1,58451,25965345,-1,90.4009,23.882,1000,3,1,1763612579,1763653092,0
LTE,470,1,58451,25965344,-1,90.4152,23.8227,4921,24,1,1763612609,1763653165,0
LTE,470,3,1176,3775748,-1,90.4007,23.8762,1000,15,1,1763612679,1783724107,0
LTE,470,3,1176,3775810,-1,90.4007,23.8711,1000,1,1,1763612769,1763612769,0
LTE,470,3,1176,3544577,-1,90.4004,23.8699,1000,13,1,1763612799,1783724107,0
LTE,470,3,1176,3544580,-1,90.4004,23.8687,1000,9,1,1763612819,1783724107,0
LTE,470,3,1176,2921219,-1,90.4004,23.8692,1000,5,1,1763612879,1783724048,0
LTE,470,3,1176,3544578,-1,90.4001,23.8659,1000,15,1,1763612979,1783724107,0
LTE,470,3,1175,2830337,-1,90.4,23.8646,1000,8,1,1763613039,1783724048,0
LTE,470,3,1175,2830339,-1,90.3999,23.8631,1000,17,1,1763613049,1783724107,0
LTE,470,3,1151,3129857,-1,90.4002,23.8612,1000,7,1,1763613079,1783724107,0
LTE,470,3,1151,3129858,-1,90.4002,23.8609,1000,2,1,1763613089,1763653146,0
LTE,470,3,1151,3129918,-1,90.4004,23.8607,1000,3,1,1763613109,1783724107,0
LTE,470,3,1151,3845183,-1,90.4013,23.8597,1000,3,1,1763613139,1763653141,0
LTE,470,3,1151,4631041,-1,90.4021,23.8587,1000,1,1,1763613159,1763613159,0
LTE,470,3,1151,2996739,-1,90.4034,23.8568,1000,12,1,1763613189,1783724048,0
LTE,470,3,1151,2996799,-1,90.405,23.855,1000,3,1,1763613209,1763653141,0
LTE,470,3,1151,2996738,-1,90.4056,23.8545,1000,6,1,1763613219,1765458126,0
LTE,470,3,1151,2608352,-1,90.4045,23.8555,1000,21,1,1763613229,1783724106,0
LTE,470,3,1151,2608133,-1,90.4089,23.8504,1000,2,1,1763613419,1765458126,0
LTE,470,3,1151,2608132,-1,90.4109,23.8479,1000,7,1,1763613429,1765458127,0
LTE,470,3,1151,2608129,-1,90.4097,23.8495,1000,6,1,1763613449,1765458126,0
LTE,470,3,1151,2792008,-1,90.4131,23.8453,1000,6,1,1763613529,1763653142,0
LTE,470,3,1151,3322314,-1,90.4161,23.8412,1000,22,1,1763613589,1783724106,0
LTE,470,3,1151,3526206,-1,90.4204,23.8264,1000,6,1,1763613839,1765458127,0
LTE,470,3,1048,2773508,-1,90.4202,23.823,1000,21,1,1763613879,1783724047,0
LTE,470,3,1048,2773567,-1,90.4189,23.8213,1000,4,1,1763613899,1765458127,0
LTE,470,3,1048,4352573,-1,90.4191,23.8216,1000,1,1,1763613959,1763613959,0
LTE,470,3,1048,2773510,-1,90.4191,23.8216,1000,1,1,1763613979,1763613979,0
LTE,470,3,1048,2773507,-1,90.4185,23.8212,1000,3,1,1763614029,1765458128,0
LTE,470,3,1048,3616001,-1,90.4183,23.8213,1000,8,1,1763614059,1765458128,0
LTE,470,3,1048,4352513,-1,90.4179,23.8206,1000,11,1,1763614069,1783724047,0
LTE,470,3,1048,3616009,-1,90.4159,23.8196,1000,4,1,1763614089,1763653145,0
LTE,470,3,1048,3181057,-1,90.4144,23.8184,1000,7,1,1763614099,1765458127,0
LTE,470,3,1048,3181058,-1,90.413,23.8177,1000,8,1,1763614149,1765458127,0
LTE,470,3,1149,3403522,-1,90.4113,23.817,1000,15,1,1763614159,1765458127,0
LTE,470,3,1149,3403526,-1,90.4096,23.8169,1000,12,1,1763614219,1765458127,0
LTE,470,3,1149,3110402,-1,90.4057,23.8164,1000,11,1,1763614229,1765458128,0
LTE,470,1,60061,25624136,-1,90.4058,23.8162,1000,12,1,1763614229,1763653143,0
LTE,470,3,1149,4266241,-1,90.4036,23.8154,1000,7,1,1763614299,1765458128,0
LTE,470,1,60061,25624392,-1,90.4045,23.8144,1000,10,1,1763614309,1763653145,0
LTE,470,3,1149,4266242,-1,90.4042,23.813,1000,4,1,1763614319,1763653143,0
LTE,470,1,60061,25624648,-1,90.4038,23.8112,1000,20,1,1763614339,1763653145,0
LTE,470,3,1149,3884863,-1,90.4028,23.8077,1000,8,1,1763614389,1765458128,0
LTE,470,1,60061,25621831,-1,90.4031,23.8068,1000,6,1,1763614389,1763653145,0
LTE,470,1,60061,27392071,-1,90.403,23.8059,1000,14,1,1763614399,1763653145,0
LTE,470,3,1149,3923006,-1,90.4029,23.8052,1000,8,1,1763614409,1763653145,0
LTE,470,3,1149,3922946,-1,90.4026,23.8033,1000,7,1,1763614419,1763653145,0
LTE,470,1,60051,25616201,-1,90.4025,23.8029,1000,8,1,1763614431,1763653145,0
LTE,470,3,1048,3009537,-1,90.4023,23.8019,1000,7,1,1763614441,1763653145,0
LTE,470,3,1048,3465985,-1,90.4011,23.7928,1000,7,1,1763614451,1763653145,0
LTE,470,3,1048,2738186,-1,90.4015,23.7967,1000,13,1,1763614461,1763653144,0
LTE,470,1,60051,25619015,-1,90.4013,23.7963,1000,14,1,1763614483,1763653145,0
LTE,470,3,1048,3009542,-1,90.402,23.8,1000,6,1,1763614493,1763653145,0
LTE,470,1,60051,25615689,-1,90.4016,23.7977,1000,13,1,1763614515,1763653145,0
LTE,470,3,1048,3009539,-1,90.4018,23.7988,1000,7,1,1763614515,1763653145,0
LTE,470,1,60051,25615688,-1,90.4017,23.7981,1000,3,1,1763614525,1763653145,0
LTE,470,3,1048,3009599,-1,90.4017,23.7982,1000,4,1,1763614525,1763653145,0
LTE,470,3,1048,4621570,-1,90.4012,23.7946,1000,2,1,1763614582,1763653144,0
LTE,470,3,1048,2738177,-1,90.4009,23.7939,1000,4,1,1763614596,1763653145,0
LTE,470,1,60051,25619016,-1,90.402,23.7932,1000,13,1,1763614647,1763653145,0
LTE,470,3,1048,2738237,-1,90.4009,23.7944,1000,5,1,1763614657,1763653145,0
LTE,470,3,1048,2788353,-1,90.4007,23.7918,1000,14,1,1763614677,1763653145,0
LTE,470,1,60051,25618760,-1,90.4006,23.7915,1000,24,1,1763614687,1763653145,0
LTE,470,3,1048,3466045,-1,90.4007,23.7915,1000,6,1,1763614719,1763653145,0
LTE,470,3,1048,2788354,-1,90.4006,23.7911,1000,4,1,1763614742,1763653144,0
LTE,470,1,60052,25618504,-1,90.4003,23.7885,1000,18,1,1763614762,1763653144,0
LTE,470,3,1048,3465986,-1,90.4004,23.7894,1000,5,1,1763614762,1763653144,0
LTE,470,3,1048,2788609,-1,90.4002,23.7885,1000,6,1,1763614772,1763653144,0
LTE,470,3,1048,2561538,-1,90.4003,23.7881,1000,4,1,1763614824,1763653144,0
LTE,470,3,1048,3466046,-1,90.4004,23.789,1000,2,1,1763614865,1763653144,0
LTE,470,3,1048,3318531,-1,90.4006,23.788,1000,3,1,1763614876,1763653144,0
LTE,470,1,60052,25618249,-1,90.4005,23.788,1000,4,1,1763614886,1763653144,0
UMTS,470,3,824,16924851,329,90.4007,23.788,1000,1,1,1763614946,1763614946,0
LTE,470,3,1048,2788670,-1,90.4003,23.7879,1000,1,1,1763615049,1763615049,0
LTE,470,3,1048,2788610,-1,90.4004,23.788,1000,4,1,1763615060,1763653144,0
UMTS,470,3,824,16923124,337,90.4004,23.7879,1000,3,1,1763615095,1763653144,0
UMTS,470,3,824,16960584,86,90.4002,23.7887,1000,1,1,1763615492,1763615492,0
UMTS,470,3,824,16925040,86,90.4003,23.7891,1000,2,1,1763615512,1763653144,0
UMTS,470,3,824,16960582,196,90.4006,23.7911,1000,1,1,1763615701,1763615701,0
LTE,470,1,60052,25646663,-1,90.4023,23.7912,1000,3,1,1763615779,1763653144,0
LTE,470,1,60052,25615431,-1,90.4013,23.7917,1000,12,1,1763615824,1763653145,0
LTE,470,3,1048,4945153,-1,90.4014,23.7919,1000,5,1,1763615824,1763653145,0
LTE,470,3,1048,2669057,-1,90.4022,23.7912,1000,6,1,1763616343,1763653144,0
LTE,470,3,1048,3762689,-1,90.4037,23.791,1000,3,1,1763616562,1763653144,0
LTE,470,1,60052,25646664,-1,90.4044,23.7909,1000,6,1,1763616575,1763653144,0
LTE,470,1,60052,25616455,-1,90.4043,23.7927,1000,8,1,1763616617,1763653144,0
LTE,470,3,1048,3318787,-1,90.4044,23.792,1000,7,1,1763616650,1763653145,0
LTE,470,3,1048,3318786,-1,90.406,23.7911,1000,6,1,1763616756,1763653144,0
LTE,470,1,58272,26104391,-1,90.406,23.7909,1000,5,1,1763616796,1763653144,0
LTE,470,3,1048,2566914,-1,90.4059,23.7908,1000,1,1,1763616810,1763616810,0
LTE,470,3,1048,2566915,-1,90.4062,23.7915,1000,8,1,1763616836,1763653144,0
LTE,470,1,60052,25616968,-1,90.4064,23.7918,1000,3,1,1763616889,1763653144,0
LTE,470,3,1048,2566975,-1,90.4062,23.7917,1000,4,1,1763616916,1763653144,0
LTE,470,3,1048,2566924,-1,90.4063,23.7919,1000,8,1,1763617098,1763653144,0
LTE,470,3,1048,3318785,-1,90.4062,23.7916,1000,1,1,1763617172,1763617172,0
LTE,470,1,60052,25615177,-1,90.4062,23.7918,1000,7,1,1763617206,1763653144,0
LTE,470,3,1048,2566984,-1,90.4062,23.7916,1000,1,1,1763617474,1763617474,0
LTE,470,1,60052,25615945,-1,90.406,23.7929,1000,9,1,1763618990,1763653144,0
LTE,470,3,1048,4943873,-1,90.4061,23.7929,1000,4,1,1763619001,1763653144,0
LTE,470,3,1048,4943933,-1,90.4062,23.793,1000,1,1,1763619104,1763619104,0
LTE,470,3,1048,2709053,-1,90.4058,23.7931,1000,1,1,1763619143,1763619143,0
LTE,470,3,1048,2708993,-1,90.4058,23.7931,1000,1,1,1763619160,1763619160,0
LTE,470,3,1048,4919553,-1,90.4048,23.7933,1000,6,1,1763619184,1763653144,0
LTE,470,3,1048,4919613,-1,90.4057,23.7931,1000,2,1,1763619197,1763653144,0
LTE,470,1,60052,25616967,-1,90.4043,23.7925,1000,3,1,1763619964,1763653145,0
LTE,470,3,1048,2797058,-1,90.4046,23.793,1000,2,1,1763620014,1763653144,0
LTE,470,3,1048,2801666,-1,90.4036,23.7926,1000,6,1,1763620123,1763653145,0
LTE,470,3,1048,2801726,-1,90.4039,23.7925,1000,7,1,1763620174,1763653145,0
LTE,470,3,1048,2709309,-1,90.4043,23.7927,1000,2,1,1763620265,1763653144,0
LTE,470,3,1048,2708994,-1,90.4043,23.7927,1000,1,1,1763620477,1763620477,0
UMTS,470,3,824,16924022,225,90.4043,23.7928,1000,1,1,1763620945,1763620945,0
LTE,470,1,60051,25617224,-1,90.4035,23.7925,1000,10,1,1763621051,1763653145,0
LTE,470,3,1048,3318847,-1,90.4041,23.7923,1000,3,1,1763621459,1763653145,0
LTE,470,3,1048,2801665,-1,90.4028,23.7929,1000,3,1,1763621706,1763653145,0
LTE,470,1,60051,25617223,-1,90.4025,23.793,1000,3,1,1763621723,1763653145,0
LTE,470,3,1048,2738257,-1,90.4022,23.793,1000,1,1,1763621803,1763621803,0
LTE,470,1,60051,25617225,-1,90.4017,23.7929,1000,4,1,1763621825,1763653145,0
LTE,470,3,1048,2801667,-1,90.4016,23.7928,1000,4,1,1763621825,1763653145,0
LTE,470,3,1048,2801727,-1,90.4015,23.7929,1000,1,1,1763621885,1763621885,0
LTE,470,3,1048,4945213,-1,90.4014,23.7921,1000,1,1,1763622052,1763622052,0
LTE,470,3,1048,2788414,-1,90.4007,23.7916,1000,3,1,1763622641,1763653145,0
LTE,470,1,60052,25615433,-1,90.4007,23.7914,1000,1,1,1763622667,1763622667,0
LTE,470,3,1048,2788413,-1,90.4005,23.7917,1000,4,1,1763622829,1763653145,0
LTE,470,3,1048,2738179,-1,90.4009,23.7946,1000,2,1,1763623203,1763653145,0
LTE,470,3,1048,2738246,-1,90.4013,23.7967,1000,7,1,1763623240,1763653145,0
LTE,470,1,60051,25615687,-1,90.4022,23.8013,1000,10,1,1763623459,1763653145,0
LTE,470,3,1149,3745795,-1,90.4039,23.8119,1000,5,1,1763623597,1763653145,0
LTE,470,3,1149,3110482,-1,90.406,23.8167,1000,4,1,1763623684,1765458128,0
LTE,470,1,60061,25624146,-1,90.4088,23.8171,1000,8,1,1763623698,1763653145,0
GSM,470,3,720,32943,-1,90.408,23.8172,1000,4,1,1763623698,1763653145,0
GSM,470,3,720,21492,-1,90.4067,23.8168,1000,7,1,1763623698,1765458128,0
LTE,470,1,58752,27281225,-1,90.4139,23.8185,1000,5,1,1763623804,1763653145,0
LTE,470,1,58752,27281224,-1,90.4147,23.8189,1000,1,1,1763623843,1763623843,0
LTE,470,3,1048,3181117,-1,90.4141,23.818,1000,8,1,1763623843,1765458127,0
LTE,470,1,58752,25606473,-1,90.4161,23.8197,1000,2,1,1763623855,1763653145,0
LTE,470,1,58752,25606471,-1,90.4178,23.8209,1000,3,1,1763623881,1763653145,0
LTE,470,1,60101,25928519,-1,90.4187,23.8354,1000,4,1,1763624239,1763653146,0
LTE,470,1,60101,25672521,-1,90.4175,23.8387,1000,10,1,1763624309,1763653146,0
LTE,470,3,1151,2768897,-1,90.4179,23.8383,1000,2,1,1763624389,1763653146,0
LTE,470,3,1151,3322114,-1,90.4169,23.8399,1000,6,1,1763624439,1783724106,0
LTE,470,1,60101,27389512,-1,90.4157,23.8417,1000,8,1,1763624539,1763653146,0
LTE,470,1,60101,27389513,-1,90.4132,23.8448,1000,16,1,1763624760,1763653146,0
LTE,470,3,1151,3322123,-1,90.4132,23.8449,1000,5,1,1763624760,1765458127,0
LTE,470,3,1151,2791948,-1,90.4122,23.846,1000,2,1,1763624903,1763653146,0
LTE,470,1,60101,25680190,-1,90.4089,23.85,1000,2,1,1763625059,1763653146,0
LTE,470,1,60101,25671487,-1,90.4083,23.8507,1000,3,1,1763625072,1763653146,0
LTE,470,1,60101,25671485,-1,90.4067,23.8523,1000,8,1,1763625144,1763653146,0
LTE,470,1,60721,25870398,-1,90.405,23.8546,1000,6,1,1763625247,1763653146,0
LTE,470,3,1151,2996742,-1,90.4047,23.8551,1000,3,1,1763625261,1763653146,0
LTE,470,1,60721,25870399,-1,90.4037,23.8562,1000,4,1,1763625277,1763653146,0
LTE,470,1,60721,25666878,-1,90.4012,23.8593,1000,7,1,1763625293,1763653147,0
LTE,470,3,1176,2847745,-1,90.4013,23.8793,1000,1,1,1763625993,1763625993,0
LTE,470,1,60573,25609790,-1,90.4013,23.8793,1000,1,1,1763625993,1763625993,0
LTE,470,1,60573,25612606,-1,90.4009,23.8806,1000,8,1,1763625993,1763653147,0
LTE,470,3,1176,3447261,-1,90.4007,23.8813,1000,13,1,1763626004,1783724049,0
LTE,470,1,60551,27099455,-1,90.4005,23.8825,1000,5,1,1763626033,1763653147,0
LTE,470,3,1176,3447041,-1,90.4003,23.8832,1000,6,1,1763626053,1763653147,0
LTE,470,3,1176,3447243,-1,90.4005,23.8823,1000,4,1,1763626073,1783724049,0
LTE,470,1,60573,25664065,-1,90.4001,23.885,1000,8,1,1763626093,1763653147,0
LTE,470,3,1176,2670083,-1,90.4001,23.885,1000,8,1,1763626103,1783724049,0
LTE,470,3,1176,2670092,-1,90.4003,23.8867,1000,10,1,1763626123,1783724107,0
LTE,470,1,60571,27270974,-1,90.4008,23.8886,1000,9,1,1763626123,1763653147,0
LTE,470,3,1176,3117570,-1,90.4015,23.8907,1000,8,1,1763626133,1763653147,0
LTE,470,1,58451,25937982,-1,90.4001,23.8951,1000,12,1,1763626183,1763653147,0
LTE,470,3,1176,29004253,-1,90.4011,23.894,1000,8,1,1763626193,1783724107,0
LTE,470,3,1176,3642626,-1,90.4005,23.8963,1000,7,1,1763626253,1783724049,0
LTE,470,1,58451,25964349,-1,90.3989,23.9011,1000,11,1,1763626273,1763653148,0
LTE,470,1,1176,29242825,-1,90.3987,23.8985,1000,1,1,1763626383,1763626383,0
LTE,470,3,1177,4852994,-1,90.3987,23.8991,1000,3,1,1763626473,1763653147,0
LTE,470,3,1177,4853054,-1,90.3986,23.899,1000,2,1,1763626523,1763653147,0
LTE,470,3,1176,4331582,-1,90.3988,23.8996,1000,3,1,1763626643,1763653147,0
LTE,470,3,1177,4853053,-1,90.3988,23.9005,1000,1,1,1763626743,1763626743,0
LTE,470,3,1176,3721021,-1,90.3989,23.9006,1000,1,1,1763626753,1763626753,0
LTE,470,3,1177,2591554,-1,90.399,23.905,1000,7,1,1763627023,1783724108,0
LTE,470,1,58441,25938751,-1,90.3988,23.906,1000,8,1,1763627353,1763653148,0
LTE,470,1,58441,27453707,-1,90.3982,23.908,1000,4,1,1763627503,1763653148,0
LTE,470,3,1177,3748867,-1,90.3949,23.9152,1000,1,1,1763627713,1763627713,0
LTE,470,3,1177,2675006,-1,90.3934,23.9186,1000,11,1,1763627893,1783724108,0
LTE,470,3,1177,3216453,-1,90.3928,23.9199,1000,5,1,1763627933,1763653148,0
LTE,470,3,1177,2675005,-1,90.3924,23.9209,1000,3,1,1763627953,1783724108,0
LTE,470,3,1177,3517405,-1,90.3923,23.9213,1000,1,1,1763627983,1763627983,0
LTE,470,3,1177,2970950,-1,90.3899,23.927,1000,4,1,1763628093,1763653148,0
LTE,470,3,1177,2970945,-1,90.3893,23.9284,1000,4,1,1763628113,1763653148,0
LTE,470,3,1177,2970890,-1,90.3889,23.9295,1000,2,1,1763628133,1763653148,0
LTE,470,3,1177,2970882,-1,90.3891,23.9291,1000,1,1,1763628143,1763628143,0
LTE,470,1,58431,25963295,-1,90.3881,23.9314,1000,9,1,1763628243,1763653148,0
LTE,470,3,1177,3401985,-1,90.388,23.9314,1000,1,1,1763628313,1763628313,0
LTE,470,3,1177,3048194,-1,90.3876,23.9326,1000,6,1,1763628333,1763653148,0
LTE,470,3,1177,3048260,-1,90.3872,23.9336,1000,6,1,1763628393,1763653148,0
LTE,470,1,58431,26996000,-1,90.3875,23.9329,1000,2,1,1763628443,1763653148,0
LTE,470,3,1177,3697982,-1,90.3876,23.9327,1000,1,1,1763628443,1763628443,0
LTE,470,3,1177,3048255,-1,90.3847,23.9399,1000,7,1,1763628733,1763653149,0
LTE,470,1,58431,26995979,-1,90.3858,23.9372,1000,4,1,1763628873,1763653148,0
LTE,470,3,1177,3182850,-1,90.3857,23.9373,1000,2,1,1763628913,1763653148,0
LTE,470,1,58431,26431500,-1,90.3857,23.9372,1000,1,1,1763628983,1763628983,0
LTE,470,1,58431,27333389,-1,90.3855,23.9378,1000,2,1,1763629003,1763653148,0
LTE,470,3,1177,3182910,-1,90.3855,23.9378,1000,2,1,1763629003,1763653148,0
LTE,470,1,58431,25965649,-1,90.3854,23.938,1000,1,1,1763629013,1763629013,0
LTE,470,3,1177,3673858,-1,90.3848,23.9392,1000,3,1,1763629043,1763653148,0
LTE,470,3,1177,3182914,-1,90.3845,23.9402,1000,3,1,1763629053,1763653149,0
LTE,470,3,1177,2672132,-1,90.3834,23.9431,1000,2,1,1763629143,1763653149,0
LTE,470,3,1177,2672329,-1,90.3832,23.9434,1000,1,1,1763629163,1763629163,0
LTE,470,3,1177,3497474,-1,90.383,23.9441,1000,2,1,1763629193,1763653149,0
LTE,470,1,58431,25963091,-1,90.3822,23.9462,1000,4,1,1763629313,1763653149,0
LTE,470,1,58431,25963089,-1,90.3816,23.9475,1000,5,1,1763629353,1763653149,0
LTE,470,3,1177,2672191,-1,90.3814,23.9483,1000,5,1,1763629383,1763653149,0
LTE,470,1,62161,27457035,-1,90.3813,23.949,1000,4,1,1763629393,1763653149,0
LTE,470,1,62161,25960972,-1,90.3811,23.9538,1000,1,1,1763629483,1763629483,0
LTE,470,3,1200,3802333,-1,90.3811,23.9538,1000,1,1,1763629483,1763629483,0
LTE,470,3,1200,4117507,-1,90.3811,23.9542,1000,2,1,1763629493,1763653149,0
LTE,470,3,1200,4117565,-1,90.381,23.9559,1000,3,1,1763629513,1763653149,0
LTE,470,3,1200,3086407,-1,90.3807,23.9591,1000,2,1,1763629583,1763653149,0
LTE,470,1,62161,26908192,-1,90.3806,23.9602,1000,3,1,1763629593,1763653149,0
LTE,470,3,1200,3086339,-1,90.3806,23.9605,1000,4,1,1763629593,1763653149,0
LTE,470,3,1200,3183837,-1,90.3806,23.9609,1000,4,1,1763629603,1783724109,0
LTE,470,1,62161,25967393,-1,90.3805,23.9617,1000,3,1,1763629623,1763653149,0
LTE,470,3,1200,2597122,-1,90.3801,23.9645,1000,3,1,1763629663,1763653149,0
GSM,470,1,25034,24475,-1,90.3801,23.9649,1000,5,1,1763629663,1763653149,0
GSM,470,1,25034,24476,-1,90.38,23.9656,1000,3,1,1763629673,1763653149,0
GSM,470,1,25034,24474,-1,90.38,23.9656,1000,3,1,1763629673,1763653149,0
GSM,470,1,25034,27142,-1,90.38,23.9654,1000,2,1,1763629673,1763653149,0
LTE,470,3,1200,2597181,-1,90.38,23.9656,1000,3,1,1763629673,1763653149,0
GSM,470,1,25034,12885,-1,90.3799,23.966,1000,1,1,1763629703,1763629703,0
LTE,470,1,62161,25965837,-1,90.38,23.9667,1000,6,1,1763629703,1763653149,0
LTE,470,3,1200,2597121,-1,90.38,23.9661,1000,4,1,1763629713,1783724109,0
LTE,470,3,1200,4649674,-1,90.38,23.9666,1000,1,1,1763629733,1763629733,0
LTE,470,3,1200,4649694,-1,90.38,23.9676,1000,11,1,1763629743,1783724109,0
LTE,470,3,1200,4649693,-1,90.3802,23.9714,1000,22,1,1763629773,1783724109,0
LTE,470,3,1200,4649473,-1,90.3801,23.97,1000,3,1,1763629783,1763653149,0
LTE,470,1,62181,25971981,-1,90.3802,23.9715,1000,2,1,1763629813,1763653149,0
LTE,470,3,1200,4649673,-1,90.3802,23.9715,1000,5,1,1763629813,1763653149,0
LTE,470,1,62181,25969932,-1,90.3802,23.9724,1000,1,1,1763629923,1763629923,0
LTE,470,1,62181,25970002,-1,90.3802,23.9728,1000,4,1,1763629933,1763653149,0
LTE,470,3,1200,2807518,-1,90.3803,23.9734,1000,4,1,1763630013,1763653149,0
LTE,470,3,1200,2807519,-1,90.3803,23.9735,1000,2,1,1763630033,1763653149,0
LTE,470,3,1200,2807517,-1,90.3805,23.9756,1000,7,1,1763630143,1783724109,0
LTE,470,3,1200,2807357,-1,90.3805,23.9752,1000,2,1,1763630163,1763653149,0
LTE,470,3,1200,3813379,-1,90.3806,23.9774,1000,2,1,1763630203,1763653149,0
LTE,470,3,1200,29413599,-1,90.3806,23.9778,1000,2,1,1763630214,1779517986,0
LTE,470,1,62181,25969991,-1,90.3772,23.9782,1000,6,1,1763630223,1779518582,0
LTE,470,1,62181,27017483,-1,90.3811,23.9837,1000,5,1,1763630303,1783724109,0
LTE,470,3,1173,3515139,-1,90.381,23.9835,1000,1,1,1763630333,1763630333,0
LTE,470,3,1173,3515359,-1,90.381,23.9835,1000,1,1,1763630343,1763630343,0
LTE,470,3,1173,3652414,-1,90.3812,23.9844,1000,3,1,1763630463,1763653150,0
LTE,470,3,1173,3652434,-1,90.381,23.9835,1000,1,1,1763630513,1763630513,0
LTE,470,1,62181,25970239,-1,90.3812,23.9843,1000,1,1,1763630593,1763630593,0
LTE,470,3,1173,2672843,-1,90.3812,23.9848,1000,1,1,1763630703,1763630703,0
LTE,470,3,1173,2672863,-1,90.3813,23.9852,1000,1,1,1763630803,1763630803,0
LTE,470,3,1173,3652413,-1,90.3815,23.9861,1000,1,1,1763630853,1763630853,0
LTE,470,3,1173,3558366,-1,90.3818,23.9887,1000,2,1,1763630913,1763653150,0
LTE,470,1,62181,25936703,-1,90.3827,23.9898,1000,12,1,1763630923,1763653150,0
LTE,470,3,1173,4349642,-1,90.3815,23.9898,1000,2,1,1763630933,1763653150,0
LTE,470,3,1173,3652101,-1,90.3831,23.9898,1000,3,1,1763630963,1763653150,0
LTE,470,3,1173,3652098,-1,90.3843,23.99,1000,3,1,1763630973,1763653150,0
LTE,470,1,62181,25936701,-1,90.3858,23.9903,1000,6,1,1763630984,1763653150,0
LTE,470,3,1173,4004297,-1,90.3872,23.9905,1000,9,1,1763630993,1763653150,0
LTE,470,1,62491,26548029,-1,90.3908,23.9911,1000,18,1,1763631043,1763653150,0
LTE,470,3,1173,3697221,-1,90.3917,23.9912,1000,2,1,1763631083,1763653150,0
LTE,470,3,1173,3697214,-1,90.3931,23.9915,1000,4,1,1763631103,1763653150,0
LTE,470,3,1173,3697213,-1,90.3926,23.9915,1000,2,1,1763631113,1763653150,0
LTE,470,3,1173,2735325,-1,90.3961,23.9918,1000,7,1,1763631143,1763653150,0
LTE,470,1,62491,25935165,-1,90.4026,23.9953,3687,12,1,1763631143,1763653151,0
LTE,470,3,1173,2735326,-1,90.4,23.9923,1000,5,1,1763631183,1763653150,0
LTE,470,3,1173,2735106,-1,90.4019,23.9926,1000,3,1,1763631214,1763653150,0
LTE,470,3,1173,4638723,-1,90.4032,23.9928,1000,4,1,1763631223,1763653150,0
LTE,470,3,1173,4640574,-1,90.4073,23.9937,1000,4,1,1763631283,1763653150,0
LTE,470,3,1174,28614858,-1,90.4075,23.9937,1000,3,1,1763631294,1763653150,0
LTE,470,3,1174,3014718,-1,90.41,23.9945,1000,6,1,1763631324,1763653150,0
LTE,470,3,1174,3014717,-1,90.4122,23.9951,1000,4,1,1763631353,1763653150,0
LTE,470,3,1174,3014975,-1,90.4159,23.9964,1000,4,1,1763631394,1763653150,0
LTE,470,3,1174,2597437,-1,90.4161,23.9996,1000,2,1,1763631474,1763653150,0
LTE,470,1,62491,26957374,-1,90.4159,24.0001,1000,3,1,1763631483,1763653151,0
LTE,470,1,62491,27168062,-1,90.4157,24.0023,1000,19,1,1763631534,1765458122,0
LTE,470,3,1174,3093053,-1,90.4154,24.0038,1000,6,1,1763631603,1763653151,0
LTE,470,3,1174,3681539,-1,90.4152,24.0096,1000,2,1,1763631693,1763653151,0
LTE,470,3,1174,4268352,-1,90.4152,24.0106,1000,3,1,1763631704,1763653151,0
LTE,470,1,62491,25934673,-1,90.4163,24.0159,1000,11,1,1763631753,1769209390,0
LTE,470,3,1174,28679391,-1,90.4158,24.015,1000,3,1,1763631794,1763653151,0
LTE,470,1,62501,25934931,-1,90.4166,24.0199,1000,9,1,1763631844,1765458131,0
LTE,470,1,62501,25934930,-1,90.4182,24.0207,1000,5,1,1763631964,1765458130,0
LTE,470,3,1174,2734654,-1,90.4188,24.0221,1000,2,1,1763632004,1763653151,0
LTE,470,3,1174,3401473,-1,90.4196,24.0241,1000,3,1,1763632064,1763653151,0
LTE,470,3,1173,2873405,-1,90.4145,24.0263,1000,1,1,1763632234,1763632234,0
GSM,470,3,890,15671,-1,90.4158,24.0324,1000,2,1,1763632493,1763653151,0
LTE,470,3,1173,2705489,-1,90.4157,24.0324,1000,1,1,1763632514,1763632514,0
LTE,470,2,8202,33945875,-1,90.4212,23.8484,1000,14,1,1762493271,1766215149,0
LTE,470,2,8202,33287949,-1,90.4211,23.849,1000,9,1,1762493331,1766215149,0
LTE,470,2,8202,34402064,-1,90.4214,23.8479,1000,3,1,1762493491,1766215149,0
LTE,470,4,17023,25870604,-1,90.4236,23.8478,1000,12,1,1762493601,1774971543,0
LTE,470,2,8202,33986067,-1,90.4216,23.8477,1000,5,1,1762493651,1766215149,0
LTE,470,4,17023,25870614,-1,90.4232,23.8479,1000,8,1,1762493711,1774971543,0
LTE,470,2,8202,33366032,-1,90.4215,23.848,1000,22,1,1762493772,1766215149,0
LTE,470,2,8202,34402066,-1,90.4212,23.8476,1000,1,1,1762493861,1762493861,0
LTE,470,4,17023,25645324,-1,90.4187,23.8487,1000,2,1,1762493891,1764000423,0
LTE,470,2,8202,33366029,-1,90.4214,23.8477,1000,3,1,1762494021,1766215149,0
LTE,470,2,8202,33899276,-1,90.4216,23.8476,1000,3,1,1762494211,1766215149,0
LTE,470,2,8202,33899280,-1,90.4219,23.8497,1000,3,1,1762494431,1774971543,0
LTE,470,4,17151,27241730,-1,90.4217,23.8474,1000,5,1,1762494841,1766215149,0
GSM,470,2,46,40777,-1,90.4219,23.8473,1000,3,1,1762495071,1766215149,0
GSM,470,2,46,1921,-1,90.4218,23.8472,1000,2,1,1762495071,1764000362,0
GSM,470,2,46,1923,-1,90.4217,23.8476,1000,3,1,1762495141,1766215149,0
GSM,470,2,46,40772,-1,90.4218,23.8472,1000,2,1,1762495191,1764000362,0
GSM,470,2,46,7034,-1,90.4214,23.8478,1000,6,1,1762495442,1766215149,0
GSM,470,2,46,11934,-1,90.4212,23.8484,1000,2,1,1762495839,1764000362,0
LTE,470,4,17011,27141141,-1,90.3182,23.8756,1000,12,1,1763957066,1774971542,0
LTE,470,2,8429,33782542,-1,90.3153,23.8733,1000,8,1,1763958343,1774971542,0
LTE,470,2,8429,34513422,-1,90.3109,23.8596,1000,2,1,1763958723,1764000364,0
LTE,470,4,17011,25867543,-1,90.3125,23.8579,1000,10,1,1763959003,1766215144,0
LTE,470,4,17021,26901527,-1,90.3567,23.8586,1000,9,1,1763959623,1774971543,0
LTE,470,2,8429,34551058,-1,90.3602,23.86,1000,15,1,1763959643,1766215146,0
LTE,470,2,8429,34551059,-1,90.366,23.864,1000,11,1,1763959813,1764000366,0
LTE,470,2,8429,34551053,-1,90.3657,23.8635,1000,14,1,1763959853,1766215146,0
LTE,470,2,8451,258582327,-1,90.3663,23.866,1000,8,1,1763959863,1766215146,0
LTE,470,4,17022,25683725,-1,90.393,23.8745,1000,1,1,1763960563,1763960563,0
LTE,470,2,8206,33730064,-1,90.3944,23.8745,1000,5,1,1763960573,1764000367,0
LTE,470,2,8451,34541327,-1,90.3958,23.8745,1000,2,1,1763960633,1764000367,0
LTE,470,2,8451,258616630,-1,90.3964,23.8746,1000,1,1,1763960644,1763960644,0
LTE,470,4,17022,27240972,-1,90.4005,23.8758,1000,6,1,1763960774,1764000367,0
LTE,470,2,8451,33714706,-1,90.4005,23.8758,1000,6,1,1763960774,1764000367,0
LTE,470,4,17022,27240981,-1,90.4009,23.8774,1000,3,1,1763960803,1764000367,0
LTE,470,2,8206,33716751,-1,90.4012,23.8776,1000,3,1,1763960823,1764000367,0
LTE,470,2,8451,33714702,-1,90.4009,23.8745,1000,8,1,1763960893,1764000367,0
LTE,470,4,17022,27240982,-1,90.4009,23.8742,1000,2,1,1763960923,1764000367,0
LTE,470,2,8426,34340110,-1,90.4006,23.8693,1000,19,1,1763960953,1764000367,0
LTE,470,2,8426,34340111,-1,90.4001,23.8651,1000,2,1,1763961233,1764000367,0
LTE,470,2,8426,33731854,-1,90.4001,23.8639,1000,5,1,1763961243,1764000367,0
LTE,470,2,8426,33717006,-1,90.4003,23.8618,1000,7,1,1763961273,1764000367,0
LTE,470,2,8426,33717007,-1,90.4009,23.8601,1000,3,1,1763961334,1764000367,0
LTE,470,2,8202,33288759,-1,90.4063,23.8534,1000,19,1,1763961534,1764000369,0
LTE,470,2,8202,33287184,-1,90.4177,23.8515,1000,11,1,1763962214,1764000423,0
LTE,470,2,8202,33286671,-1,90.4119,23.8514,1000,8,1,1763965724,1764000423,0
LTE,470,2,8202,33286672,-1,90.4111,23.8514,1000,3,1,1763965834,1766215148,0
LTE,470,2,8202,33288719,-1,90.4087,23.8508,1000,4,1,1763966064,1766215148,0
LTE,470,2,8426,258562603,-1,90.3999,23.863,1000,5,1,1763966414,1764000369,0
LTE,470,4,17022,25648652,-1,90.4028,23.868,1000,4,1,1763966944,1764000369,0
LTE,470,2,8426,34117905,-1,90.4026,23.868,1000,5,1,1763966964,1764000369,0
LTE,470,4,17022,26880779,-1,90.4047,23.8681,1000,2,1,1763967064,1764000369,0
LTE,470,4,17022,26880780,-1,90.4066,23.8678,1000,10,1,1763967074,1764000369,0
LTE,470,2,8426,34111249,-1,90.4055,23.8681,1000,3,1,1763967074,1764000369,0
LTE,470,4,17022,26627596,-1,90.406,23.8678,1000,3,1,1763967084,1764000369,0
LTE,470,2,8426,33983507,-1,90.4067,23.8678,1000,7,1,1763967114,1764000423,0
LTE,470,4,17022,25769227,-1,90.4097,23.868,1000,4,1,1763967544,1764000369,0
LTE,470,2,8426,33362189,-1,90.4086,23.8679,1000,9,1,1763967564,1764000423,0
LTE,470,2,8426,33983530,-1,90.4091,23.8678,1000,3,1,1763967614,1764000422,0
LTE,470,2,8426,33983528,-1,90.4102,23.8681,1000,3,1,1763967734,1764000422,0
LTE,470,4,17022,25769237,-1,90.4091,23.8679,1000,9,1,1763967814,1764000423,0
LTE,470,2,8426,33983505,-1,90.4107,23.8682,1000,11,1,1763967824,1764000422,0
LTE,470,4,17023,25694733,-1,90.4113,23.8681,1000,4,1,1763967904,1764000422,0
LTE,470,4,17023,25694743,-1,90.4111,23.8682,1000,9,1,1763967914,1764000422,0
LTE,470,2,8426,33362190,-1,90.4119,23.8681,1000,1,1,1763967994,1763967994,0
LTE,470,2,8426,34475788,-1,90.4129,23.8682,1000,10,1,1763968004,1764000422,0
LTE,470,4,17023,26753045,-1,90.414,23.8681,1000,6,1,1763968054,1764000369,0
LTE,470,4,17023,25768725,-1,90.4169,23.8684,1000,6,1,1763968134,1764000422,0
LTE,470,2,8202,33362957,-1,90.4148,23.8682,1000,3,1,1763968134,1764000422,0
LTE,470,2,8202,33984019,-1,90.4164,23.8683,1000,2,1,1763968154,1764000370,0
LTE,470,2,8426,34407436,-1,90.4177,23.8685,1000,17,1,1763968174,1764000422,0
LTE,470,4,17023,25798679,-1,90.4174,23.8686,1000,2,1,1763968254,1764000422,0
GSM,470,4,1402,191,-1,90.418,23.8684,1000,2,1,1763968335,1764000422,0
LTE,470,4,17023,25768715,-1,90.4163,23.8683,1000,12,1,1763968345,1764000422,0
GSM,470,4,1402,192,-1,90.4179,23.8687,1000,6,1,1763968375,1764000422,0
LTE,470,4,17023,25798668,-1,90.4171,23.871,1000,16,1,1763968475,1764000422,0
LTE,470,2,8426,34407441,-1,90.4175,23.8694,1000,13,1,1763968495,1764000422,0
LTE,470,2,8426,34407442,-1,90.4181,23.8684,1000,2,1,1763968505,1764000422,0
LTE,470,4,17023,25768716,-1,90.418,23.8685,1000,6,1,1763968735,1764000422,0
LTE,470,2,8426,34407435,-1,90.4172,23.8705,1000,10,1,1763969085,1764000422,0
GSM,470,4,1402,1493,-1,90.4176,23.8688,1000,1,1,1763969775,1763969775,0
LTE,470,4,17023,25798667,-1,90.4168,23.8721,1000,11,1,1763970025,1764000422,0
GSM,470,4,1402,1492,-1,90.4168,23.8714,1000,1,1,1763970266,1763970266,0
LTE,470,2,8426,34421260,-1,90.4167,23.8728,1000,7,1,1763970356,1764000422,0
LTE,470,2,8426,34465035,-1,90.4166,23.8732,1000,6,1,1763970386,1764000422,0
LTE,470,2,8426,34421261,-1,90.4165,23.8733,1000,2,1,1763970406,1764000422,0
LTE,470,4,17023,26628109,-1,90.4164,23.8736,1000,1,1,1763970486,1763970486,0
LTE,470,2,8426,33792524,-1,90.4165,23.8735,1000,2,1,1763970496,1764000422,0
LTE,470,2,8426,33792527,-1,90.4165,23.8735,1000,1,1,1763971006,1763971006,0
GSM,470,4,1402,1491,-1,90.4167,23.8729,1000,1,1,1763971046,1763971046,0
LTE,470,4,17023,26753035,-1,90.4129,23.8682,1000,5,1,1763971526,1764000422,0
LTE,470,2,8426,34475794,-1,90.4113,23.8682,1000,1,1,1763971636,1763971636,0
LTE,470,2,8426,34425356,-1,90.4108,23.8682,1000,1,1,1763971786,1763971786,0
LTE,470,2,8426,33362187,-1,90.4107,23.8682,1000,1,1,1763971826,1763971826,0
LTE,470,2,8426,33983529,-1,90.4096,23.868,1000,2,1,1763971876,1764000422,0
LTE,470,4,17022,26880790,-1,90.4063,23.8678,1000,8,1,1763972226,1764000423,0
LTE,470,4,17022,26627606,-1,90.4049,23.8681,1000,3,1,1763972386,1764000423,0
LTE,470,2,8426,33721102,-1,90.4044,23.8681,1000,8,1,1763972386,1764000423,0
LTE,470,4,17022,26880789,-1,90.4038,23.868,1000,4,1,1763972436,1764000423,0
LTE,470,2,8426,33847823,-1,90.4023,23.868,1000,4,1,1763972456,1764000423,0
LTE,470,4,17022,25648662,-1,90.4008,23.868,1000,4,1,1763972466,1766215147,0
LTE,470,2,8426,33732624,-1,90.4015,23.868,1000,2,1,1763972476,1764000423,0
LTE,470,2,8426,34117907,-1,90.4003,23.8667,1000,3,1,1763972626,1764000423,0
LTE,470,4,17161,25686276,-1,90.4113,23.8515,1000,2,1,1763973396,1766215148,0
LTE,470,4,17023,25645334,-1,90.4158,23.8503,1000,1,1,1763973946,1763973946,0
LTE,470,2,8202,33787662,-1,90.4166,23.8515,1000,1,1,1763974126,1763974126,0
GSM,470,4,1405,2501,-1,90.4168,24.0218,1000,1,1,1764070340,1764070340,0
LTE,470,2,8213,44824848,-1,90.4168,24.0218,1000,1,1,1764070345,1764070345,0
LTE,470,2,8213,44849716,-1,90.4168,24.0218,1000,1,1,1764070345,1764070345,0
LTE,470,1,58243,25639485,-1,90.4171,23.7785,1000,1,1,1764136856,1764136856,0
LTE,470,2,8103,33370637,-1,90.4171,23.7785,1000,1,1,1764136856,1764136856,0
GSM,470,1,21013,10726,-1,90.417,23.7788,1000,12,1,1764137747,1764732483,0
GSM,470,1,21013,4081,-1,90.4171,23.7785,1000,2,1,1764138749,1764149821,0
UMTS,470,1,1033,888567,-1,90.4171,23.7785,1000,2,1,1764139568,1764217083,0
GSM,470,2,92,20624,-1,90.4183,23.7786,1000,5,1,1764149289,1764210845,0
GSM,470,1,21013,10727,-1,90.4175,23.7782,1000,5,1,1764149289,1764469755,0
GSM,470,1,21013,3242,-1,90.4186,23.779,1000,5,1,1764149289,1764210845,0
GSM,470,1,21013,26553,-1,90.4179,23.7792,1000,5,1,1764149289,1764210845,0
GSM,470,2,92,12663,-1,90.4186,23.7792,1000,7,1,1764149289,1764210845,0
GSM,470,1,21013,3240,-1,90.4188,23.7793,1000,2,1,1764149289,1764149341,0
GSM,470,1,21013,3241,-1,90.4182,23.7794,1000,1,1,1764149289,1764149289,0
GSM,470,1,21013,26552,-1,90.4172,23.7795,1000,3,1,1764149289,1764149341,0
LTE,470,1,43321,77425956,-1,91.7816,22.2685,1000,1,1,1764148429,1764148429,0
LTE,470,3,2056,5259010,-1,91.7816,22.2685,1000,1,1,1764148429,1764148429,0
GSM,470,1,21013,55344,-1,90.4173,23.7772,1000,8,1,1764163939,1764732483,0
GSM,470,2,92,42566,-1,90.4173,23.7762,1000,21,1,1764163979,1764840721,0
GSM,470,1,21013,44759,-1,90.4164,23.7751,1000,3,1,1764164049,1764168961,0
GSM,470,2,92,42565,-1,90.4167,23.7726,1000,17,1,1764164189,1764840663,0
GSM,470,1,21013,26327,-1,90.4167,23.7746,1000,5,1,1764164189,1764469755,0
GSM,470,1,21013,18203,-1,90.4165,23.7739,1000,13,1,1764164299,1764840721,0
GSM,470,1,21013,14598,-1,90.4188,23.7719,1000,3,1,1764164359,1764168962,0
GSM,470,2,92,7,-1,90.4189,23.7701,1000,5,1,1764164409,1764168962,0
GSM,470,2,98,4455,-1,90.4213,23.7692,1000,6,1,1764164520,1764840662,0
GSM,470,1,21031,27267,-1,90.4203,23.769,1000,14,1,1764164520,1764840662,0
GSM,470,2,92,42971,-1,90.4216,23.7714,1000,1,1,1764164540,1764164540,0
GSM,470,2,92,42970,-1,90.4224,23.7709,1000,4,1,1764164590,1764168962,0
GSM,470,2,98,4453,-1,90.4219,23.7686,1000,5,1,1764164770,1764840662,0
GSM,470,1,21031,59662,-1,90.416,23.7683,1000,6,1,1764165051,1764840663,0
GSM,470,2,204,4598,-1,90.4125,23.7683,1000,10,1,1764165071,1764840663,0
GSM,470,2,204,1266,-1,90.4109,23.7666,1000,7,1,1764165081,1764469755,0
GSM,470,1,21030,15226,-1,90.4125,23.7702,571,29,1,1764165071,1764840663,0
GSM,470,2,204,42413,-1,90.4111,23.7641,1000,8,1,1764165111,1764469755,0
GSM,470,1,21031,9545,-1,90.4108,23.764,1000,6,1,1764165131,1764642901,0
GSM,470,2,204,20675,-1,90.4107,23.7611,1000,1,1,1764165151,1764165151,0
GSM,470,2,204,6885,-1,90.4083,23.7602,1000,15,1,1764165161,1764469755,0
GSM,470,1,21031,46244,-1,90.406,23.7581,1000,3,1,1764165231,1764168962,0
GSM,470,2,204,4389,-1,90.4057,23.7579,1000,2,1,1764165241,1764168962,0
GSM,470,2,204,4390,-1,90.4044,23.7579,1000,4,1,1764165261,1764210843,0
GSM,470,1,21031,46245,-1,90.406,23.7597,1000,15,1,1764165261,1764642901,0
GSM,470,1,21031,44915,-1,90.4043,23.7548,1000,4,1,1764165341,1764168962,0
GSM,470,1,21037,12812,-1,90.4028,23.7557,1000,10,1,1764165792,1764642901,0
GSM,470,2,204,42206,-1,90.4017,23.7543,1000,8,1,1764166033,1764469754,0
GSM,470,1,21031,44917,-1,90.4014,23.7537,1000,2,1,1764166033,1764168962,0
GSM,470,1,21037,16133,-1,90.4004,23.7534,1000,7,1,1764166373,1764469754,0
GSM,470,2,204,42263,-1,90.4007,23.7535,1000,2,1,1764166383,1764469754,0
GSM,470,2,108,65527,-1,90.3977,23.7517,1000,11,1,1764166393,1764210843,0
GSM,470,1,21037,54664,-1,90.4009,23.7537,1000,11,1,1764166413,1764642901,0
GSM,470,1,21039,11039,-1,90.3963,23.7508,1000,4,1,1764166444,1764168962,0
GSM,470,2,109,929,-1,90.3949,23.7504,1000,1,1,1764166734,1764166734,0
GSM,470,1,21037,3221,-1,90.3939,23.7503,1000,11,1,1764166734,1764642901,0
GSM,470,2,108,894,-1,90.3944,23.7503,1000,13,1,1764166754,1764469754,0
GSM,470,2,108,18694,-1,90.3916,23.7503,1000,5,1,1764167085,1764210841,0
GSM,470,2,108,42188,-1,90.3902,23.7505,1000,7,1,1764167135,1764469754,0
GSM,470,1,21037,46228,-1,90.3905,23.7504,1000,1,1,1764167135,1764167135,0
GSM,470,1,21037,16111,-1,90.3906,23.7505,1000,9,1,1764167175,1764469754,0
GSM,470,1,21033,55858,-1,90.3899,23.7506,1000,8,1,1764167195,1764642901,0
GSM,470,1,21033,26208,-1,90.3871,23.7512,1000,9,1,1764167536,1764210841,0
GSM,470,1,21033,45604,-1,90.3849,23.7522,1000,14,1,1764167636,1764642901,0
GSM,470,2,1328,21784,-1,90.3814,23.7527,1000,2,1,1764167726,1764168962,0
GSM,470,1,21033,8355,-1,90.3827,23.7526,1000,9,1,1764167726,1764642901,0
GSM,470,2,1328,42229,-1,90.3799,23.7521,1000,5,1,1764167806,1764408962,0
GSM,470,2,1328,922,-1,90.3775,23.7528,1000,24,1,1764167816,1764925742,0
GSM,470,2,108,4169,-1,90.3751,23.7557,500,25,1,1764167897,1764931682,0
GSM,470,2,108,4171,-1,90.3746,23.7578,1000,15,1,1764167997,1764931682,0
GSM,470,1,21033,61423,-1,90.3753,23.7574,1000,7,1,1764167997,1764931682,0
GSM,470,1,21033,61424,-1,90.3742,23.7583,1000,8,1,1764168027,1764640682,0
GSM,470,2,108,4182,-1,90.3734,23.7597,1000,16,1,1764168047,1764931682,0
GSM,470,1,21033,10064,-1,90.3731,23.7598,1000,1,1,1764168137,1764168137,0
GSM,470,1,21033,52164,-1,90.3762,23.7549,1000,18,1,1764168157,1764931682,0
GSM,470,1,21033,61422,-1,90.373,23.7601,1000,6,1,1764168197,1764931682,0
GSM,470,1,21033,46339,-1,90.3723,23.761,1000,12,1,1764168257,1764931682,0
GSM,470,2,108,4162,-1,90.3745,23.7597,536,26,1,1764168267,1764931682,0
GSM,470,2,108,5005,-1,90.3727,23.7603,1000,10,1,1764168287,1764931682,0
GSM,470,2,108,5017,-1,90.3707,23.7635,1000,16,1,1764168307,1764945601,0
GSM,470,1,21034,46224,-1,90.3704,23.7632,1000,15,1,1764168307,1764931682,0
GSM,470,2,107,5014,-1,90.3687,23.7625,1000,6,1,1764168388,1764931682,0
GSM,470,1,21034,16013,-1,90.3678,23.7627,1000,7,1,1764168388,1764931682,0
GSM,470,1,21034,55340,-1,90.3658,23.7635,1000,2,1,1764168458,1764168963,0
GSM,470,1,21034,16014,-1,90.3661,23.7627,1000,2,1,1764168478,1764931682,0
GSM,470,2,107,5016,-1,90.3663,23.7642,1000,24,1,1764168518,1764945601,0
GSM,470,1,21027,59871,-1,90.3654,23.7647,1000,15,1,1764168518,1764931682,0
GSM,470,2,223,3460,-1,90.3643,23.766,1000,10,1,1764168538,1764945601,0
GSM,470,2,223,22706,-1,90.3643,23.7667,1000,12,1,1764168558,1764945601,0
GSM,470,1,21027,25732,-1,90.3639,23.7663,1000,17,1,1764168558,1764931682,0
GSM,470,2,223,3461,-1,90.3627,23.7676,1000,8,1,1764168658,1764931682,0
GSM,470,1,21034,41675,-1,90.3627,23.7676,1000,3,1,1764168658,1764168963,0
GSM,470,2,223,12606,-1,90.3617,23.7682,1000,10,1,1764168708,1764945601,0
GSM,470,1,21027,8489,-1,90.3614,23.7683,1000,4,1,1764168708,1764168963,0
GSM,470,2,223,12608,-1,90.3603,23.7684,1000,9,1,1764168748,1764945601,0
GSM,470,1,21027,17807,-1,90.36,23.7686,1000,8,1,1764168788,1764931682,0
GSM,470,2,223,3043,-1,90.3588,23.7699,1000,24,1,1764168788,1764596641,0
GSM,470,2,223,11344,-1,90.3586,23.7685,1000,18,1,1764168808,1764945601,0
GSM,470,2,223,4980,-1,90.3582,23.7713,1000,19,1,1764168939,1764945601,0
GSM,470,2,223,4981,-1,90.356,23.7713,1000,7,1,1764168929,1764931682,0
GSM,470,2,223,12072,-1,90.3545,23.7725,1000,14,1,1764168929,1764945601,0
GSM,470,2,223,12089,-1,90.3535,23.7743,1000,14,1,1764168929,1764945601,0
GSM,470,2,223,5050,-1,90.3523,23.7761,1000,2,1,1764168929,1764310021,0
GSM,470,1,21027,58405,-1,90.3533,23.7746,1000,12,1,1764168929,1764931682,0
GSM,470,2,223,64783,-1,90.3524,23.7762,500,25,1,1764168929,1764945601,0
GSM,470,2,223,4015,-1,90.352,23.7771,1000,2,1,1764168929,1764168963,0
GSM,470,1,21027,2807,-1,90.3523,23.7761,1000,12,1,1764168929,1764732481,0
GSM,470,1,21027,17631,-1,90.3523,23.7766,1000,8,1,1764168929,1764931682,0
GSM,470,1,21027,331,-1,90.3582,23.7713,1000,12,1,1764209520,1764640682,0
GSM,470,2,223,310,-1,90.3611,23.7706,1000,10,1,1764209600,1764931682,0
GSM,470,2,223,312,-1,90.3628,23.7702,1000,11,1,1764209670,1764931682,0
GSM,470,2,223,42233,-1,90.3644,23.7704,1000,4,1,1764209720,1764732482,0
GSM,470,2,223,42235,-1,90.3655,23.7703,1000,4,1,1764209730,1764210787,0
GSM,470,2,223,5013,-1,90.3674,23.7705,1000,10,1,1764209800,1764732482,0
GSM,470,1,21029,49644,-1,90.3673,23.7704,1000,2,1,1764209810,1764469754,0
GSM,470,2,223,5011,-1,90.3687,23.7699,1000,23,1,1764209840,1764732482,0
GSM,470,1,21029,4415,-1,90.3687,23.7696,1000,11,1,1764209890,1764640682,0
GSM,470,1,21034,16338,-1,90.3706,23.765,1000,20,1,1764209910,1764640682,0
GSM,470,1,21033,46834,-1,90.376,23.7582,1000,13,1,1764210121,1764931682,0
GSM,470,2,1328,920,-1,90.3776,23.7526,1000,1,1,1764210401,1764210401,0
GSM,470,2,1328,42228,-1,90.3806,23.7524,1000,1,1,1764210451,1764210451,0
GSM,470,2,1328,855,-1,90.3818,23.753,1000,1,1,1764210481,1764210481,0
GSM,470,1,21033,8354,-1,90.3844,23.7528,1000,1,1,1764210532,1764210532,0
GSM,470,1,21037,37449,-1,90.3939,23.7499,1000,7,1,1764210782,1764642901,0
GSM,470,1,21037,38938,-1,90.3966,23.7511,1000,7,1,1764210782,1764469754,0
GSM,470,2,109,3653,-1,90.3986,23.7523,1000,17,1,1764210782,1764469754,0
GSM,470,2,204,42415,-1,90.4096,23.7631,1000,1,1,1764210802,1764210802,0
GSM,470,2,204,42414,-1,90.4095,23.7632,1000,6,1,1764210802,1764469755,0
GSM,470,2,204,4654,-1,90.4108,23.7658,1000,2,1,1764210802,1764210843,0
GSM,470,1,21031,16142,-1,90.4111,23.769,1000,10,1,1764210802,1764642901,0
GSM,470,2,204,1269,-1,90.4105,23.7688,1000,8,1,1764210802,1764469755,0
GSM,470,2,204,4599,-1,90.4126,23.7707,1000,10,1,1764210802,1764840663,0
GSM,470,2,204,3639,-1,90.414,23.7723,1000,7,1,1764210802,1764840663,0
GSM,470,1,21013,26326,-1,90.4168,23.7752,1000,10,1,1764210802,1764210844,0
GSM,470,1,21013,18289,-1,90.4182,23.7786,1000,3,1,1764210816,1764642902,0
LTE,470,1,56192,25683469,-1,90.3564,23.7712,1000,1,1,1764209439,1764209439,0
LTE,470,2,8113,33280524,-1,90.3558,23.7712,1000,5,1,1764209429,1764640682,0
LTE,470,1,56192,25683467,-1,90.3574,23.7709,1000,5,1,1764209429,1764945602,0
GSM,470,1,21013,26325,-1,90.4176,23.776,1000,4,1,1764250479,1764642902,0
GSM,470,2,1328,938,-1,90.3816,23.7513,1000,3,1,1764254982,1764255304,0
GSM,470,1,21033,10234,-1,90.3816,23.7518,1000,5,1,1764254992,1764255304,0
GSM,470,2,1328,937,-1,90.3813,23.7524,1000,3,1,1764255082,1764255304,0
GSM,470,1,21033,11270,-1,90.3739,23.7556,1000,4,1,1764255248,1764931682,0
GSM,470,1,21033,14255,-1,90.3728,23.7605,1000,12,1,1764255248,1764931682,0
GSM,470,1,21033,16016,-1,90.3711,23.7614,1000,3,1,1764255248,1764931682,0
GSM,470,2,108,5019,-1,90.3693,23.7646,1000,6,1,1764255248,1764945601,0
LTE,470,2,8103,33400077,-1,90.417,23.7755,1000,9,1,1764250519,1764642902,0
LTE,470,1,58243,25640775,-1,90.4173,23.7755,1000,1,1,1764250519,1764250519,0
LTE,470,1,58243,25640767,-1,90.4164,23.7748,1000,4,1,1764250539,1764255307,0
LTE,470,2,8103,33400076,-1,90.4154,23.7735,1000,2,1,1764250569,1764642902,0
LTE,470,2,8103,33372427,-1,90.4172,23.7707,1000,5,1,1764250579,1764642902,0
LTE,470,2,8103,34457113,-1,90.4157,23.7731,1000,4,1,1764250599,1764642902,0
LTE,470,1,58243,25640510,-1,90.416,23.7731,1000,4,1,1764250599,1764255308,0
LTE,470,2,8103,33307149,-1,90.417,23.7725,1000,12,1,1764250639,1764642902,0
LTE,470,1,56232,25864765,-1,90.4178,23.7724,1000,3,1,1764250649,1764255308,0
LTE,470,1,58243,25640766,-1,90.417,23.7729,1000,1,1,1764250659,1764250659,0
LTE,470,1,56242,26858301,-1,90.4176,23.773,1000,1,1,1764250669,1764250669,0
LTE,470,1,56232,25642046,-1,90.418,23.7729,1000,1,1,1764250679,1764250679,0
LTE,470,2,8103,33307148,-1,90.4193,23.7699,1000,10,1,1764250719,1764513782,0
LTE,470,1,58243,25706765,-1,90.4187,23.7715,1000,1,1,1764250729,1764250729,0
LTE,470,1,56242,25832971,-1,90.4192,23.7711,1000,1,1,1764250739,1764250739,0
LTE,470,2,8112,34243851,-1,90.4212,23.7706,1000,6,1,1764250749,1764513782,0
LTE,470,1,56242,27205133,-1,90.4205,23.771,1000,2,1,1764250749,1764255308,0
LTE,470,1,56242,26858251,-1,90.4205,23.7709,1000,2,1,1764250759,1764255308,0
LTE,470,2,8107,33463821,-1,90.4217,23.7709,1000,4,1,1764250769,1764513782,0
LTE,470,2,8103,33312012,-1,90.4216,23.7712,1000,3,1,1764250789,1764513782,0
LTE,470,1,58242,25693964,-1,90.4218,23.7713,1000,2,1,1764250789,1764255308,0
LTE,470,1,56252,25696269,-1,90.4228,23.7701,1000,5,1,1764250809,1764255309,0
LTE,470,2,8107,34506765,-1,90.4248,23.7673,1000,5,1,1764250839,1766868303,0
LTE,470,2,8107,33463819,-1,90.4228,23.7695,1000,2,1,1764250859,1764513782,0
LTE,470,1,56242,26675467,-1,90.4227,23.7681,1000,6,1,1764250910,1783724045,0
LTE,470,1,56252,25696289,-1,90.4208,23.7688,1000,11,1,1764251000,1764513782,0
LTE,470,2,8112,34350122,-1,90.4204,23.7683,1000,1,1,1764251010,1764251010,0
LTE,470,1,56242,25832994,-1,90.4183,23.7685,1000,2,1,1764251050,1764513782,0
LTE,470,1,56242,27137311,-1,90.4171,23.7704,1000,9,1,1764251071,1764513782,0
LTE,470,2,8112,33467915,-1,90.4177,23.7686,1000,1,1,1764251071,1764251071,0
LTE,470,2,8112,33467917,-1,90.4157,23.7684,1000,6,1,1764251081,1764513782,0
LTE,470,1,56242,27137313,-1,90.415,23.7681,1000,3,1,1764251101,1764255309,0
LTE,470,2,8103,34443020,-1,90.4144,23.7677,1000,1,1,1764251121,1764251121,0
LTE,470,2,8112,34102825,-1,90.4115,23.7666,1000,7,1,1764251131,1764642902,0
LTE,470,1,56232,25865995,-1,90.4138,23.767,1000,2,1,1764251131,1764255309,0
LTE,470,1,56232,25866015,-1,90.4128,23.766,1000,1,1,1764251161,1764251161,0
LTE,470,2,8112,34350126,-1,90.4123,23.7654,1000,1,1,1764251171,1764251171,0
LTE,470,1,56242,25833505,-1,90.4121,23.7649,1000,3,1,1764251171,1764255309,0
LTE,470,2,8112,33468688,-1,90.4121,23.7647,1000,2,1,1764251181,1764255309,0
LTE,470,1,56242,27137569,-1,90.4116,23.7633,1000,3,1,1764251201,1764255309,0
LTE,470,2,8112,33468685,-1,90.4117,23.7638,1000,3,1,1764251201,1764513782,0
LTE,470,2,8112,33704459,-1,90.4106,23.7637,1000,3,1,1764251211,1764642902,0
LTE,470,2,8112,34478093,-1,90.4115,23.7648,1000,8,1,1764251221,1764642902,0
LTE,470,1,56242,25786911,-1,90.4112,23.7623,1000,1,1,1764251231,1764251231,0
LTE,470,1,56242,25786913,-1,90.4107,23.7608,1000,3,1,1764251241,1764255309,0
LTE,470,2,8112,34478092,-1,90.4077,23.7603,1000,6,1,1764251251,1764642902,0
LTE,470,1,56243,25786400,-1,90.4082,23.7586,1000,5,1,1764251261,1764255309,0
LTE,470,2,8112,33899019,-1,90.4106,23.7595,1000,2,1,1764251281,1764255309,0
LTE,470,1,56243,25787168,-1,90.4083,23.7587,1000,4,1,1764251291,1764255309,0
LTE,470,2,8112,33697291,-1,90.4087,23.7588,1000,2,1,1764251301,1764255309,0
LTE,470,2,8112,33704460,-1,90.4096,23.7608,1000,4,1,1764251311,1764642902,0
LTE,470,1,56243,25787169,-1,90.4052,23.7569,1000,6,1,1764251371,1764513782,0
LTE,470,1,56243,26837791,-1,90.4045,23.7555,1000,6,1,1764251381,1764513782,0
LTE,470,1,56243,26837793,-1,90.4028,23.7539,1000,8,1,1764251401,1764513782,0
LTE,470,2,8112,34079507,-1,90.402,23.7538,1000,2,1,1764251692,1764255310,0
LTE,470,2,8112,33605901,-1,90.4015,23.7539,1000,3,1,1764252323,1764642902,0
LTE,470,1,56302,25864992,-1,90.4007,23.7534,1000,3,1,1764252323,1764513782,0
LTE,470,1,56302,26588191,-1,90.3992,23.7526,1000,5,1,1764252674,1764513782,0
LTE,470,2,8431,33811497,-1,90.3972,23.7513,1000,7,1,1764252684,1764513782,0
LTE,470,1,56322,25821983,-1,90.3983,23.7519,1000,2,1,1764252694,1764513782,0
LTE,470,1,56302,25771296,-1,90.3976,23.7515,1000,3,1,1764252714,1764513782,0
LTE,470,1,56302,27340575,-1,90.3971,23.7512,1000,2,1,1764252724,1764513782,0
LTE,470,1,56302,27340577,-1,90.396,23.7507,1000,7,1,1764252734,1764513782,0
LTE,470,2,8431,34097193,-1,90.3952,23.7504,1000,2,1,1764252754,1764513782,0
LTE,470,2,8431,34097205,-1,90.3936,23.7501,1000,6,1,1764252764,1764255310,0
LTE,470,1,56303,26313761,-1,90.3942,23.7502,1000,5,1,1764252764,1764513782,0
LTE,470,1,56303,25773344,-1,90.3926,23.75,1000,8,1,1764252914,1764513782,0
LTE,470,2,8431,34349353,-1,90.3905,23.7504,1000,6,1,1764252954,1764513782,0
LTE,470,1,56303,25773343,-1,90.391,23.7504,1000,1,1,1764252964,1764252964,0
LTE,470,1,56303,25756959,-1,90.3899,23.7506,1000,4,1,1764252974,1764255310,0
LTE,470,2,8431,34349352,-1,90.3899,23.7506,1000,2,1,1764253074,1764255310,0
LTE,470,2,8431,258663220,-1,90.3884,23.7509,1000,3,1,1764253115,1764255310,0
LTE,470,1,56263,27367968,-1,90.3879,23.7509,1000,3,1,1764253135,1764255310,0
LTE,470,2,8425,258648372,-1,90.3866,23.7512,1000,8,1,1764253175,1764513782,0
LTE,470,1,56263,27367969,-1,90.3866,23.7513,1000,9,1,1764253225,1764945601,0
LTE,470,1,56263,27114529,-1,90.3856,23.7518,1000,1,1,1764253325,1764253325,0
LTE,470,2,8425,258647592,-1,90.3852,23.7522,1000,1,1,1764253355,1764253355,0
LTE,470,1,56263,25760799,-1,90.3846,23.7525,1000,9,1,1764253355,1764513782,0
LTE,470,2,8425,33352203,-1,90.385,23.7525,1000,1,1,1764253365,1764253365,0
LTE,470,2,8425,33980179,-1,90.3842,23.7528,1000,2,1,1764253395,1764513782,0
LTE,470,1,56263,25874465,-1,90.3826,23.7526,1000,6,1,1764253415,1764513782,0
LTE,470,2,8431,33686546,-1,90.3824,23.7524,1000,1,1,1764253535,1764253535,0
LTE,470,2,8425,33974546,-1,90.3826,23.7516,1000,4,1,1764253555,1764255310,0
LTE,470,1,56263,25761549,-1,90.3826,23.7514,1000,3,1,1764253565,1764255310,0
GSM,470,2,223,4016,-1,90.3521,23.777,1000,7,1,1764309231,1764931682,0
GSM,470,2,223,3223,-1,90.3603,23.7717,1000,9,1,1764309662,1764931682,0
GSM,470,1,21027,332,-1,90.3594,23.7707,1000,15,1,1764309662,1764931682,0
GSM,470,1,21029,2554,-1,90.3627,23.774,1000,24,1,1764309823,1764408963,0
GSM,470,2,223,4986,-1,90.3637,23.7744,1000,6,1,1764309843,1764311583,0
GSM,470,1,21027,59503,-1,90.3619,23.7737,1000,7,1,1764309873,1764310021,0
GSM,470,1,21029,11527,-1,90.3618,23.7738,1000,7,1,1764309964,1764311583,0
GSM,470,1,21027,35263,-1,90.3617,23.7734,1000,4,1,1764309964,1764310021,0
GSM,470,2,223,18095,-1,90.3609,23.7742,1000,1,1,1764309964,1764309964,0
GSM,470,2,223,3042,-1,90.3588,23.7701,1000,8,1,1764309965,1764945601,0
GSM,470,2,223,5051,-1,90.3525,23.7762,1000,4,1,1764309965,1764732481,0
GSM,470,2,223,22062,-1,90.3646,23.775,1000,2,1,1764311551,1764311583,0
GSM,470,2,223,3222,-1,90.3601,23.7719,1000,1,1,1764311551,1764311551,0
LTE,470,2,8113,33284107,-1,90.3589,23.7699,1000,1,1,1764311816,1764311816,0
LTE,470,1,56192,26663712,-1,90.3593,23.7694,1000,7,1,1764311816,1764596642,0
GSM,470,1,21034,45079,-1,90.3585,23.7682,1000,4,1,1764313348,1764408963,0
GSM,470,2,223,4982,-1,90.3561,23.7719,1000,3,1,1764313348,1764408963,0
LTE,470,1,56263,25761301,-1,90.3804,23.7522,1000,2,1,1764401562,1764408963,0
GSM,470,1,21033,45951,-1,90.3805,23.7524,1000,2,1,1764403434,1764408962,0
GSM,470,2,108,4170,-1,90.3727,23.7549,1000,9,1,1764406276,1764931682,0
GSM,470,2,1328,983,-1,90.3709,23.7537,1000,10,1,1764406296,1764931682,0
GSM,470,1,21033,16053,-1,90.3704,23.7534,1000,7,1,1764406306,1764931682,0
GSM,470,2,107,19084,-1,90.37,23.7532,1000,7,1,1764406597,1764931682,0
GSM,470,1,21033,16052,-1,90.3711,23.7539,1000,5,1,1764407829,1764931682,0
GSM,470,2,107,5020,-1,90.3725,23.7548,1000,1,1,1764407849,1764407849,0
GSM,470,1,21033,46338,-1,90.3737,23.7593,1000,7,1,1764407970,1764931682,0
GSM,470,2,223,22705,-1,90.3686,23.7675,1000,10,1,1764408721,1764596641,0
GSM,470,1,21029,41056,-1,90.3691,23.7686,1000,2,1,1764408752,1764408962,0
GSM,470,2,223,3070,-1,90.3707,23.7698,1000,13,1,1764408772,1764732482,0
GSM,470,2,223,42162,-1,90.3662,23.7738,1000,6,1,1764408872,1764408963,0
GSM,470,1,21029,15017,-1,90.3671,23.7729,1000,1,1,1764408892,1764408892,0
GSM,470,1,21029,18807,-1,90.3662,23.7742,1000,2,1,1764408902,1764408962,0
GSM,470,1,21029,23157,-1,90.365,23.7748,1000,2,1,1764408942,1764408962,0
GSM,470,2,223,5010,-1,90.364,23.7744,1000,1,1,1764408930,1764408930,0
GSM,470,1,21029,23158,-1,90.3629,23.774,1000,2,1,1764408930,1764408963,0
GSM,470,2,223,4992,-1,90.3606,23.7727,1000,1,1,1764408930,1764408930,0
GSM,470,2,223,3575,-1,90.3554,23.7718,1000,1,1,1764408930,1764408930,0
LTE,470,1,56262,25762061,-1,90.3768,23.7535,1000,4,1,1764406186,1764513783,0
GSM,470,1,21541,64243,-1,89.7608,25.1777,1000,2,1,1764422714,1764422763,0
LTE,470,2,61141,51231245,-1,89.7608,25.1777,1000,2,1,1764422717,1764422763,0
GSM,470,1,21029,2182,-1,90.37,23.7663,1000,2,1,1764469364,1764469754,0
GSM,470,2,1328,939,-1,90.3818,23.7526,1000,2,1,1764469712,1764469754,0
GSM,470,1,21037,26219,-1,90.3946,23.7504,1000,3,1,1764469714,1764469754,0
GSM,470,1,21037,38937,-1,90.3988,23.7523,1000,3,1,1764469714,1764469754,0
GSM,470,1,21031,45203,-1,90.405,23.7591,1000,5,1,1764469714,1764469755,0
GSM,470,1,21031,46243,-1,90.4068,23.7604,1000,3,1,1764469714,1764642901,0
GSM,470,1,21031,9546,-1,90.4089,23.7625,1000,12,1,1764469714,1764642901,0
GSM,470,1,21030,28629,-1,90.4106,23.7687,1000,6,1,1764469714,1764469755,0
GSM,470,1,21030,58417,-1,90.4134,23.772,1000,3,1,1764469715,1764642901,0
GSM,470,1,21030,58416,-1,90.4147,23.7726,1000,1,1,1764469715,1764469715,0
GSM,470,1,21013,18202,-1,90.4164,23.7752,1000,4,1,1764469715,1764642901,0
GSM,470,2,92,1272,-1,90.4172,23.7754,1000,2,1,1764469715,1764469755,0
LTE,470,2,8113,34389260,-1,90.3548,23.7721,1000,6,1,1764468823,1764640682,0
LTE,470,2,8113,33280523,-1,90.358,23.7713,1000,7,1,1764468873,1764640682,0
LTE,470,2,8113,33283852,-1,90.3601,23.7718,1000,9,1,1764468953,1764640682,0
LTE,470,2,8113,33516301,-1,90.3609,23.7708,1000,6,1,1764469083,1764640682,0
LTE,470,2,8113,33516300,-1,90.3607,23.7706,1000,2,1,1764469093,1764640682,0
LTE,470,2,8113,33516299,-1,90.3625,23.7705,1000,5,1,1764469123,1764640682,0
LTE,470,2,8113,33521933,-1,90.3639,23.7707,1000,3,1,1764469153,1764640682,0
LTE,470,2,8113,33521932,-1,90.3645,23.7703,1000,3,1,1764469183,1764640682,0
LTE,470,2,8113,34538765,-1,90.3651,23.7703,1000,2,1,1764469193,1764640682,0
LTE,470,2,8113,33521931,-1,90.3653,23.7704,1000,1,1,1764469203,1764469203,0
LTE,470,2,8113,33511693,-1,90.3666,23.7704,1000,4,1,1764469213,1764640682,0
LTE,470,2,8113,33511691,-1,90.3674,23.7705,1000,6,1,1764469233,1764640682,0
LTE,470,2,8113,33522187,-1,90.368,23.7712,1000,2,1,1764469294,1764640682,0
LTE,470,2,8113,33694476,-1,90.3688,23.7695,1000,1,1,1764469324,1764469324,0
LTE,470,2,8113,34538763,-1,90.3695,23.7676,1000,5,1,1764469334,1764640682,0
LTE,470,2,8431,33513997,-1,90.3705,23.7651,1000,6,1,1764469374,1764640682,0
LTE,470,2,8113,33690636,-1,90.3705,23.7653,1000,1,1,1764469394,1764469394,0
LTE,470,2,8431,33513995,-1,90.3714,23.7632,1000,4,1,1764469404,1764640682,0
LTE,470,2,8431,34504473,-1,90.3727,23.7609,1000,8,1,1764469434,1764640682,0
LTE,470,2,8431,34504472,-1,90.3732,23.76,1000,3,1,1764469454,1764513783,0
LTE,470,2,8431,33516043,-1,90.3737,23.759,1000,5,1,1764469474,1764640682,0
LTE,470,2,8431,34469400,-1,90.3758,23.7583,1000,5,1,1764469514,1764640682,0
LTE,470,2,8431,33511437,-1,90.377,23.7584,1000,1,1,1764469544,1764469544,0
LTE,470,2,8431,34469401,-1,90.3743,23.7581,1000,3,1,1764469604,1764513783,0
LTE,470,2,8431,33353229,-1,90.3747,23.7574,1000,3,1,1764469614,1764640682,0
LTE,470,2,8431,33353227,-1,90.3755,23.756,1000,7,1,1764469624,1764640682,0
LTE,470,2,8431,33511436,-1,90.3761,23.7552,1000,5,1,1764469684,1764640682,0
LTE,470,2,8425,33485581,-1,90.3797,23.7521,1000,1,1,1764469718,1764469718,0
LTE,470,1,56302,26383371,-1,90.3932,23.7501,1000,1,1,1764469718,1764469718,0
LTE,470,2,8103,34345747,-1,90.4166,23.7752,1000,4,1,1764510290,1764513782,0
LTE,470,1,58243,25640735,-1,90.4169,23.7754,1000,2,1,1764510290,1764513782,0
LTE,470,1,58243,25640737,-1,90.4163,23.7746,1000,4,1,1764510330,1764513782,0
LTE,470,2,8103,34345746,-1,90.4161,23.7738,1000,2,1,1764510480,1764513782,0
LTE,470,2,8103,33990417,-1,90.416,23.7734,1000,3,1,1764510500,1764513782,0
LTE,470,1,58243,27369247,-1,90.4161,23.7735,1000,1,1,1764510520,1764510520,0
LTE,470,1,58243,27369249,-1,90.4159,23.7729,1000,3,1,1764510540,1764513782,0
LTE,470,2,8103,33957395,-1,90.4161,23.7726,1000,1,1,1764510580,1764510580,0
LTE,470,1,58243,25697057,-1,90.4177,23.773,1000,1,1,1764510610,1764510610,0
LTE,470,1,56232,25864725,-1,90.4185,23.7719,1000,1,1,1764510640,1764510640,0
LTE,470,1,56242,25832981,-1,90.4192,23.7711,1000,2,1,1764510650,1764513782,0
LTE,470,1,56242,25837334,-1,90.4204,23.7708,1000,1,1,1764510671,1764510671,0
LTE,470,1,56252,25832727,-1,90.4227,23.7692,1000,7,1,1764510681,1783724046,0
LTE,470,1,58242,25693984,-1,90.4217,23.7714,1000,1,1,1764510701,1764510701,0
LTE,470,2,8107,34016017,-1,90.4225,23.7688,1000,2,1,1764510751,1764513782,0
LTE,470,1,56242,26675487,-1,90.4231,23.7686,1000,5,1,1764510751,1783724104,0
LTE,470,1,56242,27205153,-1,90.4221,23.7681,1000,1,1,1764510821,1764510821,0
LTE,470,1,56242,27137293,-1,90.4148,23.7679,1000,1,1,1764510891,1764510891,0
LTE,470,2,8112,33701131,-1,90.4135,23.7667,1000,3,1,1764510901,1764513782,0
LTE,470,1,56232,25864716,-1,90.4139,23.7671,1000,1,1,1764510901,1764510901,0
LTE,470,1,56232,25865998,-1,90.4133,23.7665,1000,2,1,1764510911,1764513782,0
LTE,470,1,56242,25786891,-1,90.4116,23.7633,1000,3,1,1764510931,1764513782,0
LTE,470,1,56242,25833485,-1,90.4121,23.7649,1000,1,1,1764510941,1764510941,0
LTE,470,1,56242,27137549,-1,90.4116,23.7635,1000,3,1,1764510951,1764513782,0
LTE,470,1,56242,25786893,-1,90.4106,23.7599,1000,4,1,1764511001,1764513782,0
LTE,470,2,8112,33899050,-1,90.4102,23.7595,1000,6,1,1764511011,1764513782,0
LTE,470,1,56243,26076939,-1,90.4106,23.7607,1000,1,1,1764511011,1764511011,0
LTE,470,1,56243,25786380,-1,90.4085,23.7585,1000,3,1,1764511111,1764513782,0
LTE,470,2,8112,33697322,-1,90.4075,23.7585,1000,6,1,1764511121,1764513782,0
LTE,470,1,56243,25787148,-1,90.408,23.7586,1000,3,1,1764511131,1764513782,0
LTE,470,1,56243,25787147,-1,90.4068,23.7585,1000,3,1,1764511171,1764513782,0
LTE,470,2,8112,33697327,-1,90.4044,23.7552,1000,9,1,1764511482,1764513782,0
LTE,470,1,56302,26839072,-1,90.4034,23.7541,1000,2,1,1764511712,1764513782,0
LTE,470,2,8112,33705228,-1,90.3992,23.7525,1000,1,1,1764512143,1764512143,0
LTE,470,2,8110,33604877,-1,90.3977,23.7515,1000,6,1,1764512153,1764513782,0
LTE,470,2,8431,33689356,-1,90.3962,23.7507,1000,1,1,1764512544,1764512544,0
LTE,470,2,8431,33811496,-1,90.3959,23.7506,1000,1,1,1764512644,1764512644,0
LTE,470,1,56302,25771297,-1,90.3954,23.7505,1000,1,1,1764512764,1764512764,0
LTE,470,2,8431,33767210,-1,90.3908,23.7503,1000,1,1,1764513285,1764513285,0
LTE,470,1,56303,25756989,-1,90.3893,23.7506,1000,8,1,1764513285,1764513782,0
LTE,470,2,8431,258663221,-1,90.3884,23.7508,1000,4,1,1764513345,1764513782,0
LTE,470,2,8425,258648373,-1,90.3861,23.7514,1000,2,1,1764513749,1764513782,0
LTE,470,1,56263,25761567,-1,90.3843,23.7527,1000,1,1,1764513749,1764513749,0
LTE,470,2,8431,33690124,-1,90.383,23.7529,1000,1,1,1764513749,1764513749,0
LTE,470,2,8431,33760524,-1,90.3822,23.7528,1000,1,1,1764513749,1764513749,0
LTE,470,1,56263,25757471,-1,90.3818,23.7528,1000,1,1,1764513749,1764513749,0
LTE,470,1,56263,25761311,-1,90.3799,23.7521,1000,6,1,1764513749,1764513782,0
LTE,470,2,8425,33349131,-1,90.3802,23.7524,1000,1,1,1764513749,1764513749,0
LTE,470,1,56263,25759569,-1,90.378,23.7517,1000,3,1,1764513749,1764513783,0
LTE,470,1,56262,25726035,-1,90.3772,23.7528,1000,1,1,1764513749,1764513749,0
LTE,470,2,8425,33347595,-1,90.3769,23.7534,1000,1,1,1764513749,1764513749,0
LTE,470,1,56262,25725965,-1,90.3759,23.7553,1000,3,1,1764513749,1764513783,0
LTE,470,1,56262,26357003,-1,90.3751,23.7567,1000,2,1,1764513749,1764513783,0
LTE,470,1,56262,27345421,-1,90.3741,23.7583,1000,5,1,1764513749,1764925743,0
LTE,470,1,56262,25775371,-1,90.3736,23.7592,1000,1,1,1764513749,1764513749,0
LTE,470,1,56262,27344909,-1,90.3726,23.7602,1000,6,1,1764513749,1764925742,0
LTE,470,1,56262,27086093,-1,90.3721,23.7615,1000,5,1,1764513749,1764925743,0
LTE,470,2,8431,33510667,-1,90.3716,23.7616,1000,2,1,1764513749,1764513783,0
LTE,470,1,56262,25792524,-1,90.3703,23.7612,1000,2,1,1764513749,1764925742,0
LTE,470,1,56273,25831694,-1,90.3707,23.763,1000,3,1,1764513749,1764925743,0
LTE,470,2,8431,34039849,-1,90.3708,23.7622,1000,2,1,1764513749,1764513783,0
LTE,470,2,8431,34039861,-1,90.3699,23.7633,1000,5,1,1764513749,1764513783,0
LTE,470,1,56273,25831761,-1,90.3688,23.7635,1000,7,1,1764513749,1764945602,0
LTE,470,1,56273,25792287,-1,90.3679,23.7633,1000,3,1,1764513751,1764513783,0
LTE,470,2,8108,33513741,-1,90.3676,23.7632,1000,2,1,1764513751,1764513783,0
LTE,470,2,8108,33820427,-1,90.3662,23.7629,1000,3,1,1764513751,1764513783,0
LTE,470,1,56273,25791776,-1,90.3662,23.7629,1000,3,1,1764513751,1764513783,0
LTE,470,1,56193,27315233,-1,90.3657,23.7666,1000,7,1,1764513751,1764596642,0
LTE,470,2,8108,34039570,-1,90.3657,23.7636,1000,1,1,1764513751,1764513751,0
LTE,470,1,56193,25791010,-1,90.3646,23.7663,1000,8,1,1764513751,1764596642,0
LTE,470,2,8113,34043409,-1,90.3649,23.7654,1000,6,1,1764513751,1764513783,0
LTE,470,2,8113,34538770,-1,90.3638,23.7662,1000,2,1,1764513751,1764513783,0
LTE,470,1,56273,26554400,-1,90.3644,23.7656,1000,1,1,1764513751,1764513751,0
LTE,470,1,56273,26554403,-1,90.3643,23.7659,1000,1,1,1764513751,1764513751,0
LTE,470,1,56273,26554399,-1,90.3629,23.7672,1000,6,1,1764513751,1764596642,0
LTE,470,2,8113,34395153,-1,90.3621,23.7679,1000,6,1,1764513751,1764513783,0
LTE,470,1,56193,26901535,-1,90.3626,23.768,1000,3,1,1764513751,1764596642,0
LTE,470,1,56193,26901536,-1,90.3617,23.7682,1000,4,1,1764513751,1764596642,0
LTE,470,1,56192,25793567,-1,90.3607,23.7684,1000,3,1,1764513751,1764596642,0
LTE,470,2,8113,33944338,-1,90.3601,23.7685,1000,3,1,1764513751,1764513783,0
LTE,470,2,8113,34366733,-1,90.3586,23.7685,1000,6,1,1764513751,1764513783,0
LTE,470,1,56192,25789727,-1,90.3587,23.7689,1000,12,1,1764513751,1764596642,0
LTE,470,2,8113,33284108,-1,90.3587,23.7698,1000,2,1,1764513751,1764513783,0
LTE,470,2,8113,33944116,-1,90.3591,23.7706,1000,1,1,1764513751,1764513751,0
LTE,470,1,56192,26663711,-1,90.3588,23.7709,1000,2,1,1764513751,1764596642,0
LTE,470,1,56192,25683487,-1,90.3578,23.7714,1000,9,1,1764513751,1764596642,0
LTE,470,1,56192,25683489,-1,90.3561,23.7712,1000,5,1,1764513751,1764596642,0
LTE,470,1,56192,25681439,-1,90.3552,23.7714,1000,5,1,1764513751,1764596642,0
LTE,470,1,56192,25684768,-1,90.3548,23.772,1000,1,1,1764513751,1764513751,0
LTE,470,1,56192,25684769,-1,90.3546,23.7724,1000,4,1,1764513751,1764596642,0
LTE,470,2,8113,34389261,-1,90.3535,23.7741,1000,6,1,1764513751,1764926041,0
LTE,470,1,56192,25683233,-1,90.3539,23.7735,1000,6,1,1764513751,1764596642,0
LTE,470,1,56192,25683231,-1,90.3531,23.7749,1000,8,1,1764513752,1764596642,0
LTE,470,2,8113,33787403,-1,90.353,23.775,1000,1,1,1764513752,1764513752,0
LTE,470,2,8113,33544204,-1,90.3524,23.7761,1000,3,1,1764513752,1764513783,0
LTE,470,1,56193,26216993,-1,90.3522,23.7763,1000,4,1,1764513752,1764596642,0
LTE,470,2,8113,33766413,-1,90.3519,23.7767,1000,1,1,1764513752,1764513752,0
GSM,470,2,223,42234,-1,90.3656,23.7705,1000,9,1,1764557724,1764732482,0
GSM,470,2,223,42297,-1,90.3677,23.7704,1000,1,1,1764557925,1764557925,0
GSM,470,1,21029,45072,-1,90.3688,23.7703,1000,12,1,1764557835,1764732482,0
GSM,470,1,21029,8220,-1,90.373,23.7694,1000,7,1,1764558205,1764568981,0
GSM,470,2,223,3069,-1,90.3728,23.7696,1000,3,1,1764558225,1764732482,0
GSM,470,2,223,5075,-1,90.3734,23.7687,1000,8,1,1764558245,1764732482,0
GSM,470,2,223,3952,-1,90.3766,23.7699,1000,12,1,1764558276,1764732482,0
GSM,470,1,21029,15149,-1,90.3759,23.7698,1000,3,1,1764558276,1764568981,0
GSM,470,1,21029,47408,-1,90.379,23.7708,1000,6,1,1764558306,1764568981,0
GSM,470,2,223,41959,-1,90.3796,23.771,1000,6,1,1764558326,1764732482,0
GSM,470,2,223,3953,-1,90.3801,23.773,1000,6,1,1764558366,1764732482,0
GSM,470,1,21029,39866,-1,90.3808,23.7751,1000,9,1,1764558376,1764568981,0
GSM,470,2,223,3951,-1,90.3816,23.7707,1000,12,1,1764558516,1764732482,0
GSM,470,2,203,8243,-1,90.3814,23.7751,1000,20,1,1764558546,1764732482,0
GSM,470,1,21029,34115,-1,90.3818,23.7745,1000,6,1,1764558716,1764568981,0
GSM,470,1,21029,12017,-1,90.383,23.7718,1000,13,1,1764558777,1764732482,0
GSM,470,2,204,4177,-1,90.3822,23.7656,1000,24,1,1764558807,1764945601,0
GSM,470,1,21029,18204,-1,90.384,23.7659,1000,5,1,1764558817,1764568981,0
GSM,470,2,204,42435,-1,90.3856,23.7653,1000,1,1,1764558857,1764558857,0
GSM,470,2,204,21714,-1,90.3863,23.7653,1000,6,1,1764558907,1764732482,0
GSM,470,2,204,4155,-1,90.387,23.7651,1000,1,1,1764558947,1764558947,0
GSM,470,2,204,4154,-1,90.3882,23.7665,1000,18,1,1764558967,1764732482,0
GSM,470,1,21029,11410,-1,90.3888,23.7663,1000,3,1,1764559097,1764568982,0
GSM,470,1,21029,11411,-1,90.3888,23.7672,1000,1,1,1764559157,1764559157,0
GSM,470,2,1395,1298,-1,90.3896,23.7706,1000,13,1,1764559398,1764732482,0
GSM,470,2,1395,1299,-1,90.3901,23.774,1000,20,1,1764559778,1764732482,0
GSM,470,2,1395,1285,-1,90.392,23.7757,1000,11,1,1764560019,1764732483,0
GSM,470,1,21030,33017,-1,90.3936,23.7762,1000,3,1,1764560049,1764568982,0
GSM,470,2,1395,1284,-1,90.3941,23.7765,1000,7,1,1764560069,1764732483,0
GSM,470,1,21030,45718,-1,90.3946,23.7768,1000,5,1,1764560079,1764732483,0
GSM,470,2,1395,3989,-1,90.3961,23.7776,1000,13,1,1764560089,1764732483,0
GSM,470,1,21030,35549,-1,90.3968,23.7779,1000,2,1,1764560109,1764568982,0
GSM,470,2,1395,1331,-1,90.3984,23.7798,1000,6,1,1764560199,1764732483,0
GSM,470,1,21030,56259,-1,90.3979,23.7785,1000,3,1,1764560179,1764568982,0
GSM,470,1,21030,10720,-1,90.3983,23.7793,1000,5,1,1764560219,1764732483,0
GSM,470,1,21030,45313,-1,90.3986,23.7805,1000,6,1,1764560250,1764732483,0
GSM,470,2,1395,1332,-1,90.4009,23.781,1000,14,1,1764560390,1764732483,0
GSM,470,1,21030,45312,-1,90.4008,23.781,1000,8,1,1764560390,1764732483,0
GSM,470,2,1395,42920,-1,90.4031,23.7809,1000,2,1,1764560460,1764732483,0
GSM,470,1,21030,15159,-1,90.4038,23.7809,1000,4,1,1764560460,1764568982,0
GSM,470,2,1395,1314,-1,90.4042,23.7808,1000,7,1,1764560480,1764732483,0
GSM,470,2,1395,1312,-1,90.4061,23.7805,1000,7,1,1764560550,1764732483,0
GSM,470,1,21037,35597,-1,90.4051,23.7807,1000,1,1,1764560550,1764560550,0
GSM,470,1,21030,18207,-1,90.4062,23.7805,1000,5,1,1764560590,1764732483,0
GSM,470,2,1395,42422,-1,90.4072,23.7804,1000,1,1,1764560690,1764560690,0
GSM,470,2,1395,1249,-1,90.4089,23.7803,1000,16,1,1764560710,1764732483,0
GSM,470,1,21030,26118,-1,90.4088,23.7804,1000,9,1,1764560710,1764732483,0
GSM,470,1,21030,20414,-1,90.41,23.7803,1000,2,1,1764560831,1764568982,0
GSM,470,1,21030,40829,-1,90.4099,23.7803,1000,9,1,1764560851,1764732483,0
GSM,470,2,1395,2370,-1,90.4121,23.7804,1000,5,1,1764560861,1764732483,0
GSM,470,1,21013,45387,-1,90.4129,23.7798,1000,4,1,1764560911,1764732483,0
GSM,470,1,21013,45389,-1,90.4132,23.7793,1000,4,1,1764560951,1764732483,0
GSM,470,1,21013,45388,-1,90.4137,23.7789,1000,1,1,1764560961,1764560961,0
GSM,470,2,92,2369,-1,90.4142,23.7783,1000,5,1,1764560971,1764732483,0
GSM,470,1,21013,26554,-1,90.4142,23.7783,1000,3,1,1764560971,1764568982,0
GSM,470,1,21013,40418,-1,90.415,23.7782,1000,6,1,1764561011,1764732483,0
GSM,470,1,21013,10728,-1,90.4164,23.7776,1000,5,1,1764561051,1764732483,0
GSM,470,1,21013,18054,-1,90.4168,23.7768,1000,3,1,1764561101,1764732483,0
GSM,470,2,204,4175,-1,90.3838,23.7659,1000,3,1,1764596168,1764596641,0
GSM,470,2,223,5073,-1,90.375,23.7694,1000,2,1,1764596559,1764732482,0
GSM,470,2,223,5074,-1,90.3718,23.7657,1000,7,1,1764596640,1764945601,0
GSM,470,2,223,5027,-1,90.3628,23.7675,1000,3,1,1764596604,1764596641,0
GSM,470,2,223,3577,-1,90.3528,23.7754,1000,1,1,1764596605,1764596605,0
LTE,470,1,56234,26234912,-1,90.3981,23.7782,1000,1,1,1764595687,1764595687,0
LTE,470,1,56234,25656864,-1,90.3967,23.7779,1000,3,1,1764595748,1764596641,0
LTE,470,1,56234,27406347,-1,90.3955,23.7772,1000,2,1,1764595778,1764596641,0
LTE,470,1,56234,27406349,-1,90.3948,23.7767,1000,1,1,1764595798,1764595798,0
LTE,470,1,56234,25803788,-1,90.3937,23.7762,1000,2,1,1764595808,1764596642,0
LTE,470,1,56234,25803789,-1,90.3918,23.7756,1000,3,1,1764595828,1764596642,0
LTE,470,1,56222,25818961,-1,90.3901,23.7739,1000,4,1,1764595858,1764596641,0
LTE,470,1,56222,25818963,-1,90.3895,23.7698,1000,7,1,1764595898,1764596642,0
LTE,470,1,56222,25818195,-1,90.389,23.7679,1000,3,1,1764596058,1764596642,0
LTE,470,1,56222,27369759,-1,90.3885,23.7655,1000,4,1,1764596098,1764596642,0
LTE,470,1,56222,25817889,-1,90.387,23.7651,1000,1,1,1764596138,1764596138,0
LTE,470,1,56222,25864479,-1,90.3856,23.7653,1000,2,1,1764596148,1764596642,0
LTE,470,1,56222,25863199,-1,90.3837,23.7663,1000,3,1,1764596168,1764596642,0
LTE,470,1,56222,27405855,-1,90.3834,23.7665,1000,1,1,1764596209,1764596209,0
LTE,470,1,56223,25686304,-1,90.3829,23.7692,1000,2,1,1764596229,1764596642,0
LTE,470,1,56223,25686354,-1,90.3787,23.7702,1000,12,1,1764596379,1764596642,0
LTE,470,1,56223,25739531,-1,90.3728,23.7685,1000,5,1,1764596559,1764596642,0
LTE,470,1,56223,25739553,-1,90.372,23.7669,1000,1,1,1764596640,1764596640,0
LTE,470,1,56193,27315212,-1,90.3721,23.7674,1000,1,1,1764596629,1764596629,0
LTE,470,1,56273,25831711,-1,90.3705,23.7668,1000,3,1,1764596607,1764596642,0
LTE,470,1,56223,25847328,-1,90.3699,23.7673,1000,5,1,1764596607,1764596642,0
LTE,470,1,56223,25847329,-1,90.368,23.7678,1000,1,1,1764596607,1764596607,0
LTE,470,1,56193,27315232,-1,90.3674,23.7678,1000,2,1,1764596607,1764596642,0
LTE,470,1,56192,25789728,-1,90.3585,23.7678,1000,1,1,1764596608,1764596608,0
GSM,470,1,21034,14287,-1,90.3727,23.761,1000,2,1,1764640625,1764640682,0
GSM,470,1,21033,46835,-1,90.3762,23.7584,1000,4,1,1764640625,1764640682,0
LTE,470,2,8113,33522188,-1,90.3675,23.7704,1000,1,1,1764640628,1764640628,0
LTE,470,2,8113,34038825,-1,90.3686,23.7699,1000,5,1,1764640628,1764640682,0
LTE,470,2,8425,258653749,-1,90.3798,23.7521,1000,2,1,1764640628,1764640682,0
LTE,470,2,8425,258645033,-1,90.3809,23.7524,1000,2,1,1764640628,1764640682,0
LTE,470,2,8425,33348363,-1,90.3816,23.7526,1000,1,1,1764640628,1764640628,0
GSM,470,1,21033,55859,-1,90.3875,23.751,1000,2,1,1764642579,1764642901,0
GSM,470,1,21037,46229,-1,90.3919,23.7502,1000,3,1,1764642830,1764642901,0
GSM,470,1,21037,35596,-1,90.3945,23.7466,1000,2,1,1764642879,1764642901,0
GSM,470,1,21037,14187,-1,90.396,23.7463,1000,3,1,1764642879,1764642901,0
GSM,470,1,21037,10908,-1,90.3978,23.7468,1000,1,1,1764642879,1764642879,0
GSM,470,1,21039,46221,-1,90.3987,23.7471,1000,1,1,1764642879,1764642879,0
GSM,470,1,21039,46220,-1,90.3999,23.7475,1000,2,1,1764642879,1764642901,0
GSM,470,1,21039,2740,-1,90.4014,23.748,1000,2,1,1764642879,1764642901,0
GSM,470,1,21039,46216,-1,90.4027,23.7484,1000,2,1,1764642879,1764642901,0
GSM,470,1,21039,17814,-1,90.4037,23.7488,1000,1,1,1764642879,1764642879,0
GSM,470,1,21039,10997,-1,90.4022,23.7512,1000,1,1,1764642879,1764642879,0
GSM,470,1,21039,10999,-1,90.4015,23.7522,1000,3,1,1764642879,1764642901,0
GSM,470,1,21031,45202,-1,90.4066,23.7602,1000,1,1,1764642879,1764642879,0
GSM,470,1,21031,22099,-1,90.41,23.7666,1000,2,1,1764642879,1764642901,0
GSM,470,1,21031,1520,-1,90.4094,23.7684,1000,5,1,1764642879,1764642901,0
GSM,470,1,21031,18959,-1,90.4133,23.7685,1000,5,1,1764642879,1764840663,0
GSM,470,1,21030,15225,-1,90.4146,23.7726,1000,2,1,1764642879,1764840721,0
LTE,470,2,8431,34349074,-1,90.3894,23.7507,1000,3,1,1764642600,1764642902,0
LTE,470,2,8431,34349073,-1,90.3906,23.7505,1000,1,1,1764642630,1764642630,0
LTE,470,2,8431,34098706,-1,90.3921,23.7502,1000,4,1,1764642830,1764642902,0
LTE,470,2,8110,258658357,-1,90.3955,23.7461,1000,2,1,1764642882,1764642902,0
LTE,470,2,8110,258658345,-1,90.3971,23.7466,1000,1,1,1764642882,1764642882,0
LTE,470,2,8110,33601292,-1,90.3991,23.7473,1000,6,1,1764642882,1766479981,0
LTE,470,2,8110,33601291,-1,90.4011,23.7478,1000,3,1,1764642882,1764642902,0
LTE,470,2,8112,34077487,-1,90.403,23.7485,1000,3,1,1764642882,1764642902,0
LTE,470,2,8112,33699083,-1,90.4024,23.7554,1000,3,1,1764642882,1764642902,0
LTE,470,2,8112,33607693,-1,90.4033,23.757,1000,1,1,1764642882,1764642882,0
LTE,470,2,8112,33697292,-1,90.4039,23.7583,1000,2,1,1764642882,1764642902,0
LTE,470,2,8112,33704461,-1,90.4086,23.7621,1000,2,1,1764642882,1764642902,0
LTE,470,2,8112,33698827,-1,90.4095,23.7686,1000,4,1,1764642882,1764642902,0
LTE,470,2,8112,33702923,-1,90.413,23.7714,1000,7,1,1764642882,1764642902,0
LTE,470,2,8103,34457112,-1,90.4156,23.7732,1000,1,1,1764642882,1764642882,0
LTE,470,2,8103,33370635,-1,90.4178,23.7779,1000,4,1,1764642882,1764642902,0
GSM,470,1,21029,41054,-1,90.3727,23.7696,1000,5,1,1764731312,1764732482,0
GSM,470,1,21029,47409,-1,90.3776,23.7702,1000,7,1,1764731362,1764732482,0
GSM,470,1,21029,39864,-1,90.3813,23.7751,1000,7,1,1764731503,1764732482,0
GSM,470,1,21030,35548,-1,90.3962,23.7777,1000,5,1,1764732471,1764732483,0
GSM,470,1,21030,15161,-1,90.4024,23.7809,1000,6,1,1764732471,1764732483,0
GSM,470,1,21030,15160,-1,90.404,23.7808,1000,2,1,1764732473,1764732483,0
GSM,470,1,21030,61181,-1,90.4046,23.7808,1000,1,1,1764732473,1764732473,0
GSM,470,1,21030,18206,-1,90.4054,23.7807,1000,2,1,1764732473,1764732483,0
GSM,470,1,21030,55877,-1,90.4078,23.7803,1000,1,1,1764732473,1764732473,0
GSM,470,2,1395,1367,-1,90.4112,23.7804,1000,1,1,1764732473,1764732473,0
GSM,470,1,21030,56679,-1,90.4122,23.7804,1000,3,1,1764732473,1764732483,0
LTE,470,1,56192,25683213,-1,90.354,23.7734,1000,5,1,1764730461,1764945602,0
GSM,470,2,116,194,-1,90.421,23.7314,1000,1,1,1764837504,1764837504,0
GSM,470,2,116,195,-1,90.4204,23.7321,1000,1,1,1764837524,1764837524,0
GSM,470,2,116,21308,-1,90.4196,23.7329,1000,3,1,1764837534,1764840661,0
GSM,470,2,116,21310,-1,90.419,23.7335,1000,1,1,1764837574,1764837574,0
GSM,470,2,116,165,-1,90.4186,23.734,1000,2,1,1764837624,1764840661,0
GSM,470,2,116,21315,-1,90.4178,23.7347,1000,2,1,1764837684,1764840661,0
GSM,470,2,116,164,-1,90.4178,23.7362,1000,3,1,1764837865,1764840661,0
GSM,470,2,116,21316,-1,90.4174,23.7358,1000,2,1,1764837905,1764840661,0
GSM,470,2,116,21350,-1,90.4177,23.7363,1000,1,1,1764837955,1764837955,0
GSM,470,2,204,42416,-1,90.4178,23.7585,1000,1,1,1764838856,1764838856,0
GSM,470,2,204,4696,-1,90.4184,23.7595,1000,4,1,1764838876,1764840661,0
GSM,470,2,204,3027,-1,90.4195,23.7615,1000,4,1,1764838946,1764840661,0
GSM,470,1,21031,14254,-1,90.4203,23.763,1000,8,1,1764838956,1764840662,0
GSM,470,2,98,4454,-1,90.4216,23.7655,1000,6,1,1764839017,1764840662,0
GSM,470,2,98,4699,-1,90.421,23.7643,1000,3,1,1764839037,1764840661,0
GSM,470,2,98,4698,-1,90.4217,23.7655,1000,2,1,1764839067,1764840662,0
GSM,470,1,21031,9745,-1,90.4221,23.7663,1000,5,1,1764839067,1764840662,0
GSM,470,1,21031,16162,-1,90.422,23.7665,1000,1,1,1764839107,1764839107,0
GSM,470,1,21031,27266,-1,90.4223,23.7679,1000,1,1,1764839147,1764839147,0
GSM,470,2,204,4597,-1,90.416,23.7685,1000,1,1,1764839247,1764839247,0
GSM,470,1,21031,61571,-1,90.4123,23.7689,1000,1,1,1764839307,1764839307,0
LTE,470,1,56312,25687613,-1,90.4195,23.733,1000,8,1,1764837504,1764840721,0
LTE,470,1,56312,25850685,-1,90.4176,23.7354,1000,6,1,1764837684,1764840721,0
LTE,470,1,56323,25851455,-1,90.4188,23.7389,1000,11,1,1764838065,1764840721,0
LTE,470,2,8111,34434315,-1,90.4184,23.7373,1000,1,1,1764838345,1764838345,0
LTE,470,2,8106,33594635,-1,90.4186,23.7377,1000,1,1,1764838355,1764838355,0
LTE,470,2,8106,33589515,-1,90.419,23.7394,1000,3,1,1764838365,1764840721,0
LTE,470,2,8111,33523469,-1,90.4182,23.741,1000,3,1,1764838405,1764840721,0
LTE,470,2,8107,33531403,-1,90.4197,23.7398,1000,1,1,1764838496,1764838496,0
LTE,470,2,8107,33531404,-1,90.4196,23.7403,1000,1,1,1764838506,1764838506,0
LTE,470,1,56323,25853501,-1,90.4166,23.7424,1000,2,1,1764838536,1764840721,0
LTE,470,2,8106,33591819,-1,90.4161,23.7428,1000,1,1,1764838546,1764838546,0
LTE,470,1,56323,25852477,-1,90.4141,23.7443,1000,3,1,1764838556,1764840721,0
LTE,470,2,8106,33602315,-1,90.4144,23.744,1000,2,1,1764838556,1764840721,0
LTE,470,2,8106,33602316,-1,90.4133,23.7448,1000,1,1,1764838576,1764838576,0
LTE,470,2,8106,33525515,-1,90.4125,23.7455,1000,1,1,1764838586,1764838586,0
LTE,470,1,56243,26373439,-1,90.4125,23.747,1000,4,1,1764838586,1764840721,0
LTE,470,2,8112,33533964,-1,90.4125,23.7463,1000,1,1,1764838606,1764838606,0
LTE,470,2,8112,33473293,-1,90.4134,23.7509,1000,3,1,1764838636,1764840721,0
LTE,470,1,56243,26373457,-1,90.4142,23.7524,1000,7,1,1764838636,1764840721,0
LTE,470,2,8112,33476621,-1,90.4152,23.7541,1000,7,1,1764838686,1764840721,0
LTE,470,1,56243,25798413,-1,90.4159,23.7553,1000,8,1,1764838756,1783724104,0
LTE,470,2,8112,33608716,-1,90.4167,23.7567,1000,2,1,1764838796,1764840721,0
LTE,470,1,56243,25798411,-1,90.4172,23.7576,1000,11,1,1764838796,1783724104,0
LTE,470,2,8112,33608715,-1,90.4174,23.7579,1000,2,1,1764838816,1764840721,0
LTE,470,1,56242,27107596,-1,90.4181,23.7591,1000,3,1,1764838826,1783724104,0
GSM,470,2,223,3275,-1,90.3587,23.7654,1000,7,1,1764922793,1764925741,0
GSM,470,2,107,756,-1,90.3596,23.7628,1000,2,1,1764922934,1764925741,0
GSM,470,2,107,289,-1,90.3645,23.7641,1000,5,1,1764923034,1764925741,0
GSM,470,2,108,5018,-1,90.3702,23.7606,1000,2,1,1764923224,1764931682,0
GSM,470,2,107,964,-1,90.368,23.752,1000,1,1,1764923775,1764923775,0
GSM,470,2,1328,1034,-1,90.3681,23.7513,1000,10,1,1764923795,1764931682,0
GSM,470,2,1328,1036,-1,90.3692,23.7493,1000,7,1,1764923815,1764931682,0
GSM,470,2,1379,4201,-1,90.3704,23.7476,1000,1,1,1764923875,1764923875,0
GSM,470,2,1379,4203,-1,90.3714,23.7462,1000,3,1,1764923885,1764925742,0
GSM,470,2,1379,4205,-1,90.3722,23.745,1000,2,1,1764923925,1764925742,0
GSM,470,2,1379,1041,-1,90.3732,23.7435,1000,2,1,1764923955,1764925742,0
GSM,470,2,1379,42166,-1,90.3747,23.7409,1000,3,1,1764923995,1764925742,0
GSM,470,2,1379,42164,-1,90.376,23.739,1000,5,1,1764924035,1764925742,0
GSM,470,2,1379,1001,-1,90.3781,23.7386,1000,1,1,1764924085,1764924085,0
GSM,470,2,1379,1028,-1,90.3796,23.739,1000,3,1,1764924105,1764925742,0
GSM,470,2,1328,3893,-1,90.3811,23.7393,1000,3,1,1764924135,1764925742,0
GSM,470,2,1328,792,-1,90.383,23.7397,1000,1,1,1764924666,1764924666,0
GSM,470,2,1328,2374,-1,90.3829,23.7409,1000,3,1,1764924686,1764925742,0
GSM,470,2,1328,42349,-1,90.3824,23.743,1000,2,1,1764924716,1764925742,0
GSM,470,2,1328,2376,-1,90.3822,23.7444,1000,3,1,1764924737,1764925742,0
GSM,470,2,1328,22174,-1,90.3799,23.7484,1000,1,1,1764924807,1764924807,0
GSM,470,2,1328,934,-1,90.3789,23.7501,1000,3,1,1764924817,1764925742,0
LTE,470,1,56273,25793803,-1,90.3585,23.7668,1000,1,1,1764922863,1764922863,0
LTE,470,1,56192,25789708,-1,90.3585,23.7676,1000,2,1,1764922793,1764945602,0
LTE,470,1,56273,25793873,-1,90.3587,23.7648,1000,5,1,1764922873,1764925742,0
LTE,470,1,56273,25793864,-1,90.3603,23.7629,1000,4,1,1764922934,1764925742,0
LTE,470,1,56273,25804557,-1,90.3622,23.7634,1000,3,1,1764922994,1764925742,0
LTE,470,1,56273,25791755,-1,90.364,23.7639,1000,3,1,1764923034,1764925742,0
LTE,470,1,56193,27315213,-1,90.3653,23.7641,1000,2,1,1764923064,1764925743,0
LTE,470,1,56193,25790991,-1,90.3648,23.7655,1000,15,1,1764923074,1764945602,0
LTE,470,1,56273,25792269,-1,90.3664,23.7627,1000,3,1,1764923104,1764925742,0
LTE,470,1,56273,25792268,-1,90.368,23.7626,1000,2,1,1764923164,1764925742,0
LTE,470,1,56262,27345440,-1,90.3755,23.7584,1000,4,1,1764923354,1764925742,0
LTE,470,1,56222,27086369,-1,90.377,23.7585,1000,3,1,1764923374,1764925742,0
LTE,470,1,56262,27345441,-1,90.3746,23.7578,1000,2,1,1764923434,1764925742,0
LTE,470,1,56262,25725985,-1,90.3759,23.7552,1000,4,1,1764923484,1764925743,0
LTE,470,1,56262,26817312,-1,90.3744,23.7559,1000,2,1,1764923585,1764925742,0
LTE,470,1,56262,25726239,-1,90.373,23.7551,1000,2,1,1764923605,1764925742,0
LTE,470,1,56262,25728032,-1,90.3719,23.7545,1000,2,1,1764923625,1764925742,0
LTE,470,1,56262,25728033,-1,90.3703,23.7534,1000,2,1,1764923665,1764925742,0
LTE,470,1,56262,25727519,-1,90.3689,23.7524,1000,2,1,1764923685,1764925742,0
LTE,470,1,56262,25727521,-1,90.368,23.7518,1000,2,1,1764923775,1764925742,0
LTE,470,1,56262,27101985,-1,90.3684,23.7507,1000,2,1,1764923805,1764925742,0
LTE,470,1,56282,25727775,-1,90.3704,23.7477,1000,8,1,1764923825,1764925742,0
LTE,470,1,56282,25727777,-1,90.3716,23.7459,1000,1,1,1764923915,1764923915,0
LTE,470,1,56282,25723167,-1,90.3718,23.7456,1000,1,1,1764923925,1764923925,0
LTE,470,1,56282,25723169,-1,90.3726,23.7444,1000,1,1,1764923945,1764923945,0
LTE,470,1,56282,25728799,-1,90.3732,23.7435,1000,2,1,1764923955,1764925742,0
LTE,470,1,56282,25728801,-1,90.3749,23.7406,1000,4,1,1764923995,1764925742,0
LTE,470,1,56282,25750561,-1,90.3758,23.7391,1000,2,1,1764924045,1764925742,0
LTE,470,1,56282,25750559,-1,90.3762,23.7385,1000,1,1,1764924065,1764924065,0
LTE,470,1,56282,25750560,-1,90.3775,23.7385,1000,2,1,1764924075,1764925742,0
LTE,470,1,56282,26897440,-1,90.3789,23.7389,1000,1,1,1764924105,1764924105,0
LTE,470,1,56282,26960160,-1,90.3803,23.7392,1000,3,1,1764924115,1764925743,0
LTE,470,1,56283,25729567,-1,90.3809,23.7392,1000,1,1,1764924135,1764924135,0
LTE,470,1,56283,25729597,-1,90.3822,23.7395,1000,2,1,1764924586,1764925743,0
LTE,470,1,56283,25724684,-1,90.3828,23.7409,1000,1,1,1764924697,1764924697,0
LTE,470,1,56283,25724734,-1,90.3827,23.7421,1000,2,1,1764924706,1764925743,0
LTE,470,1,56283,25724733,-1,90.3822,23.7442,1000,4,1,1764924727,1764925743,0
LTE,470,1,56283,27454270,-1,90.3811,23.7465,1000,2,1,1764924777,1764925743,0
LTE,470,1,56263,25759549,-1,90.3788,23.7503,1000,6,1,1764924807,1764925743,0
LTE,470,1,56262,25726025,-1,90.3773,23.7528,1000,1,1,1764924867,1764924867,0
LTE,470,1,56262,25762081,-1,90.3765,23.7541,1000,2,1,1764924877,1764925743,0
LTE,470,1,56262,26338059,-1,90.3733,23.7597,1000,1,1,1764924967,1764924967,0
LTE,470,1,56262,27344908,-1,90.3727,23.7606,1000,2,1,1764924977,1764925743,0
LTE,470,1,56273,25831751,-1,90.3687,23.7636,1000,4,1,1764925217,1764925743,0
LTE,470,1,56273,25792289,-1,90.3666,23.7629,1000,1,1,1764925257,1764925257,0
LTE,470,1,56273,25791756,-1,90.3661,23.763,1000,3,1,1764925267,1764945602,0
LTE,470,1,56273,26680843,-1,90.3644,23.7657,1000,2,1,1764925338,1764945602,0
LTE,470,1,56273,26554379,-1,90.3621,23.7677,1000,9,1,1764925408,1764945602,0
LTE,470,1,56192,25793547,-1,90.3609,23.7683,1000,2,1,1764925548,1764945602,0
LTE,470,1,56192,26663692,-1,90.3601,23.7686,1000,2,1,1764925568,1764945602,0
LTE,470,1,56192,25789707,-1,90.3586,23.7687,1000,9,1,1764925608,1764945602,0
LTE,470,1,56192,25681419,-1,90.355,23.7716,1000,5,1,1764925707,1764945602,0
LTE,470,1,56192,25683211,-1,90.353,23.775,1000,5,1,1764925708,1764945602,0
LTE,470,1,56193,26216973,-1,90.3526,23.7759,1000,3,1,1764925708,1764945602,0
LTE,470,1,56193,26870028,-1,90.3521,23.777,1000,3,1,1764925708,1764945602,0
GSM,470,1,21033,26190,-1,90.3699,23.7623,1000,2,1,1764928500,1764931682,0
GSM,470,1,21033,46836,-1,90.3752,23.7584,1000,1,1,1764928751,1764928751,0
GSM,470,2,1328,11401,-1,90.3692,23.7527,1000,4,1,1764929011,1764931682,0
GSM,470,1,21033,10946,-1,90.3681,23.7518,1000,5,1,1764929241,1764931682,0
GSM,470,1,21033,44761,-1,90.3691,23.7494,1000,1,1,1764929352,1764929352,0
GSM,470,1,21035,10331,-1,90.3684,23.7505,1000,5,1,1764929372,1764931682,0
GSM,470,1,21027,17632,-1,90.3519,23.7772,1000,1,1,1764931586,1764931586,0
GSM,470,2,223,41939,-1,90.3526,23.7774,1000,1,1,1764931649,1764931649,0
GSM,470,1,21027,38575,-1,90.3526,23.7774,1000,1,1,1764931649,1764931649,0
GSM,470,2,108,4186,-1,90.389,23.755,1000,6,1,1764944961,1764945601,0
GSM,470,2,108,4185,-1,90.3897,23.7566,1000,5,1,1764945192,1764945601,0
GSM,470,2,108,4178,-1,90.3896,23.7585,1000,2,1,1764945462,1764945601,0
GSM,470,2,108,45405,-1,90.3871,23.7583,1000,3,1,1764945522,1764945601,0
GSM,470,2,108,45407,-1,90.385,23.7581,1000,2,1,1764945562,1764945601,0
GSM,470,2,108,42209,-1,90.3833,23.7584,1000,3,1,1764945592,1764945601,0
GSM,470,2,108,42211,-1,90.3828,23.7595,1000,7,1,1764945590,1764945601,0
GSM,470,2,108,46499,-1,90.3816,23.7586,1000,4,1,1764945590,1764945601,0
GSM,470,2,108,4190,-1,90.3835,23.7627,1000,4,1,1764945590,1764945601,0
GSM,470,2,223,5025,-1,90.3645,23.7658,1000,1,1,1764945590,1764945590,0
LTE,470,1,56302,27318303,-1,90.3881,23.7535,1000,1,1,1764944931,1764944931,0
LTE,470,1,56302,25737229,-1,90.389,23.7549,1000,5,1,1764944961,1764945601,0
LTE,470,1,56302,25737227,-1,90.3893,23.7557,1000,2,1,1764945111,1764945601,0
LTE,470,1,56302,25737740,-1,90.3895,23.7562,1000,1,1,1764945322,1764945322,0
LTE,470,1,56302,25737790,-1,90.3899,23.7569,1000,3,1,1764945372,1764945601,0
LTE,470,1,56302,25737023,-1,90.3896,23.7585,1000,2,1,1764945462,1764945601,0
LTE,470,1,56263,25737533,-1,90.3867,23.7583,1000,4,1,1764945522,1764945601,0
LTE,470,1,56263,25727303,-1,90.3836,23.7583,1000,4,1,1764945572,1764945601,0
LTE,470,1,56263,27171143,-1,90.3812,23.7585,1000,4,1,1764945593,1764945602,0
LTE,470,1,56222,27086408,-1,90.383,23.7591,1000,6,1,1764945593,1764945602,0
LTE,470,1,56222,25863231,-1,90.3814,23.7639,1000,16,1,1764945593,1764945602,0
LTE,470,1,56222,25863201,-1,90.3733,23.7644,1000,1,1,1764945593,1764945593,0
LTE,470,1,56273,25831764,-1,90.3717,23.7642,1000,3,1,1764945593,1764945602,0
LTE,470,1,56273,25792267,-1,90.3667,23.763,1000,1,1,1764945593,1764945593,0
LTE,470,1,56273,26554380,-1,90.3641,23.7666,1000,1,1,1764945593,1764945593,0
LTE,470,3,1172,3401474,-1,90.4155,24.0264,1000,11,1,1765403032,1783724111,0
LTE,470,3,1172,3401475,-1,90.4173,24.0256,1000,1,1,1765403042,1765403042,0
LTE,470,3,1172,3401533,-1,90.4187,24.0249,1000,15,1,1765403051,1765458131,0
LTE,470,1,62501,25968908,-1,90.4195,24.024,1000,14,1,1765403111,1783724110,0
LTE,470,3,1172,3401473,-1,90.4195,24.0238,1000,7,1,1765403161,1769209390,0
LTE,470,3,1172,4459485,-1,90.4178,24.0283,1000,4,1,1765403171,1765458131,0
LTE,470,3,1172,4459465,-1,90.4189,24.0257,1000,12,1,1765403191,1783724110,0
LTE,470,3,1172,2734653,-1,90.4183,24.029,1000,18,1,1765403211,1783724102,0
GSM,470,3,887,16812,-1,90.4181,24.0204,1000,6,1,1765403221,1765458121,0
GSM,470,3,887,16814,-1,90.417,24.0177,1000,9,1,1765403271,1765458121,0
GSM,470,3,887,20271,-1,90.4162,24.0158,1000,2,1,1765403371,1765458121,0
LTE,470,3,1172,3079232,-1,90.4157,24.0146,1000,5,1,1765403381,1765458121,0
LTE,470,3,1172,3079171,-1,90.4155,24.0128,1000,5,1,1765403411,1765458121,0
LTE,470,3,1172,3079251,-1,90.4155,24.0128,1000,1,1,1765403431,1765403431,0
LTE,470,3,1172,2864641,-1,90.4152,24.0096,1000,9,1,1765403451,1769209390,0
LTE,470,3,1172,28679371,-1,90.4156,24.0132,1000,21,1,1765403460,1783724110,0
LTE,470,3,1172,28679391,-1,90.4156,24.0137,1000,9,1,1765403471,1765458130,0
LTE,470,3,1172,4268289,-1,90.4153,24.0109,1000,1,1,1765403480,1765403480,0
LTE,470,3,1172,3015133,-1,90.4153,24.0106,1000,1,1,1765403491,1765403491,0
LTE,470,3,1172,3015113,-1,90.4191,24.0085,1000,7,1,1765403501,1783724101,0
LTE,470,3,1172,3681539,-1,90.4209,24.009,1000,9,1,1765403511,1783724101,0
LTE,470,3,1172,2864649,-1,90.4149,24.0079,1000,9,1,1765403551,1769209390,0
LTE,470,3,1172,3093073,-1,90.415,24.0065,1000,2,1,1765403561,1765458122,0
LTE,470,3,1172,2864642,-1,90.4151,24.0058,1000,2,1,1765403570,1765458122,0
LTE,470,3,1172,3558602,-1,90.4152,24.0054,1000,2,1,1765403581,1765458122,0
LTE,470,3,1172,3092996,-1,90.4153,24.0039,1000,9,1,1765403591,1769209390,0
LTE,470,3,1172,3092993,-1,90.4157,24.0016,1000,3,1,1765403651,1765458122,0
LTE,470,3,1172,3496651,-1,90.4175,23.9992,1000,15,1,1765403681,1765458130,0
LTE,470,3,1172,3092997,-1,90.4159,24.0006,1000,11,1,1765403701,1769209390,0
LTE,470,3,1172,3496671,-1,90.4176,23.9989,1000,14,1,1765403721,1765458130,0
LTE,470,3,1172,2597377,-1,90.4171,23.9989,1000,4,1,1765403731,1765458130,0
LTE,470,3,1172,2597437,-1,90.4163,23.9992,1000,3,1,1765403751,1765458130,0
LTE,470,3,1172,3015135,-1,90.4189,23.9974,500,27,1,1765403771,1783724110,0
LTE,470,3,1172,3015115,-1,90.419,23.9982,1000,7,1,1765403781,1765458130,0
LTE,470,3,1172,4005695,-1,90.419,23.9971,1000,19,1,1765403981,1783724101,0
LTE,470,3,1172,3496650,-1,90.4204,23.9998,1000,17,1,1765404001,1783724101,0
LTE,470,3,1172,4005635,-1,90.4198,23.9977,1000,24,1,1765404051,1783724101,0
LTE,470,3,1172,3496670,-1,90.42,23.9996,1000,20,1,1765404151,1783724110,0
LTE,470,3,1172,3496450,-1,90.4201,23.9985,1000,10,1,1765404601,1783724101,0
LTE,470,3,1172,3496510,-1,90.4203,23.9982,1000,15,1,1765404781,1783724101,0
LTE,470,1,62491,25937183,-1,90.4205,23.998,1000,5,1,1765409761,1783724101,0
LTE,470,1,62491,25937223,-1,90.4193,23.9976,1000,5,1,1765409941,1769209389,0
LTE,470,1,62491,25935689,-1,90.42,23.9981,1000,2,1,1765409951,1765458123,0
LTE,470,3,1172,3496451,-1,90.4192,23.9988,1000,2,1,1765410501,1765458130,0
LTE,470,3,1172,4497471,-1,90.4198,23.996,1000,2,1,1765411161,1765458123,0
LTE,470,3,1172,3014975,-1,90.4206,23.9964,1000,9,1,1765411171,1783724101,0
LTE,470,3,1172,2597438,-1,90.418,23.9963,1000,8,1,1765411201,1765458130,0
LTE,470,1,62491,26117964,-1,90.4185,23.9853,1000,12,1,1765411271,1765458124,0
LTE,470,3,1172,3629373,-1,90.4192,23.9891,1000,10,1,1765411271,1783724101,0
LTE,470,3,1172,3629513,-1,90.4195,23.9889,1000,10,1,1765411321,1783724101,0
LTE,470,3,1172,3629515,-1,90.4186,23.9855,1000,8,1,1765411341,1783724101,0
LTE,470,3,1172,3629315,-1,90.4185,23.9845,1000,15,1,1765411391,1765458129,0
LTE,470,1,62491,26437643,-1,90.4177,23.9777,1000,12,1,1765411441,1765458124,0
LTE,470,3,1199,4439357,-1,90.4177,23.9782,1000,11,1,1765411471,1783724052,0
LTE,470,1,62491,26437645,-1,90.4172,23.9727,1000,12,1,1765411501,1765458124,0
LTE,470,3,1199,4439359,-1,90.4172,23.9727,1000,8,1,1765411521,1783724052,0
LTE,470,3,1199,4439358,-1,90.417,23.9708,1000,7,1,1765411561,1783724051,0
LTE,470,1,58231,26404363,-1,90.4163,23.9661,1000,19,1,1765411561,1765458124,0
LTE,470,3,1199,4439869,-1,90.4164,23.966,617,25,1,1765411571,1783724051,0
LTE,470,1,58231,26404365,-1,90.4153,23.9577,1000,7,1,1765411771,1765458124,0
LTE,470,3,1199,4439810,-1,90.4155,23.9567,1000,16,1,1765411811,1783724051,0
LTE,470,3,1199,4439870,-1,90.4149,23.9527,1000,14,1,1765411856,1783724051,0
LTE,470,1,58231,27700236,-1,90.4142,23.9485,620,28,1,1765411861,1765458125,0
LTE,470,3,1199,4224575,-1,90.4141,23.9491,1000,10,1,1765411891,1765458125,0
LTE,470,3,1199,3146049,-1,90.4137,23.9461,1000,5,1,1765411931,1765458125,0
LTE,470,3,1199,4440893,-1,90.4147,23.9458,1000,12,1,1765411951,1783724051,0
LTE,470,3,1199,4440833,-1,90.4137,23.942,520,29,1,1765411961,1783724051,0
LTE,470,1,58231,26406667,-1,90.4125,23.9337,1391,12,1,1765411971,1765458125,0
LTE,470,3,1199,4440895,-1,90.4127,23.9338,1000,17,1,1765412021,1783724051,0
LTE,470,1,58231,26406669,-1,90.4128,23.9337,1000,7,1,1765412031,1783724051,0
LTE,470,1,58231,26406739,-1,90.4127,23.9331,1019,29,1,1765412041,1783724051,0
LTE,470,3,1199,3638845,-1,90.412,23.9295,1000,3,1,1765412081,1765458125,0
LTE,470,1,58431,25960274,-1,90.4112,23.9233,1000,9,1,1765412091,1765458125,0
LTE,470,3,1199,3067965,-1,90.4118,23.9282,1000,3,1,1765412091,1765458125,0
LTE,470,3,1177,3697921,-1,90.4115,23.9262,1000,6,1,1765412101,1765458125,0
LTE,470,3,1199,4006401,-1,90.4111,23.9209,1000,8,1,1765412121,1783724050,0
LTE,470,3,1199,3638786,-1,90.4109,23.9198,1000,23,1,1765412131,1783724050,0
LTE,470,1,58431,25959507,-1,90.4106,23.9188,1000,6,1,1765412161,1765458125,0
LTE,470,1,58231,26158419,-1,90.4103,23.9156,1000,5,1,1765412191,1765458125,0
LTE,470,1,58431,27246674,-1,90.4099,23.9126,1000,6,1,1765412211,1765458125,0
LTE,470,3,1199,4113410,-1,90.4101,23.9141,1000,7,1,1765412211,1783724050,0
LTE,470,3,1199,2747594,-1,90.4098,23.9116,1000,3,1,1765412231,1765458125,0
LTE,470,1,58431,25962579,-1,90.4068,23.9088,1000,14,1,1765412261,1783724050,0
LTE,470,3,1199,2747614,-1,90.4094,23.9085,1000,11,1,1765412261,1765458125,0
LTE,470,3,1199,4471042,-1,90.4086,23.9017,1000,5,1,1765412431,1765458126,0
LTE,470,1,58231,26908499,-1,90.4086,23.9013,1000,16,1,1765412451,1765458126,0
LTE,470,3,1199,3078401,-1,90.409,23.9046,1000,3,1,1765412451,1765458125,0
LTE,470,3,1199,4462539,-1,90.4086,23.9016,1000,5,1,1765412471,1765458126,0
LTE,470,3,1199,4462339,-1,90.4085,23.9005,1000,3,1,1765412522,1765458126,0
LTE,470,3,1199,4256001,-1,90.4085,23.8999,1000,2,1,1765412541,1765458126,0
LTE,470,3,1199,4462342,-1,90.4084,23.8997,1000,2,1,1765412561,1765458126,0
LTE,470,3,1199,4462559,-1,90.4085,23.8997,1000,1,1,1765412661,1765412661,0
LTE,470,3,1199,3722045,-1,90.4084,23.8992,1000,2,1,1765412741,1765458126,0
LTE,470,1,58231,26967377,-1,90.4078,23.8957,1000,15,1,1765412781,1765458126,0
LTE,470,3,1199,4256002,-1,90.4081,23.8974,1000,4,1,1765412781,1765458126,0
LTE,470,3,1199,3722047,-1,90.408,23.8964,1000,2,1,1765412811,1765458126,0
GSM,470,3,836,2033,-1,90.4078,23.8953,1000,2,1,1765412831,1765458126,0
LTE,470,3,1199,3109634,-1,90.4075,23.894,1000,5,1,1765412841,1765458126,0
LTE,470,1,58231,25958482,-1,90.4069,23.8873,1000,12,1,1765412871,1765458126,0
LTE,470,3,1199,3404509,-1,90.4074,23.8922,1000,4,1,1765412871,1765458126,0
LTE,470,3,1199,3404489,-1,90.4072,23.8896,1000,8,1,1765412891,1765458126,0
LTE,470,3,1199,3404351,-1,90.407,23.8874,1000,3,1,1765412931,1765458126,0
LTE,470,3,1199,3404605,-1,90.4068,23.8865,1000,3,1,1765412941,1765458126,0
LTE,470,3,1199,3404545,-1,90.4067,23.8851,1000,5,1,1765412951,1765458126,0
LTE,470,3,1199,2599170,-1,90.4064,23.8832,1000,5,1,1765412971,1765458126,0
LTE,470,1,58451,25962764,-1,90.4062,23.8817,1000,3,1,1765412991,1765458126,0
LTE,470,3,1199,4470787,-1,90.4062,23.8813,1000,5,1,1765412991,1765458126,0
LTE,470,1,58452,26869004,-1,90.406,23.8801,1000,7,1,1765413001,1765458126,0
LTE,470,3,1199,3075586,-1,90.406,23.8795,1000,4,1,1765413011,1765458126,0
LTE,470,1,58452,26822667,-1,90.4057,23.8774,1000,1,1,1765413036,1765413036,0
LTE,470,3,1176,3813890,-1,90.4057,23.8774,1000,1,1,1765413036,1765413036,0
LTE,470,1,58452,26822669,-1,90.4057,23.8771,1000,1,1,1765413051,1765413051,0
LTE,470,3,1199,3697666,-1,90.4059,23.8739,1000,3,1,1765413051,1765458126,0
LTE,470,1,58452,25610507,-1,90.4059,23.8722,1000,2,1,1765413081,1765458126,0
LTE,470,1,58452,25617419,-1,90.4057,23.8708,1000,5,1,1765413091,1765458126,0
LTE,470,3,1199,2711554,-1,90.4057,23.8708,1000,5,1,1765413091,1765458126,0
LTE,470,1,58452,25617421,-1,90.4058,23.8693,1000,3,1,1765413111,1765458126,0
LTE,470,3,1199,4273923,-1,90.4058,23.8693,1000,3,1,1765413111,1765458126,0
LTE,470,1,58452,25617420,-1,90.4059,23.8679,1000,3,1,1765413121,1765458126,0
LTE,470,3,1175,2779907,-1,90.4061,23.8669,1000,6,1,1765413121,1765458126,0
LTE,470,1,58212,25669899,-1,90.4061,23.8669,1000,3,1,1765413131,1765458126,0
LTE,470,3,1151,2717955,-1,90.4061,23.8624,1000,6,1,1765413131,1765458126,0
LTE,470,1,58212,25668621,-1,90.4062,23.8656,1000,5,1,1765413141,1765458126,0
LTE,470,1,58212,27342603,-1,90.4061,23.8626,1000,6,1,1765413161,1765458126,0
LTE,470,3,1175,2739969,-1,90.4062,23.8636,1000,5,1,1765413161,1765458126,0
LTE,470,3,1175,2739970,-1,90.4061,23.8619,1000,4,1,1765413181,1765458126,0
LTE,470,1,58212,27342605,-1,90.4061,23.8588,1000,11,1,1765413201,1765458126,0
LTE,470,3,1151,2718015,-1,90.4062,23.8607,1000,3,1,1765413201,1765458126,0
LTE,470,3,1151,3191554,-1,90.4059,23.859,1000,1,1,1765413241,1765413241,0
LTE,470,1,58212,25671693,-1,90.406,23.8581,1000,1,1,1765413271,1765413271,0
LTE,470,3,1151,2718017,-1,90.4061,23.8573,1000,2,1,1765413291,1765458126,0
LTE,470,3,1151,2996737,-1,90.406,23.8566,1000,2,1,1765413311,1765458126,0
LTE,470,1,58213,25870347,-1,90.406,23.8564,1000,1,1,1765413331,1765413331,0
LTE,470,1,58213,25870348,-1,90.406,23.8564,1000,1,1,1765413351,1765413351,0
LTE,470,1,58222,26557195,-1,90.4075,23.8536,1000,4,1,1765413401,1765458126,0
LTE,470,1,58222,26557196,-1,90.4082,23.8524,1000,1,1,1765413491,1765413491,0
LTE,470,1,58222,25671435,-1,90.4084,23.8526,1000,3,1,1765413511,1765458126,0
LTE,470,1,58203,26789645,-1,90.4085,23.8526,1000,1,1,1765413621,1765413621,0
LTE,470,1,58222,25671485,-1,90.4079,23.8525,1000,10,1,1765413631,1765458129,0
LTE,470,3,1175,3117315,-1,90.408,23.8527,1000,5,1,1765413851,1765458129,0
LTE,470,3,1151,2608141,-1,90.4081,23.8521,1000,6,1,1765413842,1765458129,0
LTE,470,3,1151,2608138,-1,90.4088,23.8517,1000,2,1,1765414001,1765458126,0
LTE,470,3,1151,2608134,-1,90.4087,23.8508,1000,4,1,1765414231,1765458128,0
LTE,470,1,58222,25671487,-1,90.4085,23.8504,1000,6,1,1765414571,1765458128,0
LTE,470,1,58222,25671486,-1,90.4104,23.8484,1000,10,1,1765414591,1765458127,0
LTE,470,1,58222,27389503,-1,90.414,23.8441,1000,19,1,1765414681,1765458127,0
LTE,470,3,1151,2572803,-1,90.4121,23.8465,1000,1,1,1765414692,1765414692,0
LTE,470,1,58222,27389502,-1,90.417,23.8405,1000,4,1,1765414801,1765458127,0
LTE,470,1,58222,25672511,-1,90.4186,23.8369,1000,6,1,1765414821,1765458127,0
LTE,470,3,1151,2771518,-1,90.4186,23.8365,1000,8,1,1765414862,1783724048,0
LTE,470,1,58222,25928509,-1,90.4187,23.8359,1000,6,1,1765414910,1783724048,0
LTE,470,1,58222,26612031,-1,90.4193,23.8339,1000,4,1,1765414931,1765458127,0
LTE,470,3,1151,3206403,-1,90.4195,23.8331,1000,2,1,1765414961,1765458127,0
LTE,470,1,58222,25928530,-1,90.4196,23.8319,1000,7,1,1765414971,1765458127,0
LTE,470,3,1151,2571588,-1,90.4197,23.8311,1000,2,1,1765415022,1765458127,0
LTE,470,1,58222,25636158,-1,90.4198,23.8297,1000,24,1,1765415042,1783724047,0
LTE,470,1,58222,25621054,-1,90.4209,23.8252,1000,23,1,1765415289,1783724047,0
LTE,470,1,58753,25605949,-1,90.4201,23.823,1000,4,1,1765415362,1765458128,0
LTE,470,3,1048,2773568,-1,90.4191,23.8215,1000,2,1,1765415362,1765458127,0
LTE,470,1,58753,25605951,-1,90.4188,23.8215,1000,3,1,1765415417,1765458128,0
LTE,470,1,58752,25606461,-1,90.418,23.8211,1000,8,1,1765415642,1765458128,0
LTE,470,3,1048,3616061,-1,90.4177,23.8207,1000,3,1,1765415642,1765458127,0
LTE,470,1,58752,27281214,-1,90.4147,23.8182,1000,6,1,1765415722,1765458127,0
LTE,470,1,58752,27281215,-1,90.4131,23.8175,1000,5,1,1765415772,1765458127,0
LTE,470,1,58293,25625634,-1,90.4107,23.8168,1000,9,1,1765415802,1765458127,0
LTE,470,1,58293,25624096,-1,90.4078,23.8169,1000,7,1,1765415942,1765458127,0
LTE,470,1,58293,25624146,-1,90.4055,23.8163,1000,8,1,1765415992,1765458127,0
LTE,470,3,1149,3110403,-1,90.4046,23.8163,1000,8,1,1765416122,1765458128,0
LTE,470,1,58293,25624076,-1,90.4054,23.8163,1000,1,1,1765416165,1765416165,0
GSM,470,3,720,21493,-1,90.4048,23.8164,1000,4,1,1765416222,1765458128,0
GSM,470,3,720,46641,-1,90.4035,23.8163,1000,2,1,1765416222,1765458128,0
LTE,470,1,58293,25624147,-1,90.4047,23.8166,1000,8,1,1765416232,1765458128,0
LTE,470,1,58293,25624401,-1,90.403,23.8162,1000,19,1,1765416332,1765458128,0
LTE,470,1,58293,26041939,-1,90.401,23.8154,1000,11,1,1765416612,1765458128,0
LTE,470,3,1149,4266303,-1,90.4003,23.8147,1000,4,1,1765416702,1765458128,0
LTE,470,1,58293,25624353,-1,90.4,23.8148,1000,1,1,1765416892,1765416892,0
LTE,470,1,58293,25721120,-1,90.4,23.8148,1000,1,1,1765416902,1765416902,0
LTE,470,3,1151,3111232,-1,90.4,23.8148,1000,1,1,1765416932,1765416932,0
LTE,470,1,58293,26041919,-1,90.4001,23.8146,1000,4,1,1765417337,1765458128,0
LTE,470,3,1048,3479753,-1,90.4024,23.8157,1000,2,1,1765417892,1765458128,0
LTE,470,1,58293,25624333,-1,90.3999,23.8145,1000,1,1,1765422278,1765422278,0
LTE,470,1,58293,26041869,-1,90.4002,23.8148,1000,7,1,1765422434,1765458128,0
GSM,470,3,720,46643,-1,90.4021,23.816,1000,1,1,1765422912,1765422912,0
LTE,470,1,58293,25624331,-1,90.4024,23.8162,1000,3,1,1765422952,1765458128,0
LTE,470,3,1149,3110483,-1,90.4043,23.8166,1000,2,1,1765423292,1765458128,0
LTE,470,1,58293,25624381,-1,90.4052,23.8165,1000,1,1,1765423492,1765423492,0
LTE,470,1,58293,25624126,-1,90.4053,23.8163,1000,10,1,1765423502,1765458128,0
LTE,470,3,1048,3479773,-1,90.4053,23.8161,1000,1,1,1765424162,1765424162,0
LTE,470,1,58293,25624077,-1,90.4051,23.8165,1000,2,1,1765424748,1765458128,0
LTE,470,1,58293,25624127,-1,90.405,23.8163,1000,2,1,1765424872,1765458128,0
LTE,470,1,58222,27205920,-1,90.4203,23.827,1000,2,1,1765425341,1765458128,0
LTE,470,1,58222,25632033,-1,90.4201,23.8274,1000,3,1,1765425352,1765458128,0
LTE,470,1,58222,25621024,-1,90.4196,23.8283,1000,4,1,1765425362,1765458128,0
LTE,470,1,58222,25636128,-1,90.4194,23.8294,1000,3,1,1765425415,1784373722,0
LTE,470,1,58222,25671457,-1,90.4088,23.85,1000,1,1,1765425916,1765425916,0
LTE,470,1,58222,25680163,-1,90.4086,23.8502,1000,1,1,1765425922,1765425922,0
LTE,470,3,1151,2608201,-1,90.4078,23.8526,1000,3,1,1765427552,1765458129,0
LTE,470,3,1175,3117375,-1,90.4076,23.8529,1000,1,1,1765429073,1765429073,0
LTE,470,1,58222,26557215,-1,90.4075,23.8531,1000,1,1,1765430213,1765430213,0
LTE,470,1,62491,26437663,-1,90.4183,23.9816,1000,10,1,1765432690,1783724052,0
LTE,470,1,62491,26117921,-1,90.4188,23.9858,1000,17,1,1765432763,1783724101,0
LTE,470,3,1172,3629535,-1,90.4187,23.9848,1000,12,1,1765432803,1783724101,0
LTE,470,3,1172,3629313,-1,90.4196,23.9915,1000,7,1,1765432833,1783724101,0
LTE,470,3,1172,2597378,-1,90.4174,23.997,1000,4,1,1765432923,1765458130,0
LTE,470,1,62491,27309067,-1,90.4197,23.995,1000,3,1,1765432933,1765458129,0
GSM,470,3,887,11452,-1,90.4197,23.9947,1000,2,1,1765432943,1765458129,0
GSM,470,3,887,7763,-1,90.4197,23.9956,1000,1,1,1765432953,1765432953,0
GSM,470,3,887,64630,-1,90.4201,23.9984,1000,1,1,1765433423,1765433423,0
GSM,470,3,887,36572,-1,90.4202,23.9986,1000,1,1,1765433463,1765433463,0
LTE,470,1,62491,25937163,-1,90.4204,23.9986,1000,1,1,1765433513,1765433513,0
LTE,470,1,1172,3496651,-1,90.4186,23.9995,1000,1,1,1765434233,1765434233,0
LTE,470,3,1172,2597457,-1,90.418,23.9991,1000,1,1,1765434383,1765434383,0
LTE,470,1,62491,25937235,-1,90.4167,23.9982,1000,18,1,1765434473,1765458130,0
LTE,470,3,1172,3093054,-1,90.416,24.0004,1000,4,1,1765434903,1765458130,0
LTE,470,1,62491,25936161,-1,90.4157,24.0017,1000,9,1,1765435033,1765458130,0
LTE,470,3,1172,3093053,-1,90.4153,24.004,1000,11,1,1765435093,1765458130,0
LTE,470,1,62491,27168032,-1,90.4152,24.0048,1000,7,1,1765435163,1765458130,0
LTE,470,3,1172,2864702,-1,90.4149,24.0066,1000,2,1,1765435213,1765458130,0
LTE,470,1,62491,27168082,-1,90.4152,24.0111,1000,9,1,1765435223,1769209390,0
LTE,470,3,1172,2864701,-1,90.4149,24.0093,1000,3,1,1765435253,1765458130,0
LTE,470,3,1172,4268352,-1,90.4153,24.0103,1000,3,1,1765435273,1765458130,0
LTE,470,3,1207,3106506,-1,90.4154,24.0113,1000,2,1,1765435303,1765458130,0
LTE,470,3,1172,28679369,-1,90.4173,24.0229,1293,16,1,1765435403,1783724110,0
LTE,470,3,1172,28679389,-1,90.4173,24.0229,1271,28,1,1765435473,1783724103,0
LTE,470,3,1172,2734603,-1,90.4175,24.0192,1000,7,1,1765435513,1778254381,0
LTE,470,3,1172,2734594,-1,90.4191,24.0229,1000,5,1,1765435563,1769209390,0
LTE,470,3,1172,2734654,-1,90.4191,24.0233,1000,5,1,1765435593,1765458131,0
GSM,470,3,887,41867,-1,90.4184,24.0255,1000,4,1,1765435603,1765458131,0
LTE,470,3,1207,4508742,-1,90.4158,24.0262,1000,3,1,1765435853,1769209390,0
LTE,470,1,62501,27041362,-1,90.4153,24.0262,1000,5,1,1765435863,1765458131,0
LTE,470,3,1207,2705474,-1,90.4152,24.0288,1000,4,1,1765435953,1765458131,0
LTE,470,3,1207,2705411,-1,90.4152,24.0293,1000,8,1,1765435993,1783724111,0
LTE,470,3,1207,2705470,-1,90.4156,24.0303,1000,5,1,1765436003,1765458131,0
LTE,470,3,1207,2705469,-1,90.4162,24.0334,1000,23,1,1765436083,1783724103,0
LTE,470,3,1207,2705410,-1,90.4186,24.0319,1000,16,1,1765436153,1783724111,0
LTE,470,3,1207,2705409,-1,90.4161,24.0339,1000,16,1,1765436233,1783724111,0
GSM,470,1,21094,238,-1,90.4158,24.0324,1000,2,1,1765437234,1783724103,0
GSM,470,3,896,15671,-1,90.4161,24.0333,1000,2,1,1765438014,1783724102,0
LTE,470,3,1207,2705472,-1,90.4157,24.0348,1000,9,1,1765438044,1783724103,0
LTE,470,3,1207,3152191,-1,90.4157,24.0351,1000,14,1,1765438123,1783724103,0
LTE,470,1,43311,77406221,0,91.7853,22.3345,1000,1,1,1765510846,1765510846,0
LTE,470,3,2059,6045985,0,91.8627,22.3657,1000,5,1,1765685285,1765959661,0
LTE,470,3,2059,5141025,0,91.8629,22.3657,1000,10,1,1765685318,1765964521,0
LTE,470,3,2059,5140995,0,91.8627,22.3656,1000,7,1,1765904713,1765963801,0
LTE,470,3,2059,6045955,0,91.8629,22.3657,1000,7,1,1765942670,1765963742,0
LTE,470,3,2059,5141075,0,91.8629,22.3657,1000,1,1,1765954881,1765954881,0
LTE,470,3,4028,10995487,-1,89.5474,22.8107,1000,4,1,1766203824,1767576902,0
LTE,470,4,47191,102406912,-1,89.5474,22.8104,1000,1,1,1766203824,1766203824,0
LTE,470,4,47191,103433476,-1,89.5474,22.8106,1000,7,1,1766204250,1769752681,0
LTE,470,2,8429,34089000,-1,90.3132,23.8705,1025,27,1,1766122050,1774971542,0
LTE,470,2,8429,34089006,-1,90.3114,23.8597,1000,8,1,1766122330,1766215144,0
LTE,470,4,17011,25905174,-1,90.3112,23.8576,1000,3,1,1766123691,1766215144,0
LTE,470,2,8429,258639400,-1,90.3296,23.8571,2671,18,1,1766125511,1774971542,0
LTE,470,2,8429,258639402,-1,90.3401,23.856,2299,6,1,1766125571,1774971543,0
LTE,470,2,8429,258639401,-1,90.3254,23.8572,1000,14,1,1766125811,1766215145,0
LTE,470,2,8429,34406414,-1,90.3297,23.8551,1000,4,1,1766126122,1774971542,0
LTE,470,2,8429,33671209,-1,90.3324,23.8543,1000,5,1,1766126162,1766215145,0
LTE,470,2,8429,33671208,-1,90.3359,23.8532,1000,9,1,1766126192,1766215145,0
LTE,470,2,8428,33838132,-1,90.3399,23.8514,1000,4,1,1766126252,1766215145,0
LTE,470,2,8429,34320426,-1,90.3499,23.859,1000,14,1,1766126392,1774971543,0
LTE,470,2,8429,34320425,-1,90.3481,23.8595,1000,4,1,1766126432,1766215145,0
LTE,470,2,8429,34320424,-1,90.3515,23.8594,1000,14,1,1766126452,1766215146,0
LTE,470,2,8429,34551052,-1,90.3592,23.8584,1000,1,1,1766126582,1766126582,0
LTE,470,4,17021,26901525,-1,90.3597,23.8601,1000,8,1,1766126592,1766215146,0
LTE,470,2,8429,34551056,-1,90.3656,23.8641,1000,9,1,1766126692,1766215146,0
GSM,470,2,1392,22991,-1,90.3669,23.8671,1000,4,1,1766126802,1766215146,0
LTE,470,2,8216,34361616,-1,90.368,23.8722,1000,6,1,1766126872,1766215146,0
LTE,470,2,8216,33781263,-1,90.3689,23.8749,1000,12,1,1766126902,1766215146,0
LTE,470,2,8216,33781264,-1,90.3716,23.875,1000,5,1,1766127002,1766215146,0
LTE,470,2,8216,34361614,-1,90.3748,23.8746,1000,9,1,1766127052,1766215146,0
LTE,470,4,17021,26675221,-1,90.384,23.8743,1000,1,1,1766127252,1766127252,0
LTE,470,2,8426,34114067,-1,90.4,23.8632,1000,3,1,1766128212,1766215147,0
LTE,470,2,8202,33287947,-1,90.4212,23.8485,1000,1,1,1766191264,1766191264,0
LTE,470,4,17151,27241733,-1,90.4214,23.8476,1000,1,1,1766191484,1766191484,0
LTE,470,2,8202,34402060,-1,90.4212,23.8483,1000,1,1,1766193264,1766193264,0
LTE,470,2,61020,48663563,-1,89.9203,24.2341,1000,1,1,1766316042,1766316042,0
GSM,470,1,25086,4748,-1,89.9203,24.2341,1000,1,1,1766316042,1766316042,0
GSM,470,1,25086,4750,-1,89.9203,24.2341,1000,1,1,1766316042,1766316042,0
GSM,470,1,25086,17110,-1,89.9203,24.2341,1000,1,1,1766316042,1766316042,0
GSM,470,1,25087,37247,-1,89.9203,24.2341,1000,1,1,1766316042,1766316042,0
LTE,470,2,8110,34077970,-1,90.4,23.7476,1000,3,1,1766458693,1766479981,0
LTE,470,2,8110,34077969,-1,90.4011,23.748,1000,7,1,1766458776,1766479981,0
LTE,470,2,8112,34077458,-1,90.4026,23.7485,1000,8,1,1766458903,1766479981,0
LTE,470,2,8112,34077459,-1,90.4035,23.7489,1000,1,1,1766459050,1766459050,0
LTE,470,2,8112,33599501,-1,90.4036,23.749,1000,1,1,1766459069,1766459069,0
LTE,470,2,8112,33607180,-1,90.4037,23.7489,1000,1,1,1766459833,1766459833,0
GSM,470,2,223,3013,-1,90.3505,23.7709,1000,1,1,1766630561,1766630561,0
GSM,470,1,21027,9030,-1,90.3505,23.7709,1000,1,1,1766630561,1766630561,0
LTE,470,2,8113,33283596,-1,90.3505,23.7709,1000,1,1,1766630690,1766630690,0
LTE,470,1,56192,25684491,-1,90.3505,23.7709,1000,1,1,1766630690,1766630690,0
LTE,470,2,8103,33951030,-1,90.4257,23.7824,1000,12,1,1757362812,1766868301,0
LTE,470,2,8103,33297676,-1,90.4256,23.7814,1000,6,1,1757362812,1766868301,0
LTE,470,2,9114,263718965,-1,91.1873,23.4661,1000,1,1,1749459711,1749459711,0
LTE,470,2,8103,33951029,-1,90.4257,23.782,1000,3,1,1757362867,1766868303,0
LTE,470,2,8103,34507532,-1,90.4251,23.7885,1000,3,1,1757363045,1766868301,0
LTE,470,2,8103,34001169,-1,90.4247,23.7911,1000,8,1,1757363122,1766868303,0
LTE,470,2,8103,33373451,-1,90.4244,23.7923,1000,3,1,1757363151,1766868303,0
LTE,470,2,8102,34000180,-1,90.424,23.7947,1000,6,1,1757363177,1766868301,0
LTE,470,2,8102,33305868,-1,90.4238,23.7962,1000,7,1,1757363227,1766868303,0
LTE,470,2,8102,33371149,-1,90.4236,23.7968,1000,3,1,1757363247,1766868301,0
LTE,470,2,8102,34351896,-1,90.4236,23.7974,1000,4,1,1757363269,1766868303,0
LTE,470,2,8102,33941528,-1,90.422,23.8047,1000,2,1,1757363557,1766868301,0
LTE,470,2,8102,33294092,-1,90.4215,23.8078,1000,6,1,1757363618,1766868302,0
LTE,470,2,8102,33294093,-1,90.4213,23.8099,1000,6,1,1757363638,1766868302,0
LTE,470,2,8102,34452760,-1,90.4213,23.8091,1000,4,1,1757363657,1766868302,0
LTE,470,2,8102,34452761,-1,90.4213,23.81,1000,3,1,1757363718,1766868301,0
LTE,470,2,8102,33913624,-1,90.4212,23.8107,1000,4,1,1757363746,1766868302,0
LTE,470,2,8102,34441782,-1,90.4222,23.812,1000,15,1,1757363763,1766868302,0
LTE,470,2,8102,34441739,-1,90.4256,23.8129,1000,6,1,1757364166,1766868302,0
LTE,470,2,8102,33953590,-1,90.4251,23.8128,1000,1,1,1757364350,1757364350,0
LTE,470,2,8102,33296907,-1,90.4259,23.8129,1000,3,1,1757364451,1766868302,0
LTE,470,2,8102,33296141,-1,90.4257,23.8141,1000,13,1,1757364491,1766868302,0
LTE,470,2,8102,33296143,-1,90.4251,23.8138,1000,4,1,1757364654,1766868302,0
LTE,470,2,8102,33296140,-1,90.425,23.8143,1000,11,1,1757364680,1766868302,0
LTE,470,2,8102,33300498,-1,90.425,23.8142,1000,3,1,1757364722,1766868302,0
LTE,470,2,8102,34325009,-1,90.4261,23.8151,1000,10,1,1757364763,1766868302,0
LTE,470,2,8102,33299724,-1,90.4262,23.8152,1000,8,1,1757364820,1766868302,0
LTE,470,2,8102,33299725,-1,90.4264,23.8153,1000,2,1,1757366769,1766868302,0
LTE,470,2,8102,34507276,-1,90.4262,23.8154,1000,3,1,1757366801,1766868302,0
LTE,470,2,8102,33299723,-1,90.4264,23.8151,1000,3,1,1757366842,1766868302,0
LTE,470,2,8102,34507282,-1,90.4262,23.8153,1000,6,1,1757366897,1766868302,0
LTE,470,2,8102,34325010,-1,90.4266,23.8155,1000,1,1,1757368137,1757368137,0
LTE,470,2,8102,34325011,-1,90.4263,23.8154,1000,2,1,1757368868,1766868302,0
LTE,470,2,8102,33949715,-1,90.4253,23.8143,1000,17,1,1757369906,1766868302,0
LTE,470,2,8102,33296139,-1,90.4251,23.8137,1000,3,1,1757370006,1766868302,0
LTE,470,2,8102,34441770,-1,90.4249,23.8126,1000,16,1,1757370113,1766868302,0
LTE,470,2,8102,34441769,-1,90.4242,23.8126,1000,9,1,1757370355,1766868302,0
LTE,470,2,8102,34441745,-1,90.4259,23.813,1000,5,1,1757370414,1766868302,0
GSM,470,2,54,19579,-1,90.4266,23.8128,1000,2,1,1757370633,1766868302,0
LTE,470,2,8102,33296144,-1,90.4265,23.8128,1000,1,1,1757370859,1757370859,0
LTE,470,2,8102,33300492,-1,90.4253,23.8133,1000,1,1,1757370983,1757370983,0
LTE,470,2,8102,33949713,-1,90.4252,23.814,1000,1,1,1757371807,1757371807,0
LTE,470,2,8102,34441781,-1,90.4215,23.8119,1000,8,1,1757372245,1766868302,0
LTE,470,2,8102,258585653,-1,90.4215,23.8087,1000,11,1,1757372537,1766868302,0
LTE,470,2,8102,34003475,-1,90.4221,23.8049,1000,4,1,1757372759,1766868302,0
LTE,470,2,8102,34003217,-1,90.4228,23.8019,1000,3,1,1757372821,1766868303,0
LTE,470,2,8102,33995794,-1,90.4235,23.7987,1000,3,1,1757372911,1766868303,0
LTE,470,2,8102,33396237,-1,90.4239,23.7961,1000,5,1,1757373090,1766868303,0
LTE,470,2,8103,33991185,-1,90.4246,23.7919,1000,4,1,1757373262,1766868303,0
LTE,470,2,8103,34507573,-1,90.4254,23.7874,1000,5,1,1757373438,1766868303,0
LTE,470,2,8103,34507572,-1,90.4254,23.7874,1000,5,1,1757373438,1766868303,0
LTE,470,2,8103,33951541,-1,90.4257,23.7865,1000,1,1,1757373585,1757373585,0
LTE,470,2,8103,33951540,-1,90.4257,23.786,1000,4,1,1757373585,1766868303,0
LTE,470,2,8103,33951535,-1,90.4258,23.7849,1000,7,1,1757373613,1766868303,0
LTE,470,2,8103,33951534,-1,90.4259,23.7845,1000,5,1,1757373687,1766868303,0
LTE,470,2,8103,33951028,-1,90.4257,23.7818,1000,4,1,1757373802,1766868303,0
LTE,470,2,8103,33951022,-1,90.4256,23.781,1000,2,1,1757373872,1766868303,0
LTE,470,2,8103,33951023,-1,90.4257,23.7793,1000,11,1,1757373872,1766868303,0
LTE,470,2,8103,33963537,-1,90.426,23.7755,1000,4,1,1757374112,1766868303,0
LTE,470,2,8103,33959442,-1,90.426,23.7749,1000,1,1,1757374150,1757374150,0
LTE,470,2,8103,33310477,-1,90.4255,23.7728,1000,2,1,1757374367,1766868303,0
LTE,470,2,8103,33960979,-1,90.4255,23.7727,1000,3,1,1757374367,1766868303,0
LTE,470,2,8103,34471449,-1,90.4243,23.7697,1000,2,1,1757374529,1766868303,0
LTE,470,2,8103,33302283,-1,90.4243,23.7697,1000,2,1,1757374529,1766868303,0
LTE,470,2,8107,34305804,-1,90.425,23.7668,1000,3,1,1757374700,1766868303,0
LTE,470,2,8107,34021162,-1,90.4246,23.7669,1000,1,1,1757374700,1757374700,0
LTE,470,2,8107,34506764,-1,90.4257,23.7663,1000,1,1,1757374818,1757374818,0
LTE,470,2,8105,34416909,-1,90.4274,23.7655,1000,1,1,1757375111,1757375111,0
GSM,470,2,98,20679,-1,90.4275,23.7654,1000,1,1,1757375139,1757375139,0
GSM,470,2,96,13925,-1,90.4275,23.7654,1000,1,1,1757375139,1757375139,0
GSM,470,2,98,42400,-1,90.4275,23.7654,1000,1,1,1757375275,1757375275,0
GSM,470,4,4312,41142,-1,89.5488,22.8099,1000,1,1,1766997211,1766997211,0
LTE,470,3,4028,10242337,-1,89.5488,22.8099,1000,1,1,1766997214,1766997214,0
LTE,470,3,5081,13013311,-1,89.5807,24.3512,1000,1,1,1767353777,1767353777,0
LTE,470,1,52011,31490080,-1,89.5807,24.3512,1000,1,1,1767353777,1767353777,0
LTE,470,2,8301,38430221,-1,90.3324,23.6155,1000,5,1,1767504059,1767524221,0
LTE,470,2,8301,261898292,-1,90.3324,23.6155,1000,3,1,1767504087,1767524221,0
GSM,470,1,22002,16077,-1,92.1131,21.2727,1000,2,1,1764357148,1768115821,0
LTE,470,1,43181,43529760,-1,92.1035,21.2747,1000,2,1,1764351404,1768115821,0
LTE,470,2,9518,257567017,-1,92.1035,21.2748,1000,5,1,1764351404,1768115821,0
LTE,470,1,43181,43529800,-1,92.1036,21.2749,1000,3,1,1764354943,1768115821,0
LTE,470,2,9518,120475959,-1,92.1042,21.2743,1000,3,1,1764356534,1768115821,0
LTE,470,1,43181,43529740,-1,92.1069,21.2729,1000,8,1,1764356534,1768115822,0
LTE,470,1,43181,43529810,-1,92.1043,21.2741,1000,2,1,1764356539,1768115821,0
LTE,470,2,9518,120389139,-1,92.1051,21.2728,1000,3,1,1764356549,1768115821,0
LTE,470,2,9518,120389138,-1,92.1056,21.2722,1000,1,1,1764356574,1764356574,0
LTE,470,2,9518,257543726,-1,92.1069,21.2724,1000,4,1,1764356610,1768115822,0
LTE,470,2,9518,257543720,-1,92.1095,21.2728,1000,7,1,1764357076,1768115822,0
LTE,470,2,9518,108392972,-1,92.1161,21.2739,1000,19,1,1764357127,1768115822,0
LTE,470,1,43181,44963595,-1,92.1204,21.2751,1000,1,1,1764357254,1764357254,0
LTE,470,2,9518,120425525,-1,92.1166,21.2738,1000,14,1,1764357402,1768115822,0
LTE,470,2,9518,108392978,-1,92.1164,21.2717,1000,3,1,1764357535,1768115822,0
LTE,470,3,1122,3732682,-1,90.5963,24.8341,1000,12,1,1767931042,1768133222,0
LTE,470,3,1122,3732702,-1,90.5964,24.834,1000,7,1,1767931023,1768133222,0
LTE,470,3,1122,17996065,-1,90.5977,24.8338,1000,1,1,1767931062,1767931062,0
LTE,470,3,1122,3732482,-1,90.5961,24.834,1000,8,1,1767931132,1768133222,0
LTE,470,3,1122,3732512,-1,90.5964,24.834,1000,13,1,1767931172,1768133222,0
GSM,470,3,630,45820,-1,90.5977,24.8338,1000,1,1,1767931152,1767931152,0
LTE,470,3,1122,3711489,-1,90.5936,24.8343,1000,3,1,1767931942,1768133221,0
LTE,470,3,1122,3711519,-1,90.5942,24.834,1000,8,1,1767931972,1768133222,0
LTE,470,3,1122,3561761,-1,90.5949,24.8342,1000,1,1,1767936643,1767936643,0
LTE,470,3,1122,3909663,-1,90.5975,24.8336,1000,1,1,1767938293,1767938293,0
GSM,470,1,30030,24956,-1,91.333,23.0591,1000,2,1,1768483318,1768483501,0
LTE,470,2,9209,99868435,-1,91.3328,23.0592,1000,1,1,1768483320,1768483320,0
LTE,470,2,9209,99868429,-1,91.333,23.0591,1000,2,1,1768483438,1768483501,0
LTE,470,2,50041,199684880,-1,89.9829,23.3908,1000,4,1,1768491660,1768491661,0
LTE,470,2,50041,199684942,-1,89.9847,23.3898,1000,1,1,1768491660,1768491660,0
LTE,470,2,50041,199684884,-1,89.9872,23.3888,1000,2,1,1768491660,1768491661,0
LTE,470,2,50041,199684940,-1,89.9983,23.3839,1261,4,1,1768491660,1768491661,0
LTE,470,2,50041,199684937,-1,89.99,23.3875,1000,1,1,1768491660,1768491660,0
LTE,470,2,50041,199684878,-1,89.9927,23.3862,1000,2,1,1768491660,1768491661,0
LTE,470,2,50041,199684943,-1,89.9952,23.3851,1000,1,1,1768491660,1768491660,0
LTE,470,2,50041,199684939,-1,89.9966,23.3845,1000,1,1,1768491660,1768491660,0
LTE,470,2,7515,199685199,-1,89.998,23.3839,1000,1,1,1768491660,1768491660,0
LTE,470,3,4099,3855363,-1,89.9997,23.3832,1000,2,1,1768491660,1768491661,0
LTE,470,2,50041,199684118,-1,90,23.383,1000,2,1,1768491660,1768491661,0
LTE,470,2,7515,199685140,-1,90.0011,23.3825,1000,1,1,1768491660,1768491660,0
LTE,470,1,62191,26691921,-1,90.3286,24.0098,1000,3,1,1768731875,1768816142,0
LTE,470,1,62191,27344210,-1,90.326,24.0102,1000,10,1,1768731885,1768816142,0
LTE,470,3,1200,3544322,-1,90.3263,24.0102,1000,3,1,1768731895,1768816142,0
LTE,470,3,1200,3544323,-1,90.3238,24.0105,1000,8,1,1768731905,1768816142,0
LTE,470,1,62191,27124051,-1,90.323,24.0106,1000,4,1,1768731915,1768816142,0
LTE,470,1,62191,26153299,-1,90.3203,24.011,1000,7,1,1768731925,1768816142,0
LTE,470,3,1200,3714562,-1,90.3203,24.011,1000,7,1,1768731925,1768816142,0
LTE,470,1,62191,26116689,-1,90.3172,24.0114,1000,4,1,1768731945,1768816142,0
LTE,470,3,1200,3540995,-1,90.3172,24.0114,1000,4,1,1768731945,1768816142,0
LTE,470,1,62191,26910035,-1,90.3127,24.0122,1000,17,1,1768731955,1768816142,0
LTE,470,3,1200,3470081,-1,90.3152,24.0117,1000,4,1,1768731955,1768816142,0
LTE,470,3,1200,3014147,-1,90.3135,24.0119,1000,4,1,1768731965,1768816142,0
LTE,470,3,1200,2783745,-1,90.3117,24.0124,1000,4,1,1768731975,1768816142,0
LTE,470,1,62191,27107922,-1,90.3103,24.0131,1000,7,1,1768731985,1768816142,0
LTE,470,3,1200,2783805,-1,90.3106,24.0129,1000,4,1,1768731985,1768816142,0
LTE,470,3,1200,2783965,-1,90.3116,24.0123,1000,2,1,1768731995,1768816142,0
LTE,470,3,1200,2783945,-1,90.3115,24.0124,1000,2,1,1768732015,1768816142,0
LTE,470,3,1200,2783947,-1,90.3062,24.0155,1000,10,1,1768732155,1768816142,0
LTE,470,1,62191,27107923,-1,90.3066,24.0153,1000,11,1,1768732165,1768816142,0
LTE,470,1,62191,26152275,-1,90.3028,24.0175,1000,10,1,1768732195,1768816142,0
LTE,470,3,1200,4492803,-1,90.3026,24.0176,1000,3,1,1768732205,1768816142,0
LTE,470,3,1200,4275457,-1,90.3007,24.0188,1000,7,1,1768732215,1768816142,0
LTE,470,1,62171,27301971,-1,90.2972,24.021,1000,10,1,1768732225,1768816142,0
LTE,470,3,1171,3799299,-1,90.2982,24.0204,1000,8,1,1768732235,1768816142,0
LTE,470,3,1171,3799359,-1,90.2961,24.0217,1000,4,1,1768732255,1768816142,0
LTE,470,3,1171,3032382,-1,90.2947,24.0227,1000,4,1,1768732265,1768816142,0
LTE,470,1,62171,26420562,-1,90.2885,24.0233,1000,15,1,1768732275,1768816143,0
LTE,470,3,1171,3032521,-1,90.2919,24.0235,1000,9,1,1768732275,1768816142,0
LTE,470,3,1171,4333313,-1,90.2897,24.0234,1000,7,1,1768732315,1771268101,0
LTE,470,3,1171,4333314,-1,90.2883,24.0233,1000,4,1,1768732325,1768816142,0
LTE,470,3,1171,4333374,-1,90.2866,24.0231,1000,4,1,1768732335,1768816142,0
LTE,470,3,1171,3032383,-1,90.2831,24.0235,1000,12,1,1768732345,1768816143,0
LTE,470,1,62171,26884433,-1,90.2805,24.0243,1000,11,1,1768732365,1768816143,0
LTE,470,3,1171,3584583,-1,90.2795,24.0247,1000,6,1,1768732375,1768816143,0
LTE,470,1,62171,26153043,-1,90.2753,24.0263,1000,13,1,1768732395,1768816143,0
LTE,470,3,1171,3584575,-1,90.2774,24.0255,1000,3,1,1768732395,1768816143,0
LTE,470,3,1171,3584515,-1,90.2762,24.026,1000,3,1,1768732405,1768816143,0
LTE,470,3,1171,2769155,-1,90.274,24.0268,1000,7,1,1768732415,1768816143,0
LTE,470,1,62171,26115409,-1,90.2708,24.0281,1000,8,1,1768732435,1768816143,0
LTE,470,3,1171,2769233,-1,90.2716,24.0278,1000,4,1,1768732435,1768816143,0
LTE,470,3,1171,3619273,-1,90.27,24.0284,1000,4,1,1768732445,1768816143,0
LTE,470,1,62171,26152785,-1,90.2669,24.0297,1000,11,1,1768732455,1768816143,0
LTE,470,3,1171,3067858,-1,90.2677,24.0293,1000,11,1,1768732455,1771268101,0
LTE,470,3,1171,3067710,-1,90.2655,24.0304,1000,4,1,1768732475,1768816143,0
LTE,470,1,62141,26069073,-1,90.2637,24.0318,1000,7,1,1768732485,1768816143,0
LTE,470,3,1171,3067717,-1,90.2643,24.0314,1000,4,1,1768732485,1768816143,0
LTE,470,3,1171,3067711,-1,90.2631,24.0322,1000,4,1,1768732495,1768816143,0
LTE,470,1,62171,26159955,-1,90.2619,24.0331,1000,3,1,1768732505,1768816143,0
LTE,470,3,1171,3947465,-1,90.2609,24.0339,1000,9,1,1768732505,1771268101,0
LTE,470,1,62141,27066194,-1,90.2607,24.034,1000,4,1,1768732515,1768816143,0
LTE,470,1,62141,27066193,-1,90.2588,24.0355,1000,7,1,1768732525,1768816143,0
LTE,470,3,1171,4493514,-1,90.2588,24.0355,1000,7,1,1768732525,1768816143,0
LTE,470,1,62141,26160467,-1,90.2569,24.0371,1000,5,1,1768732545,1768816143,0
LTE,470,1,62141,26159699,-1,90.255,24.0386,1000,5,1,1768732575,1768816143,0
LTE,470,3,1171,4493515,-1,90.2543,24.0391,1000,7,1,1768732585,1771268101,0
LTE,470,1,62141,26606929,-1,90.252,24.0405,1000,11,1,1768732605,1768816143,0
LTE,470,3,1171,4493315,-1,90.2532,24.0398,1000,5,1,1768732605,1768816143,0
LTE,470,3,1171,3399690,-1,90.2516,24.0409,1000,6,1,1768732625,1771268102,0
LTE,470,1,56161,26402130,-1,90.2412,24.046,1000,10,1,1768732695,1768816143,0
LTE,470,3,1171,3270090,-1,90.2417,24.0459,1000,15,1,1768732695,1771268102,0
LTE,470,3,1171,3270091,-1,90.2396,24.0462,1000,6,1,1768732725,1771268102,0
LTE,470,1,56161,26150993,-1,90.2401,24.0413,1000,23,1,1768732735,1768816144,0
LTE,470,3,1171,3270111,-1,90.2395,24.0447,1000,10,1,1768732735,1771268102,0
LTE,470,3,1171,3843645,-1,90.2399,24.0423,1000,8,1,1768732755,1771268102,0
LTE,470,3,1171,3648714,-1,90.2403,24.0405,1000,4,1,1768732775,1768816144,0
LTE,470,1,56161,26150994,-1,90.2421,24.0313,574,25,1,1768732805,1768816144,0
LTE,470,3,1171,2975199,-1,90.2419,24.0316,1000,5,1,1768732805,1771268102,0
LTE,470,3,1171,2975208,-1,90.2428,24.0269,1000,15,1,1768732865,1771268102,0
LTE,470,1,56981,26017617,-1,90.2432,24.0251,1000,7,1,1768732885,1768816144,0
LTE,470,3,1141,3824861,-1,90.2434,24.0239,1000,8,1,1768732895,1771268102,0
LTE,470,1,56981,26017619,-1,90.2439,24.0212,1000,11,1,1768732905,1768816144,0
LTE,470,3,1141,3824701,-1,90.2439,24.0213,1000,4,1,1768732915,1768816144,0
LTE,470,3,1141,3824863,-1,90.2444,24.0186,1000,8,1,1768732925,1768816144,0
LTE,470,1,56981,26017618,-1,90.247,24.0122,746,28,1,1768732935,1768816144,0
LTE,470,3,1141,2784061,-1,90.2462,24.0139,1000,14,1,1768732945,1768816144,0
LTE,470,3,1141,2784001,-1,90.2477,24.0106,1000,19,1,1768732985,1771268103,0
LTE,470,3,1141,2784012,-1,90.2491,24.0076,1000,7,1,1768732995,1768816144,0
LTE,470,1,56821,26024273,-1,90.252,24.0015,1000,17,1,1768733015,1768816145,0
LTE,470,3,1141,2784002,-1,90.251,24.0037,1000,23,1,1768733015,1771268103,0
LTE,470,3,1141,2784062,-1,90.2514,24.0028,1000,4,1,1768733025,1768816144,0
LTE,470,3,1141,3048511,-1,90.2537,23.9981,1000,3,1,1768733055,1768816144,0
LTE,470,1,56821,26016337,-1,90.2557,23.9937,1000,10,1,1768733065,1768816145,0
LTE,470,3,1141,4635393,-1,90.2541,23.9971,1000,4,1,1768733065,1771268103,0
LTE,470,1,56821,26016594,-1,90.2576,23.9898,1000,5,1,1768733145,1768816145,0
LTE,470,1,56821,27281489,-1,90.2597,23.9852,1000,12,1,1768733175,1768816145,0
LTE,470,3,1141,2588419,-1,90.2587,23.9873,1000,3,1,1768733185,1768816145,0
LTE,470,1,56821,26996561,-1,90.2596,23.9853,1000,8,1,1768733195,1768816145,0
LTE,470,3,1141,2588479,-1,90.2594,23.9859,1000,5,1,1768733195,1768816145,0
LTE,470,3,1141,2588478,-1,90.2598,23.9849,1000,2,1,1768733205,1768816145,0
LTE,470,3,1141,2588637,-1,90.2608,23.9829,1000,18,1,1768733215,1771268103,0
LTE,470,1,56821,26996563,-1,90.2621,23.9803,1000,7,1,1768733245,1768816145,0
LTE,470,1,56821,27281491,-1,90.2638,23.9762,1000,7,1,1768733265,1768816145,0
LTE,470,3,1141,2972361,-1,90.2629,23.9785,1000,3,1,1768733265,1768816145,0
LTE,470,3,1141,2972362,-1,90.2638,23.9761,1000,5,1,1768733275,1768816145,0
LTE,470,3,1141,2972382,-1,90.2643,23.9747,1000,6,1,1768733285,1771268104,0
LTE,470,1,56821,26015571,-1,90.2644,23.9746,1000,5,1,1768733295,1768816145,0
LTE,470,3,1141,2972222,-1,90.2646,23.9742,1000,1,1,1768733365,1768733365,0
LTE,470,3,1141,2972163,-1,90.2637,23.9763,1000,4,1,1768733415,1771268103,0
LTE,470,1,56821,26996305,-1,90.265,23.9732,1000,5,1,1768733765,1768816145,0
LTE,470,1,56821,27337043,-1,90.2652,23.9727,1000,3,1,1768733775,1768816145,0
LTE,470,1,56821,26996295,-1,90.2668,23.9689,1000,7,1,1768733885,1768816145,0
LTE,470,3,1141,3252481,-1,90.2656,23.9719,1000,1,1,1768733885,1768733885,0
LTE,470,3,1141,4096003,-1,90.267,23.9684,1000,5,1,1768733895,1768816145,0
LTE,470,1,56821,27337033,-1,90.2675,23.9671,1000,4,1,1768733905,1768816145,0
LTE,470,1,56821,27348039,-1,90.2675,23.9672,1000,1,1,1768735095,1768735095,0
LTE,470,1,56821,26996296,-1,90.2679,23.9662,1000,7,1,1768735205,1768816145,0
LTE,470,1,56821,26148679,-1,90.2682,23.9656,1000,1,1,1768735395,1768735395,0
LTE,470,1,56821,27348041,-1,90.2693,23.9628,1000,24,1,1768735425,1768816146,0
LTE,470,3,1135,2594314,-1,90.2683,23.9653,1000,2,1,1768735485,1768816145,0
LTE,470,3,1135,3204611,-1,90.2689,23.9638,1000,3,1,1768735445,1768816145,0
LTE,470,3,1135,4503299,-1,90.2686,23.9646,1000,1,1,1768735605,1768735605,0
LTE,470,3,1141,4096062,-1,90.2688,23.9641,1000,1,1,1768735695,1768735695,0
LTE,470,3,1135,3204691,-1,90.269,23.9637,1000,1,1,1768735725,1768735725,0
LTE,470,3,1135,3204831,-1,90.2698,23.9614,1000,14,1,1768735855,1771268104,0
LTE,470,3,1135,3204671,-1,90.2696,23.962,1000,2,1,1768735955,1768816145,0
LTE,470,1,56821,26996297,-1,90.2696,23.962,1000,2,1,1768736025,1768816145,0
LTE,470,1,56821,26011977,-1,90.27,23.961,1000,3,1,1768736115,1768816145,0
LTE,470,1,56821,26008392,-1,90.2708,23.959,1000,7,1,1768736225,1768816146,0
LTE,470,3,1135,3204670,-1,90.2704,23.96,1000,5,1,1768736345,1768816145,0
LTE,470,3,1135,3204610,-1,90.2707,23.9593,1000,2,1,1768736405,1768816146,0
LTE,470,3,1135,3204829,-1,90.2712,23.9581,1000,2,1,1768736525,1768816146,0
LTE,470,1,56821,26004807,-1,90.2728,23.9545,1000,12,1,1768736565,1768816146,0
LTE,470,1,56821,26004039,-1,90.2742,23.9508,1000,8,1,1768736605,1768816146,0
LTE,470,3,1135,2745917,-1,90.2742,23.951,1000,3,1,1768736615,1768816146,0
LTE,470,1,56821,26004041,-1,90.2741,23.9477,1000,9,1,1768736645,1768816146,0
LTE,470,3,1135,3511299,-1,90.2741,23.9475,1000,4,1,1768736655,1768816146,0
LTE,470,3,1135,3654401,-1,90.2735,23.9461,1000,5,1,1768736685,1768816146,0
LTE,470,3,1135,3654601,-1,90.2734,23.946,1000,4,1,1768736695,1771268104,0
LTE,470,1,58611,27202315,-1,90.2736,23.9461,1000,5,1,1768736705,1768816146,0
LTE,470,3,1135,3654470,-1,90.2735,23.9459,1000,2,1,1768736745,1768816146,0
LTE,470,1,58611,27202366,-1,90.2731,23.9453,1000,2,1,1768736896,1768816146,0
LTE,470,3,1135,3654621,-1,90.2732,23.9454,1000,1,1,1768736905,1768736905,0
LTE,470,3,1135,4390147,-1,90.2731,23.9451,1000,1,1,1768736996,1768736996,0
LTE,470,1,58611,26004541,-1,90.2722,23.9434,1000,6,1,1768737005,1771268104,0
LTE,470,3,1135,3221762,-1,90.2725,23.9439,1000,1,1,1768737105,1768737105,0
LTE,470,3,1135,3221982,-1,90.2722,23.9434,1000,8,1,1768737125,1771268104,0
LTE,470,1,58611,26004543,-1,90.2714,23.9417,1000,14,1,1768737155,1771268104,0
LTE,470,1,58611,26004553,-1,90.271,23.9408,1000,8,1,1768737195,1768816146,0
LTE,470,3,1135,3513405,-1,90.2713,23.9414,1000,2,1,1768737195,1768816146,0
LTE,470,3,1135,3654623,-1,90.2713,23.9415,1000,2,1,1768737205,1771268104,0
LTE,470,3,1135,4323133,-1,90.2708,23.9405,1000,3,1,1768737225,1768816146,0
LTE,470,3,1135,3513347,-1,90.2706,23.94,1000,3,1,1768737255,1771268104,0
LTE,470,1,58611,25999943,-1,90.2701,23.9389,1000,6,1,1768737265,1768816146,0
LTE,470,3,1135,4323293,-1,90.2703,23.9394,1000,2,1,1768737265,1768816146,0
LTE,470,3,1135,4323275,-1,90.2701,23.9387,1000,3,1,1768737275,1768816146,0
LTE,470,3,1135,2572547,-1,90.2701,23.9391,1000,3,1,1768737295,1771268104,0
LTE,470,1,58611,25999945,-1,90.2686,23.9355,1000,16,1,1768737315,1768816146,0
LTE,470,3,1135,3818205,-1,90.269,23.9364,1000,8,1,1768737326,1768816146,0
LTE,470,3,1135,2680777,-1,90.2686,23.9357,1000,3,1,1768737415,1771268104,0
LTE,470,3,1135,2680577,-1,90.2676,23.9335,1000,5,1,1768737436,1768816146,0
LTE,470,1,58611,27016521,-1,90.267,23.9321,1000,3,1,1768737455,1768816146,0
LTE,470,1,58611,26007367,-1,90.2657,23.9294,1000,11,1,1768737465,1768816146,0
LTE,470,3,1135,3687487,-1,90.2663,23.9307,1000,12,1,1768737465,1771268105,0
LTE,470,1,58601,26012734,-1,90.2643,23.9262,1000,18,1,1768737505,1771268105,0
LTE,470,3,1135,3633982,-1,90.2636,23.9247,1000,3,1,1768737535,1768816146,0
LTE,470,3,1135,3445318,-1,90.2632,23.9237,1000,3,1,1768737545,1768816147,0
LTE,470,1,58601,26008895,-1,90.2623,23.9218,1000,24,1,1768737545,1771268105,0
LTE,470,3,1135,3445450,-1,90.2623,23.9218,1000,7,1,1768737556,1768816147,0
LTE,470,1,58601,26012221,-1,90.2599,23.9166,1000,22,1,1768737605,1771268105,0
LTE,470,3,1135,3634141,-1,90.2624,23.9221,1000,4,1,1768737605,1771268105,0
GSM,470,3,723,16928,-1,90.2607,23.9182,1000,2,1,1768737615,1768816147,0
GSM,470,3,723,58913,-1,90.2601,23.917,1000,8,1,1768737615,1768816147,0
GSM,470,3,723,16631,-1,90.2597,23.916,1000,9,1,1768737628,1768816147,0
GSM,470,3,723,26311,-1,90.2596,23.9158,1000,2,1,1768737648,1768816147,0
GSM,470,3,723,59361,-1,90.2593,23.9151,1000,5,1,1768737648,1768816147,0
GSM,470,3,723,59362,-1,90.2592,23.9147,1000,3,1,1768737659,1768816147,0
LTE,470,1,58601,27195457,-1,90.2572,23.9143,1000,20,1,1768737675,1771268105,0
LTE,470,1,58601,26012223,-1,90.2605,23.9121,1000,7,1,1768737706,1771268105,0
LTE,470,1,58601,26013010,-1,90.2632,23.91,1000,1,1,1768737785,1768737785,0
LTE,470,3,1178,3095243,-1,90.2602,23.9121,1000,1,1,1768737885,1768737885,0
LTE,470,3,1135,3498045,-1,90.2603,23.9162,1000,4,1,1768738246,1771268105,0
LTE,470,1,58601,27195467,-1,90.2562,23.9147,1000,16,1,1768738486,1768816147,0
LTE,470,3,1135,3823875,-1,90.2551,23.9156,1000,12,1,1768738526,1771268105,0
LTE,470,3,1135,2584578,-1,90.2524,23.9167,1000,14,1,1768738546,1771268105,0
LTE,470,1,58601,27074376,-1,90.2484,23.9174,1000,10,1,1768738555,1768816147,0
LTE,470,3,1135,2584579,-1,90.2484,23.9175,1000,16,1,1768738566,1771268105,0
LTE,470,3,1136,3038429,-1,90.2398,23.9166,1000,17,1,1768738587,1771268105,0
GSM,470,3,724,19371,-1,90.2443,23.9176,1000,8,1,1768738596,1768816147,0
LTE,470,1,58601,26379532,-1,90.2424,23.9175,1000,8,1,1768738606,1768816147,0
GSM,470,3,723,10953,-1,90.2434,23.9175,1000,4,1,1768738606,1768816147,0
LTE,470,3,1136,3038410,-1,90.2414,23.9174,1000,4,1,1768738616,1768816148,0
LTE,470,1,56811,27037454,-1,90.2394,23.9171,1000,4,1,1768738626,1768816148,0
LTE,470,1,58601,26379533,-1,90.2369,23.9161,1000,7,1,1768738636,1768816148,0
LTE,470,1,56811,27037451,-1,90.2344,23.9132,1000,8,1,1768738656,1768816148,0
LTE,470,3,1136,3038409,-1,90.2371,23.9158,1000,16,1,1768738656,1771268105,0
LTE,470,1,56811,27037453,-1,90.2321,23.9118,1000,4,1,1768738676,1768816148,0
LTE,470,1,56811,26383883,-1,90.2287,23.9107,1000,12,1,1768738696,1768816148,0
LTE,470,3,1136,3586819,-1,90.2304,23.9112,1000,2,1,1768738706,1768816148,0
LTE,470,3,1136,2588929,-1,90.227,23.9102,1000,4,1,1768738736,1768816148,0
LTE,470,1,56811,27029260,-1,90.2224,23.9087,1000,15,1,1768738746,1768816148,0
LTE,470,3,1136,3638473,-1,90.2253,23.9094,1000,4,1,1768738746,1768816148,0
LTE,470,3,1136,3638475,-1,90.2205,23.9083,1000,14,1,1768738756,1768816148,0
LTE,470,1,56811,27029259,-1,90.2164,23.908,1000,8,1,1768738786,1768816148,0
LTE,470,3,1136,3638335,-1,90.2151,23.908,1000,3,1,1768738796,1768816148,0
LTE,470,1,56811,26207756,-1,90.2113,23.9079,1000,11,1,1768738806,1768816148,0
LTE,470,3,1136,4433982,-1,90.2133,23.908,1000,4,1,1768738806,1768816148,0
LTE,470,3,1136,4433922,-1,90.2102,23.9079,1000,7,1,1768738816,1768816148,0
LTE,470,1,56811,26207757,-1,90.2058,23.9075,1000,8,1,1768738836,1768816148,0
LTE,470,3,1136,3042527,-1,90.2069,23.9076,1000,4,1,1768738836,1768816148,0
LTE,470,3,1136,4101120,-1,90.2048,23.9075,1000,4,1,1768738846,1768816148,0
LTE,470,1,56811,26448652,-1,90.2017,23.9079,1000,10,1,1768738856,1768816148,0
LTE,470,1,56811,26448653,-1,90.1967,23.9094,1000,12,1,1768738886,1768816148,0
LTE,470,3,1136,3884351,-1,90.194,23.91,1000,6,1,1768738926,1771268106,0
LTE,470,1,56811,26706188,-1,90.1922,23.9104,1000,8,1,1768738926,1768816148,0
LTE,470,1,56811,26706258,-1,90.1828,23.9122,759,32,1,1768738966,1768816149,0
LTE,470,3,1140,3676673,-1,90.181,23.9125,1000,14,1,1768739016,1771268107,0
LTE,470,3,1140,2588735,-1,90.1797,23.9126,1000,4,1,1768739026,1768816149,0
LTE,470,3,1140,4109258,-1,90.1781,23.913,1000,4,1,1768739036,1768816149,0
LTE,470,1,56811,26449489,-1,90.1722,23.9146,1000,14,1,1768739056,1768816149,0
LTE,470,3,1140,2961154,-1,90.1748,23.9139,1000,14,1,1768739086,1771268107,0
LTE,470,1,56811,26448979,-1,90.1629,23.9162,1000,15,1,1768739096,1768816149,0
LTE,470,3,1140,2961155,-1,90.1659,23.9158,1000,14,1,1768739096,1771268107,0
LTE,470,3,1140,3270412,-1,90.158,23.9171,1000,10,1,1768739166,1768816149,0
LTE,470,3,1140,3270602,-1,90.1562,23.9176,1000,14,1,1768739206,1771268161,0
LTE,470,3,1140,3270603,-1,90.1491,23.9199,1000,16,1,1768739216,1771268161,0
LTE,470,3,1140,3270403,-1,90.1506,23.9194,1000,7,1,1768739226,1768816149,0
LTE,470,3,1140,3988482,-1,90.1451,23.9213,1000,15,1,1768739246,1768816149,0
LTE,470,1,56811,26449471,-1,90.1452,23.9214,1000,7,1,1768739256,1768816149,0
LTE,470,1,56811,26457101,-1,90.1238,23.9196,1000,7,1,1768739366,1768816150,0
LTE,470,1,56811,26449163,-1,90.1154,23.9185,1000,23,1,1768739386,1768816150,0
LTE,470,3,1140,3395275,-1,90.1203,23.9191,1000,6,1,1768739406,1771268161,0
LTE,470,3,1140,3395155,-1,90.1145,23.9184,1000,4,1,1768739416,1768816150,0
LTE,470,3,1140,3276298,-1,90.1125,23.9183,1000,11,1,1768739426,1771268161,0
LTE,470,1,56811,26449165,-1,90.1055,23.9179,1000,16,1,1768739446,1768816150,0
LTE,470,3,1140,3276351,-1,90.1065,23.918,1000,4,1,1768739456,1768816150,0
LTE,470,3,1140,4132925,-1,90.1043,23.9178,1000,4,1,1768739466,1768816150,0
LTE,470,1,56811,26701580,-1,90.0961,23.9165,1000,17,1,1768739486,1771268162,0
LTE,470,3,1140,2592010,-1,90.0965,23.9163,1000,18,1,1768739496,1771268162,0
LTE,470,1,56811,26705420,-1,90.0868,23.9156,1033,21,1,1768739516,1771268162,0
LTE,470,3,1140,2592003,-1,90.0915,23.9161,1000,9,1,1768739526,1768816150,0
LTE,470,3,1140,4990209,-1,90.0885,23.9159,1000,3,1,1768739556,1768816150,0
LTE,470,1,56811,27034891,-1,90.0751,23.9131,1000,8,1,1768739676,1768816150,0
LTE,470,1,56811,26705421,-1,90.0726,23.9121,1000,4,1,1768739696,1768816150,0
LTE,470,1,56811,27034893,-1,90.069,23.9107,1000,11,1,1768739706,1768816151,0
LTE,470,1,56811,26163212,-1,90.0647,23.9092,1000,8,1,1768739736,1768816151,0
LTE,470,3,1138,3265804,-1,90.0592,23.908,1000,13,1,1768739736,1771268163,0
LTE,470,3,1138,3265884,-1,90.0568,23.9075,1000,18,1,1768739776,1771268163,0
LTE,470,3,1138,3265793,-1,90.0517,23.9067,1000,10,1,1768739816,1771268163,0
LTE,470,3,1138,3265794,-1,90.0461,23.9058,1000,22,1,1768739836,1771268163,0
LTE,470,3,1138,3680513,-1,90.0291,23.8827,698,47,1,1768739986,1771268164,0
LTE,470,3,1138,4207873,-1,90.0206,23.8793,1000,11,1,1768740066,1771268164,0
LTE,470,3,1138,2618113,-1,90.0087,23.8726,1000,4,1,1768740176,1768816152,0
LTE,470,1,58351,27167757,-1,90.0001,23.871,1000,4,1,1768740246,1768816152,0
LTE,470,1,58351,25955852,-1,89.9978,23.8706,1000,7,1,1768740256,1768816152,0
LTE,470,3,1138,2617918,-1,89.9946,23.8704,1000,17,1,1768740256,1771268164,0
LTE,470,1,58351,25955915,-1,89.9895,23.8707,1000,15,1,1768740276,1768816153,0
LTE,470,3,1138,4207874,-1,89.9858,23.8713,1000,5,1,1768740336,1771268165,0
LTE,470,3,1138,3870014,-1,89.9281,23.8546,3278,21,1,1768740716,1771268166,0
GSM,470,3,726,11620,-1,89.9297,23.8528,1000,8,1,1768740746,1768816154,0
GSM,470,3,726,7803,-1,89.9287,23.8531,1000,4,1,1768740756,1768816154,0
GSM,470,3,726,56722,-1,89.9287,23.8531,1000,4,1,1768740756,1768816154,0
LTE,470,3,1138,3290174,-1,89.8783,23.8501,1186,50,1,1768741016,1771268166,0
GSM,470,1,25082,19825,-1,89.883,23.8491,1000,11,1,1768741026,1768816155,0
LTE,470,3,1138,3290175,-1,89.8572,23.8492,1223,22,1,1768741126,1771268167,0
GSM,470,3,726,8111,-1,89.8148,23.8263,1000,3,1,1768741516,1768816156,0
GSM,470,3,726,58530,-1,89.8148,23.8263,1000,3,1,1768741516,1768816156,0
LTE,470,3,1138,3990017,-1,89.815,23.8253,1000,3,1,1768741526,1768816156,0
LTE,470,3,1138,3990019,-1,89.8131,23.8173,1000,16,1,1768741536,1768816157,0
LTE,470,3,1138,3494091,-1,89.8041,23.7804,2046,39,1,1768741666,1771268171,0
LTE,470,1,46171,29141821,-1,89.8072,23.7792,1000,8,1,1768742496,1768816158,0
LTE,470,3,4097,4385567,-1,89.811,23.7832,1000,14,1,1768743022,1771268169,0
LTE,470,3,4097,3146462,-1,89.787,23.7665,2663,13,1,1768743524,1771268171,0
LTE,470,1,46171,28712766,-1,89.7862,23.7646,1427,11,1,1768744377,1768816159,0
LTE,470,3,1138,3916291,-1,89.7924,23.7691,1000,4,1,1768744377,1768816159,0
LTE,470,3,1141,4960971,-1,89.7929,23.7694,1000,1,1,1768744427,1768744427,0
LTE,470,3,4097,3146273,-1,89.7815,23.7654,1000,3,1,1768745382,1768816159,0
LTE,470,3,4097,3146276,-1,89.7794,23.7632,1000,8,1,1768745402,1771268171,0
LTE,470,1,46171,28712767,-1,89.7784,23.7614,1000,11,1,1768745412,1768816159,0
LTE,470,1,46171,29140769,-1,89.7731,23.7538,1000,9,1,1768745502,1768816159,0
LTE,470,1,46171,29141280,-1,89.7703,23.7505,1000,9,1,1768745532,1768816159,0
LTE,470,3,4097,3814945,-1,89.7716,23.7523,1000,10,1,1768745532,1771268171,0
LTE,470,3,4097,3814943,-1,89.7695,23.7489,1000,20,1,1768745542,1771268172,0
LTE,470,1,46171,29141281,-1,89.7675,23.7441,1000,13,1,1768745572,1768816159,0
LTE,470,1,46171,28712993,-1,89.7473,23.7227,705,28,1,1768745782,1768816201,0
LTE,470,1,46171,29146911,-1,89.7394,23.7133,669,25,1,1768745892,1768816201,0
LTE,470,1,46171,29146912,-1,89.7335,23.7052,1000,15,1,1768745992,1768816201,0
LTE,470,1,46171,28804386,-1,89.7261,23.7011,1000,18,1,1768746062,1768816201,0
LTE,470,1,46171,28804384,-1,89.7175,23.6945,1000,7,1,1768746137,1768816202,0
LTE,470,1,46171,28804387,-1,89.7107,23.6929,1000,20,1,1768746162,1768816203,0
LTE,470,3,4097,3894559,-1,89.6998,23.683,1000,6,1,1768746325,1768816203,0
LTE,470,3,4097,3894560,-1,89.7078,23.6736,1000,19,1,1768746393,1771268174,0
LTE,470,3,4097,4761631,-1,89.7333,23.6513,969,48,1,1768746682,1771268175,0
LTE,470,3,4097,2983967,-1,89.7438,23.6431,637,32,1,1768746752,1771268175,0
LTE,470,3,4097,2983968,-1,89.7605,23.6315,1562,50,1,1768746822,1771268221,0
LTE,470,3,4097,3288095,-1,89.7728,23.6161,1000,21,1,1768746982,1771268221,0
LTE,470,3,4102,2901025,-1,89.7709,23.6193,1000,4,1,1768746992,1768816204,0
LTE,470,3,4102,3955999,-1,89.7911,23.5963,1000,19,1,1768747222,1771268222,0
LTE,470,3,4102,3957537,-1,89.7895,23.563,786,26,1,1768747542,1771268223,0
LTE,470,3,4097,4099103,-1,89.7845,23.5571,1000,24,1,1768747622,1771268223,0
LTE,470,1,46141,29173516,-1,89.78,23.553,1000,9,1,1768747652,1768816206,0
LTE,470,3,4097,4099104,-1,89.7806,23.5535,1000,12,1,1768747652,1771268223,0
LTE,470,1,46141,28883006,-1,89.7699,23.5399,1000,12,1,1768747742,1768816206,0
LTE,470,1,46141,28883263,-1,89.7606,23.5378,716,28,1,1768747792,1768816207,0
LTE,470,3,4097,4521504,-1,89.7379,23.5403,1000,22,1,1768747972,1771268225,0
LTE,470,3,4097,2631455,-1,89.7262,23.5346,1000,17,1,1768748022,1771268225,0
GSM,470,3,271,37991,-1,89.6838,23.5333,1000,15,1,1768748242,1768816208,0
GSM,470,3,271,5731,-1,89.6832,23.5332,1000,6,1,1768748254,1768816208,0
GSM,470,3,271,5733,-1,89.6836,23.5332,1000,12,1,1768748254,1768816208,0
GSM,470,3,271,32322,-1,89.6812,23.5334,1000,14,1,1768748262,1768816208,0
GSM,470,3,271,49536,-1,89.6791,23.5337,1000,6,1,1768748282,1768816208,0
LTE,470,1,48351,29349389,-1,89.6598,23.5364,1000,11,1,1768748362,1768816209,0
LTE,470,3,4097,3515424,-1,89.6531,23.5379,1000,21,1,1768748372,1771268226,0
LTE,470,1,48351,29790987,-1,89.6482,23.5384,1000,17,1,1768748392,1768816209,0
LTE,470,3,4097,3515615,-1,89.6466,23.5387,1000,19,1,1768748392,1768816209,0
LTE,470,3,4097,3515595,-1,89.6494,23.5385,1024,38,1,1768748402,1771268226,0
LTE,470,3,4097,3515614,-1,89.638,23.5397,1000,11,1,1768748482,1768816209,0
LTE,470,3,4097,3515425,-1,89.6336,23.5413,1000,11,1,1768748512,1771268226,0
LTE,470,3,4097,3700993,-1,89.623,23.5422,1000,4,1,1768748693,1768816209,0
LTE,470,3,4097,3701195,-1,89.6199,23.5392,500,28,1,1768748703,1771268227,0
LTE,470,3,4097,3701025,-1,89.6135,23.5314,1000,24,1,1768748753,1771268227,0
LTE,470,1,48361,28849932,-1,89.5919,23.5274,1000,7,1,1768748863,1768816210,0
LTE,470,3,4097,2984479,-1,89.5848,23.5283,1000,21,1,1768748943,1771268227,0
LTE,470,1,48361,28834889,-1,89.5353,23.5417,1000,22,1,1768749173,1768816211,0
LTE,470,3,4097,2631209,-1,89.5407,23.5381,1000,10,1,1768749173,1768816211,0
LTE,470,3,4079,10475297,-1,89.4959,23.5275,1000,6,1,1768749683,1771268229,0
LTE,470,1,48361,29395025,-1,89.4867,23.5243,1000,21,1,1768749703,1768816212,0
LTE,470,1,48361,29394977,-1,89.4798,23.5229,1000,6,1,1768749753,1768816212,0
LTE,470,3,4079,10691103,-1,89.4528,23.5091,1000,7,1,1768749893,1771268229,0
LTE,470,3,4079,10691104,-1,89.4482,23.5071,1000,10,1,1768749903,1771268229,0
LTE,470,3,4079,11011359,-1,89.4336,23.4977,1000,8,1,1768750053,1768816214,0
LTE,470,3,4079,10356482,-1,89.4283,23.4875,1000,2,1,1768750183,1768816214,0
LTE,470,3,4079,10679042,-1,89.4137,23.4676,1000,8,1,1768750383,1768816214,0
LTE,470,1,48351,29393419,-1,89.3969,23.4105,1000,5,1,1768750713,1768816216,0
LTE,470,3,4079,10315522,-1,89.3879,23.3998,1000,4,1,1768750793,1768816216,0
LTE,470,3,4082,10492193,-1,89.3691,23.3715,1000,7,1,1768750983,1768816217,0
LTE,470,3,4082,10265119,-1,89.3628,23.3673,1000,21,1,1768751053,1768816217,0
LTE,470,3,4082,11013665,-1,89.3576,23.3639,1000,4,1,1768751113,1768816217,0
LTE,470,3,4082,10967297,-1,89.3552,23.3622,1000,1,1,1768751133,1768751133,0
LTE,470,1,48371,29726989,-1,89.3438,23.3537,1000,5,1,1768751204,1768816217,0
LTE,470,1,48371,29792781,-1,89.3026,23.3122,1000,7,1,1768751523,1768816218,0
LTE,470,3,4082,10392607,-1,89.2921,23.3033,1000,4,1,1768751593,1768816218,0
LTE,470,3,4082,10510881,-1,89.2843,23.2963,1000,13,1,1768751633,1771268343,0
LTE,470,1,48371,29061899,-1,89.2386,23.2611,1000,8,1,1768752033,1768816220,0
LTE,470,3,4082,11142147,-1,89.2369,23.2572,1000,4,1,1768752063,1768816220,0
LTE,470,1,48371,29205821,-1,89.2326,23.2488,1000,8,1,1768752113,1768816220,0
LTE,470,3,4082,10830879,-1,89.2342,23.25,1472,14,1,1768752113,1771268345,0
LTE,470,1,48371,29205823,-1,89.231,23.2465,1000,4,1,1768752133,1768816220,0
LTE,470,3,6010,10827266,-1,89.2181,23.2009,1000,7,1,1768752473,1768816221,0
LTE,470,1,48091,29047053,-1,89.2163,23.1951,1000,5,1,1768752543,1768816221,0
LTE,470,1,48091,28455180,-1,89.2142,23.1777,1000,4,1,1768752693,1771268347,0
LTE,470,3,6010,10315268,-1,89.2204,23.1712,1000,3,1,1768752903,1768816221,0
LTE,470,3,6010,10244610,-1,89.2148,23.165,1000,2,1,1768753143,1768816222,0
LTE,470,3,6010,10244611,-1,89.2122,23.1655,1000,6,1,1768753153,1768816222,0
LTE,470,1,48091,28453389,-1,89.2101,23.166,1000,4,1,1768753193,1768816222,0
LTE,470,3,6010,10472706,-1,89.2102,23.166,1000,3,1,1768753193,1768816222,0
LTE,470,3,6010,10472707,-1,89.2096,23.1661,1000,1,1,1768753203,1768753203,0
LTE,470,1,48091,29694220,-1,89.209,23.1656,1000,5,1,1768753213,1768816222,0
LTE,470,3,6010,10457090,-1,89.2093,23.166,1000,2,1,1768753213,1768816222,0
LTE,470,3,6010,10344705,-1,89.2083,23.1646,1000,8,1,1768753223,1768816222,0
LTE,470,1,48091,28454923,-1,89.208,23.1641,1000,5,1,1768753233,1768816222,0
LTE,470,1,48091,28454925,-1,89.2072,23.1624,1000,2,1,1768753253,1768816222,0
LTE,470,3,6010,10344707,-1,89.2071,23.162,1000,6,1,1768753253,1768816222,0
LTE,470,1,48091,28453900,-1,89.2068,23.1614,1000,3,1,1768753263,1768816222,0
LTE,470,1,48091,28456717,-1,89.2052,23.1555,1000,1,1,1768753333,1768753333,0
LTE,470,1,48091,28454157,-1,89.2046,23.1536,1000,3,1,1768753363,1768816222,0
LTE,470,1,48091,28471819,-1,89.204,23.1518,1000,3,1,1768753393,1768816222,0
LTE,470,1,48091,28471820,-1,89.2034,23.1504,1000,5,1,1768753403,1768816222,0
LTE,470,3,6010,11010817,-1,89.2034,23.1504,1000,5,1,1768753403,1768816222,0
LTE,470,1,48091,28471821,-1,89.2018,23.1481,1000,7,1,1768753423,1768816222,0
LTE,470,3,6010,11010818,-1,89.2024,23.1488,1000,3,1,1768753423,1768816222,0
LTE,470,3,6010,11010819,-1,89.2013,23.1476,1000,4,1,1768753433,1768816222,0
LTE,470,1,48111,28476744,-1,89.1995,23.1444,1141,24,1,1768753463,1769209386,0
LTE,470,1,48091,28471881,-1,89.1859,23.1415,1000,13,1,1768753573,1768816223,0
LTE,470,1,48111,29052232,-1,89.1763,23.1392,710,26,1,1768753613,1768816223,0
LTE,470,1,48111,29050440,-1,89.1657,23.1327,1000,23,1,1768753683,1768816223,0
LTE,470,3,6010,10807809,-1,89.1577,23.1293,1000,9,1,1768753753,1769209385,0
LTE,470,3,6010,10832672,-1,89.1482,23.1277,1000,17,1,1768753763,1768816224,0
LTE,470,1,48111,29052173,-1,89.1492,23.128,1000,11,1,1768753783,1768816224,0
LTE,470,3,6010,10713632,-1,89.1249,23.1191,1000,4,1,1768753903,1768816224,0
LTE,470,3,6010,10348319,-1,89.1191,23.1157,1000,3,1,1768753943,1768816224,0
LTE,470,3,6010,10484425,-1,89.1139,23.1117,574,43,1,1768753963,1771268351,0
LTE,470,3,6010,10988033,-1,89.1064,23.1058,1000,6,1,1768754043,1768816224,0
LTE,470,3,6010,10880288,-1,89.0749,23.0946,1000,5,1,1768754293,1768816261,0
LTE,470,3,6010,10831392,-1,89.0229,23.0666,1000,12,1,1768754593,1768816264,0
LTE,470,3,6010,10295043,-1,89.0105,23.0609,1000,10,1,1768754783,1768816264,0
LTE,470,3,6010,10295262,-1,89.0129,23.0618,1000,1,1,1768754803,1768754803,0
LTE,470,3,6010,10813699,-1,89.0048,23.0585,1000,7,1,1768754873,1768816264,0
LTE,470,3,4076,10470146,-1,89.0014,23.058,1000,8,1,1768754893,1768816264,0
LTE,470,3,4076,10805507,-1,88.9991,23.046,1000,4,1,1768755083,1768816264,0
LTE,470,3,4076,10805506,-1,88.9988,23.043,1000,9,1,1768755093,1768816264,0
LTE,470,3,4076,10805505,-1,89.0017,23.0339,2815,7,1,1768755123,1768816265,0
GSM,470,3,140,22163,-1,89.014,23.0221,1000,1,1,1768758213,1768758213,0
UMTS,470,3,700,23853943,110,89.0181,23.0184,1000,3,1,1768758383,1768816265,0
LTE,470,3,6010,10977282,-1,89.0223,23.0139,1000,2,1,1768758503,1768816265,0
LTE,470,3,6010,11071776,-1,89.0472,23.0079,2453,6,1,1768758603,1771268403,0
LTE,470,3,6010,11071746,-1,89.0326,23.0085,1536,6,1,1768758613,1771268403,0
UMTS,470,3,700,23850431,126,89.0295,23.0103,1000,3,1,1768758713,1771268403,0
LTE,470,1,48341,28905227,-1,89.0347,23.0104,1000,21,1,1768758843,1771268404,0
LTE,470,3,6010,10531587,-1,89.0319,23.0039,1000,11,1,1768758993,1768816266,0
LTE,470,1,48341,29715488,-1,89.0279,22.9987,1000,1,1,1768760651,1768760651,0
GSM,470,3,140,24991,-1,89.0357,23.0093,1417,6,1,1768785548,1771268404,0
LTE,470,1,6010,10531590,-1,89.028,22.9987,1000,1,1,1768786343,1768786343,0
LTE,470,2,8306,33681421,-1,90.264,23.937,1000,10,1,1767801635,1769015761,0
LTE,470,2,8306,258574891,-1,90.2656,23.9367,1000,4,1,1767843588,1769015761,0
LTE,470,2,8306,258569524,-1,90.268,23.9367,1000,3,1,1767843663,1769015761,0
LTE,470,2,8306,33659917,-1,90.2685,23.9372,1000,11,1,1767844050,1769015761,0
LTE,470,2,8306,33681425,-1,90.2691,23.9372,1000,1,1,1767844908,1767844908,0
LTE,470,2,8306,33659915,-1,90.2705,23.9399,1000,3,1,1767845164,1769015761,0
LTE,470,2,8306,34549003,-1,90.2711,23.9412,1000,2,1,1767845239,1769015762,0
LTE,470,2,8306,258569514,-1,90.2709,23.9406,1000,4,1,1767845254,1769015762,0
LTE,470,2,8306,33651218,-1,90.2724,23.9441,1000,5,1,1767845284,1769015761,0
LTE,470,2,8306,33651217,-1,90.274,23.9477,1000,5,1,1767845375,1769015761,0
LTE,470,2,8306,34093587,-1,90.2732,23.9531,1000,8,1,1767845465,1769015761,0
LTE,470,2,8306,33653266,-1,90.2707,23.9591,1000,10,1,1767845706,1769015761,0
LTE,470,2,8306,33653267,-1,90.269,23.9632,1000,9,1,1767846002,1769015761,0
LTE,470,2,8306,43596818,-1,90.2659,23.9708,1000,5,1,1767846513,1769015761,0
LTE,470,2,8306,43596817,-1,90.2629,23.9778,1000,4,1,1767846603,1769015761,0
LTE,470,2,8306,44835346,-1,90.2599,23.9846,1000,6,1,1767846664,1769015761,0
LTE,470,2,8209,44873747,-1,90.2577,23.9898,1000,2,1,1767846784,1769015761,0
LTE,470,2,8209,44873741,-1,90.2583,23.9884,1000,2,1,1767847054,1769015761,0
LTE,470,2,8209,34540812,-1,90.2588,23.9871,1000,1,1,1767847084,1767847084,0
LTE,470,2,8306,44835340,-1,90.2608,23.9829,1000,5,1,1767847115,1769015761,0
LTE,470,2,8306,43596811,-1,90.2635,23.9767,1000,7,1,1767847190,1769015762,0
LTE,470,2,8306,43596812,-1,90.2661,23.9704,1000,4,1,1767847295,1769015761,0
LTE,470,2,8306,44933133,-1,90.2675,23.9672,1000,2,1,1767847355,1769015761,0
LTE,470,2,8306,33653261,-1,90.2694,23.9624,1000,11,1,1767847385,1769015762,0
LTE,470,2,8306,33653260,-1,90.2718,23.9567,1000,8,1,1767847806,1769015762,0
LTE,470,2,8306,33679885,-1,90.2739,23.9516,1000,4,1,1767848016,1769015762,0
LTE,470,2,8306,33679884,-1,90.2738,23.9469,1000,4,1,1767848092,1769015762,0
LTE,470,2,8306,33651211,-1,90.2731,23.9451,1000,4,1,1767848192,1769015762,0
LTE,470,2,8306,33651212,-1,90.2718,23.9427,1000,6,1,1767848422,1769015762,0
LTE,470,2,8306,258569512,-1,90.2707,23.9401,1000,5,1,1767848738,1769015762,0
LTE,470,2,8306,258569526,-1,90.2701,23.9382,1000,2,1,1767858403,1769015762,0
LTE,470,2,8306,34094355,-1,90.2701,23.9377,1000,1,1,1767858554,1767858554,0
LTE,470,2,8306,258569527,-1,90.2698,23.9379,1000,1,1,1767859753,1767859753,0
LTE,470,1,48341,28838412,-1,89.0202,23.0654,1000,7,1,1769164948,1769209382,0
LTE,470,3,6010,10632991,-1,89.039,23.0726,1000,4,1,1769165068,1769209382,0
LTE,470,3,6010,10348547,-1,89.0797,23.0953,1000,4,1,1769165388,1769209383,0
LTE,470,3,6010,10489633,-1,89.0863,23.0961,1000,21,1,1769165398,1769209383,0
LTE,470,1,48341,28903507,-1,89.0945,23.0982,1000,10,1,1769165458,1769209384,0
LTE,470,3,6010,10489632,-1,89.093,23.0977,1000,4,1,1769165458,1769209384,0
LTE,470,1,48341,28702289,-1,89.101,23.1019,1000,15,1,1769165488,1769209384,0
LTE,470,3,6010,10250528,-1,89.1026,23.1031,1000,11,1,1769165558,1769209384,0
LTE,470,1,48341,29486161,-1,89.1046,23.1045,1000,2,1,1769165618,1769209384,0
LTE,470,1,48341,29486112,-1,89.1077,23.1069,1000,4,1,1769165798,1769209384,0
LTE,470,3,6010,10484445,-1,89.1162,23.1135,655,25,1,1769165848,1769209385,0
LTE,470,3,6010,10484226,-1,89.1301,23.1215,1000,4,1,1769165978,1769209385,0
LTE,470,3,6010,10295774,-1,89.1487,23.128,1000,23,1,1769166048,1771268350,0
LTE,470,1,48111,28906272,-1,89.1447,23.1272,1000,23,1,1769166058,1771268350,0
LTE,470,1,48101,29066527,-1,89.1524,23.1286,1000,4,1,1769166108,1769209385,0
LTE,470,1,48111,28903199,-1,89.1564,23.1292,1000,8,1,1769166118,1769209385,0
LTE,470,1,48111,29197857,-1,89.1561,23.1294,1055,22,1,1769166148,1771268350,0
LTE,470,3,6010,11100161,-1,89.1602,23.13,1000,4,1,1769166148,1769209385,0
LTE,470,1,48111,29197856,-1,89.1653,23.1325,1000,18,1,1769166178,1771268350,0
LTE,470,1,48111,28476705,-1,89.1961,23.1442,1000,20,1,1769166388,1771268349,0
LTE,470,1,48111,28476703,-1,89.1974,23.1458,1000,11,1,1769166488,1771268349,0
LTE,470,1,48111,28476704,-1,89.2024,23.1449,1000,8,1,1769166498,1769209386,0
LTE,470,1,48091,28456777,-1,89.2149,23.1447,1000,24,1,1769166558,1769209387,0
LTE,470,1,48091,28470601,-1,89.2332,23.1462,819,46,1,1769166648,1769209387,0
LTE,470,3,6010,10477314,-1,89.2208,23.1433,1000,3,1,1769166648,1769209387,0
LTE,470,3,6010,11162625,-1,89.2222,23.1426,1000,3,1,1769166658,1769209387,0
LTE,470,3,6010,10833153,-1,89.2324,23.1428,1000,6,1,1769166728,1769209387,0
LTE,470,3,6010,10491168,-1,89.2329,23.1475,1000,2,1,1769167158,1769209387,0
LTE,470,3,6010,10491169,-1,89.2321,23.1482,1000,6,1,1769167468,1769209387,0
LTE,470,3,6010,10491167,-1,89.2303,23.1508,1000,10,1,1769167548,1769209387,0
LTE,470,1,48091,28470304,-1,89.2284,23.1539,1000,8,1,1769167588,1769209387,0
LTE,470,1,48091,28470303,-1,89.2252,23.157,1000,12,1,1769167628,1769209387,0
LTE,470,3,6010,10245154,-1,89.2242,23.1579,1000,6,1,1769167648,1769209387,0
LTE,470,1,48091,28454688,-1,89.223,23.1597,1000,5,1,1769167668,1769209387,0
LTE,470,3,6010,10694175,-1,89.223,23.1597,1000,5,1,1769167668,1769209387,0
LTE,470,1,48091,28454687,-1,89.2225,23.1611,1000,3,1,1769167688,1769209387,0
LTE,470,3,6010,10694177,-1,89.2274,23.1617,1503,4,1,1769167688,1769209388,0
LTE,470,1,48091,29060128,-1,89.2318,23.1598,1000,5,1,1769168598,1769209387,0
LTE,470,3,6010,10687747,-1,89.2382,23.162,1000,3,1,1769168698,1769209388,0
LTE,470,3,4078,10292257,-1,89.2417,23.1634,1000,2,1,1769168758,1769209388,0
LTE,470,3,4078,10292255,-1,89.2419,23.1634,1000,1,1,1769168838,1769168838,0
LTE,470,3,4078,10292256,-1,89.2419,23.1634,1000,1,1,1769168868,1769168868,0
LTE,470,3,4078,10835488,-1,89.2419,23.1634,1000,1,1,1769168898,1769168898,0
GSM,470,3,142,42613,-1,89.2419,23.1634,1000,1,1,1769168988,1769168988,0
GSM,470,3,142,23251,-1,89.2419,23.1634,1000,1,1,1769169008,1769169008,0
GSM,470,3,142,22992,-1,89.2419,23.1634,1000,1,1,1769169008,1769169008,0
LTE,470,3,4078,10835457,-1,89.2419,23.1634,1000,1,1,1769169088,1769169088,0
LTE,470,3,4078,10447647,-1,89.2419,23.1634,1000,1,1,1769169098,1769169098,0
LTE,470,3,4078,10307104,-1,89.2419,23.1634,1000,1,1,1769169368,1769169368,0
LTE,470,3,4078,10641185,-1,89.2419,23.1634,1000,1,1,1769169388,1769169388,0
LTE,470,3,4078,10641184,-1,89.2419,23.1634,1000,1,1,1769169438,1769169438,0
LTE,470,3,4078,10633247,-1,89.2419,23.1634,1000,1,1,1769169518,1769169518,0
LTE,470,3,4081,10244384,-1,89.2419,23.1634,1000,1,1,1769169668,1769169668,0
LTE,470,1,48381,29051661,-1,89.2419,23.1634,1000,1,1,1769169748,1769169748,0
LTE,470,1,48381,29371425,-1,89.2419,23.1634,1000,1,1,1769169768,1769169768,0
LTE,470,3,4078,10447619,-1,89.2419,23.1634,1000,1,1,1769169758,1769169758,0
LTE,470,1,48381,29371404,-1,89.2419,23.1634,1000,1,1,1769169788,1769169788,0
GSM,470,3,145,61395,-1,89.2419,23.1634,1000,1,1,1769169848,1769169848,0
LTE,470,3,4081,10531843,-1,89.2419,23.1634,1000,1,1,1769169848,1769169848,0
LTE,470,3,4081,10531872,-1,89.2419,23.1634,1000,1,1,1769169898,1769169898,0
LTE,470,1,48381,29051660,-1,89.2419,23.1634,1000,1,1,1769169928,1769169928,0
LTE,470,3,4081,10910495,-1,89.2419,23.1634,1000,1,1,1769169988,1769169988,0
LTE,470,1,48381,29588747,-1,89.2419,23.1634,1000,1,1,1769170008,1769170008,0
LTE,470,3,4080,11057155,-1,89.2419,23.1634,1000,1,1,1769170008,1769170008,0
GSM,470,3,145,34733,-1,89.2419,23.1634,1000,1,1,1769170038,1769170038,0
LTE,470,3,4081,11129377,-1,89.2419,23.1634,1000,1,1,1769170058,1769170058,0
LTE,470,1,48381,29118989,-1,89.2419,23.1634,1000,1,1,1769170218,1769170218,0
GSM,470,3,145,46192,-1,89.2419,23.1634,1000,1,1,1769170278,1769170278,0
LTE,470,1,48381,29118992,-1,89.2419,23.1634,1000,1,1,1769170288,1769170288,0
LTE,470,1,48381,29118988,-1,89.2419,23.1634,1000,1,1,1769170308,1769170308,0
LTE,470,3,4081,10877217,-1,89.2419,23.1634,1000,1,1,1769170328,1769170328,0
LTE,470,1,48381,28496909,-1,89.2419,23.1634,1000,1,1,1769170378,1769170378,0
LTE,470,3,4081,10877215,-1,89.2419,23.1634,1000,1,1,1769170398,1769170398,0
LTE,470,1,48381,29570316,-1,89.2419,23.1634,1000,1,1,1769170438,1769170438,0
LTE,470,3,4081,10877473,-1,89.2419,23.1634,1000,1,1,1769170438,1769170438,0
LTE,470,1,48381,28496907,-1,89.2419,23.1634,1000,1,1,1769170598,1769170598,0
LTE,470,1,48381,28496908,-1,89.2419,23.1634,1000,1,1,1769170618,1769170618,0
LTE,470,1,48381,28497421,-1,89.2419,23.1634,1000,1,1,1769170638,1769170638,0
LTE,470,3,4081,10284291,-1,89.2419,23.1634,1000,1,1,1769170638,1769170638,0
LTE,470,1,48381,28497422,-1,89.2419,23.1634,1000,1,1,1769170688,1769170688,0
LTE,470,3,4081,10284294,-1,89.2419,23.1634,1000,1,1,1769170698,1769170698,0
LTE,470,1,48381,28498699,-1,89.2419,23.1634,1000,1,1,1769170708,1769170708,0
LTE,470,1,48381,28497440,-1,89.2419,23.1634,1000,1,1,1769170748,1769170748,0
GSM,470,1,23098,52977,-1,89.2419,23.1634,1000,1,1,1769170908,1769170908,0
GSM,470,1,23098,2147,-1,89.2419,23.1634,1000,1,1,1769170908,1769170908,0
GSM,470,1,23098,2146,-1,89.2419,23.1634,1000,1,1,1769170938,1769170938,0
GSM,470,1,23098,21811,-1,89.2419,23.1634,1000,1,1,1769171128,1769171128,0
GSM,470,1,23098,13759,-1,89.2419,23.1634,1000,1,1,1769171128,1769171128,0
GSM,470,3,145,49162,-1,89.2419,23.1634,1000,1,1,1769171128,1769171128,0
GSM,470,3,145,49683,-1,89.2419,23.1634,1000,1,1,1769171128,1769171128,0
GSM,470,1,23098,29462,-1,89.2419,23.1634,1000,1,1,1769171178,1769171178,0
GSM,470,1,23098,19908,-1,89.2419,23.1634,1000,1,1,1769171178,1769171178,0
GSM,470,3,144,17103,-1,89.2419,23.1634,1000,1,1,1769171178,1769171178,0
GSM,470,3,145,28702,-1,89.2419,23.1634,1000,1,1,1769171178,1769171178,0
LTE,470,1,48381,29401887,-1,89.2419,23.1634,1000,1,1,1769171258,1769171258,0
LTE,470,3,4080,10878977,-1,89.2419,23.1634,1000,1,1,1769171398,1769171398,0
GSM,470,3,145,46103,-1,89.2419,23.1634,1000,1,1,1769171418,1769171418,0
GSM,470,1,27014,4195,-1,89.2419,23.1634,1000,1,1,1769171438,1769171438,0
LTE,470,3,4081,10396619,-1,89.2419,23.1634,1000,1,1,1769171448,1769171448,0
LTE,470,3,4081,10396617,-1,89.2419,23.1634,1000,1,1,1769171478,1769171478,0
LTE,470,3,4081,10396448,-1,89.2419,23.1634,1000,1,1,1769171538,1769171538,0
LTE,470,1,46121,29112609,-1,89.2419,23.1634,1000,1,1,1769171668,1769171668,0
LTE,470,1,46121,29112611,-1,89.2419,23.1634,1000,1,1,1769171698,1769171698,0
GSM,470,3,144,45181,-1,89.2419,23.1634,1000,1,1,1769171738,1769171738,0
LTE,470,3,4080,10372866,-1,89.2419,23.1634,1000,1,1,1769171878,1769171878,0
LTE,470,3,4080,10807328,-1,89.2419,23.1634,1000,1,1,1769172088,1769172088,0
LTE,470,3,4080,10811167,-1,89.2419,23.1634,1000,1,1,1769172128,1769172128,0
LTE,470,3,4080,10243616,-1,89.2419,23.1634,1000,1,1,1769172168,1769172168,0
LTE,470,3,4080,10243585,-1,89.2419,23.1634,1000,1,1,1769172218,1769172218,0
LTE,470,3,4080,35843785,-1,89.2419,23.1634,1000,1,1,1769172228,1769172228,0
LTE,470,1,46101,29738784,-1,89.2419,23.1634,1000,1,1,1769172288,1769172288,0
LTE,470,1,46101,29687841,-1,89.2419,23.1634,1000,1,1,1769172298,1769172298,0
LTE,470,3,4104,3923203,-1,89.2419,23.1634,1000,1,1,1769172358,1769172358,0
LTE,470,1,46101,29687840,-1,89.2419,23.1634,1000,1,1,1769172378,1769172378,0
LTE,470,3,4104,3923202,-1,89.2419,23.1634,1000,1,1,1769172448,1769172448,0
LTE,470,3,4080,10516511,-1,89.2419,23.1634,1000,1,1,1769172478,1769172478,0
LTE,470,3,4104,3016232,-1,89.2419,23.1634,1000,1,1,1769172588,1769172588,0
LTE,470,3,4104,3016194,-1,89.2419,23.1634,1000,1,1,1769172618,1769172618,0
LTE,470,3,4104,3486241,-1,89.2419,23.1634,1000,1,1,1769172758,1769172758,0
LTE,470,3,4104,3486240,-1,89.2419,23.1634,1000,1,1,1769172798,1769172798,0
GSM,470,3,278,32424,-1,89.2419,23.1634,1000,1,1,1769172878,1769172878,0
LTE,470,3,4104,3667488,-1,89.2419,23.1634,1000,1,1,1769172888,1769172888,0
LTE,470,3,4104,2854432,-1,89.2419,23.1634,1000,1,1,1769172938,1769172938,0
LTE,470,1,46101,29704461,-1,89.2419,23.1634,1000,1,1,1769172958,1769172958,0
GSM,470,3,278,1490,-1,89.2419,23.1634,1000,1,1,1769172978,1769172978,0
LTE,470,1,46101,29704479,-1,89.2419,23.1634,1000,1,1,1769172988,1769172988,0
GSM,470,3,278,56773,-1,89.2419,23.1634,1000,1,1,1769173008,1769173008,0
LTE,470,1,48301,29257248,-1,89.2419,23.1634,1000,1,1,1769173038,1769173038,0
LTE,470,1,48301,29787681,-1,89.2419,23.1634,1000,1,1,1769173078,1769173078,0
LTE,470,3,4104,3991840,-1,89.2419,23.1634,1000,1,1,1769173078,1769173078,0
LTE,470,1,48301,29257247,-1,89.2419,23.1634,1000,1,1,1769173098,1769173098,0
LTE,470,3,4104,4429344,-1,89.2419,23.1634,1000,1,1,1769173098,1769173098,0
LTE,470,3,4104,4429343,-1,89.2419,23.1634,1000,1,1,1769173138,1769173138,0
GSM,470,1,21093,11436,-1,90.4086,23.994,1000,8,1,1769184184,1769209389,0
GSM,470,1,21093,19406,-1,90.4086,23.994,1000,8,1,1769184184,1769209389,0
GSM,470,1,21093,16314,-1,90.4086,23.994,1000,8,1,1769184184,1769209389,0
LTE,470,3,1207,4638723,-1,90.4073,23.9936,1000,2,1,1769184184,1769209389,0
GSM,470,1,21093,2577,-1,90.409,23.9941,1000,6,1,1769184189,1769209389,0
LTE,470,3,1172,3855874,-1,90.409,23.9941,1000,6,1,1769184189,1769209389,0
LTE,470,3,1172,3855873,-1,90.4137,23.9955,1000,19,1,1769184209,1783724110,0
LTE,470,3,1172,4497411,-1,90.4171,23.9968,1000,1,1,1769184259,1769184259,0
LTE,470,3,1172,3496669,-1,90.4159,24.0037,1000,10,1,1769184659,1783724110,0
LTE,470,3,1172,3093055,-1,90.4153,24.0041,1000,3,1,1769184679,1769209390,0
LTE,470,3,1172,2864703,-1,90.415,24.0064,1000,5,1,1769184719,1769209390,0
LTE,470,3,1172,4459467,-1,90.4164,24.0106,1000,3,1,1769184759,1778243702,0
LTE,470,1,62501,27367251,-1,90.4179,24.02,1000,3,1,1769184969,1769209390,0
LTE,470,3,1172,3401476,-1,90.4173,24.0263,1000,13,1,1769185059,1783724111,0
LTE,470,3,1207,4508682,-1,90.4148,24.0263,1000,6,1,1769185139,1783724111,0
GSM,470,3,896,1225,-1,90.4145,24.0266,1000,3,1,1769185149,1769209390,0
LTE,470,1,62501,26120205,-1,90.4152,24.0292,1000,13,1,1769185189,1783724111,0
LTE,470,3,1207,3716866,-1,90.4156,24.0355,1000,12,1,1769185449,1783724111,0
LTE,470,2,9531,261172020,-1,91.9332,22.4633,1000,1,1,1769264910,1769264910,0
LTE,470,1,48401,29035531,-1,89.0761,23.7269,1000,4,1,1769290481,1769310362,0
UMTS,470,4,4902,2075419,376,89.0761,23.7269,1000,4,1,1769290481,1769310362,0
GSM,470,2,48,52055,-1,90.2172,24.3225,1000,3,1,1769274080,1769313721,0
GSM,470,3,829,51212,-1,89.9605,24.0789,1000,4,1,1769325930,1769325961,0
LTE,470,2,61019,48643602,-1,89.9603,24.0787,1000,3,1,1769325931,1769325961,0
LTE,470,2,61019,48643599,-1,89.9604,24.0789,1000,3,1,1769325931,1769325961,0
LTE,470,3,1108,3615234,-1,89.9603,24.0786,1000,4,1,1769325931,1769326022,0
LTE,470,2,61019,48643595,-1,89.9605,24.0786,1000,1,1,1769325931,1769325931,0
LTE,470,2,61019,48643596,-1,89.9603,24.0786,1000,1,1,1769326018,1769326018,0
LTE,470,3,1202,3598141,-1,90.3671,23.7873,1000,1,1,1769354237,1769354237,0
LTE,470,2,8103,33303564,0,90.4283,23.7731,1000,2,1,1769589479,1771098301,0
LTE,470,4,17131,26912772,-1,90.431,23.7772,1000,2,1,1769723301,1769723341,0
LTE,470,2,41102,243215638,-1,91.1137,23.9712,1000,1,1,1769741600,1769741600,0
LTE,470,3,4028,10369025,-1,89.5474,22.8104,1000,1,1,1769752676,1769752676,0
LTE,470,4,17131,25835523,-1,90.4307,23.7775,1000,1,1,1769754744,1769754744,0
LTE,470,4,17231,25666308,-1,90.4186,23.7632,1000,1,1,1769784035,1769784035,0
LTE,470,4,17131,26754821,-1,90.4246,23.7703,1000,2,1,1769789558,1769789581,0
LTE,470,4,17131,26754817,-1,90.4251,23.7716,1000,3,1,1769789558,1769789581,0
LTE,470,4,17131,26754818,-1,90.4248,23.7711,1000,1,1,1769789558,1769789558,0
LTE,470,4,17131,25899781,-1,90.426,23.7739,1000,2,1,1769789558,1769789581,0
LTE,470,4,17131,25763078,-1,90.4274,23.7736,1000,5,1,1769789558,1769789581,0
LTE,470,4,17131,25692164,-1,90.4287,23.7739,1000,3,1,1769789558,1769789581,0
LTE,470,2,9218,259073582,-1,91.3911,23.1856,1000,1,1,1770127291,1770127291,0
LTE,470,1,49111,39883603,-1,92.0214,25.1718,1000,2,1,1770143466,1770143521,0
LTE,470,2,44012,79390794,-1,92.0214,25.1718,1000,2,1,1770143466,1770143521,0
LTE,470,1,58223,27297853,-1,90.446,23.8204,1000,4,1,1770155850,1770534542,0
LTE,470,1,49581,78481691,-1,91.911,24.3799,1845,32,1,1770973303,1771015564,0
LTE,470,3,3003,33292290,-1,91.9123,24.3752,1267,50,1,1770973303,1771015563,0
GSM,470,1,25127,8882,-1,91.8996,24.3831,1000,3,1,1770975622,1770981541,0
GSM,470,3,353,33682,-1,91.9056,24.3668,3449,3,1,1770978086,1771003382,0
GSM,470,3,353,30472,-1,91.916,24.3772,1000,1,1,1770976382,1770976382,0
GSM,470,1,25127,61749,-1,91.9226,24.3801,1000,1,1,1770979172,1770979172,0
LTE,470,3,3003,33292291,-1,91.8997,24.3806,2843,25,1,1770975526,1771023241,0
LTE,470,1,49581,78481692,-1,91.9131,24.3775,1383,47,1,1770975551,1771023241,0
LTE,470,3,3003,33292350,-1,91.9004,24.3816,1000,21,1,1770975551,1771015563,0
LTE,470,1,49581,78481702,-1,91.9004,24.3823,1000,11,1,1770975581,1771023241,0
LTE,470,1,49581,78481682,-1,91.9012,24.3829,1000,1,1,1770975723,1770975723,0
LTE,470,3,3003,33292289,-1,91.9064,24.3839,1994,18,1,1770975743,1771023241,0
LTE,470,3,3003,33292351,-1,91.9041,24.3797,1550,50,1,1770975884,1771023242,0
LTE,470,3,3003,7739907,-1,91.9221,24.3881,1929,23,1,1770976088,1771015563,0
LTE,470,1,49581,78480159,-1,91.9264,24.3729,2346,50,1,1770976108,1771015562,0
LTE,470,1,49581,78481429,-1,91.9209,24.3936,1079,10,1,1770976128,1770994742,0
LTE,470,1,49581,78481687,-1,91.9159,24.3751,1047,11,1,1770976245,1771015563,0
LTE,470,1,49581,78481690,-1,91.9058,24.3787,1387,50,1,1770976255,1771023242,0
LTE,470,3,3003,7739967,-1,91.922,24.381,1833,21,1,1770976265,1771015563,0
LTE,470,3,3003,7774526,-1,91.9153,24.3693,3251,24,1,1770976422,1771015563,0
LTE,470,3,3003,7774466,-1,91.8936,24.369,4627,50,1,1770976427,1771015562,0
LTE,470,1,49581,78480161,-1,91.9288,24.3724,1129,21,1,1770976591,1771015563,0
LTE,470,3,3003,7901503,-1,91.9392,24.3734,1000,2,1,1770976618,1770981542,0
LTE,470,3,3003,7739966,-1,91.946,24.376,1705,23,1,1770976666,1770981543,0
LTE,470,3,3003,7739906,-1,91.9485,24.3783,1571,23,1,1770976677,1770981543,0
LTE,470,1,49581,78480445,-1,91.9446,24.3741,1798,42,1,1770976729,1770981543,0
LTE,470,1,49581,78480155,-1,91.9536,24.3851,1000,2,1,1770977187,1770981543,0
LTE,470,1,49581,78480420,-1,91.9545,24.3867,1000,5,1,1770977202,1770981543,0
LTE,470,1,49581,78480421,-1,91.9542,24.3863,1000,5,1,1770977489,1770981543,0
LTE,470,1,49581,78480447,-1,91.9515,24.3808,1000,18,1,1770977586,1770981543,0
LTE,470,3,3003,7901443,-1,91.9245,24.3885,2927,4,1,1770978146,1770994741,0
LTE,470,1,49571,78479381,-1,91.9226,24.387,1000,3,1,1770979223,1770982202,0
LTE,470,1,49581,77802261,-1,91.9215,24.395,1000,19,1,1770979339,1770994742,0
LTE,470,1,49581,78480661,-1,91.9214,24.3954,1000,13,1,1770979385,1770994742,0
LTE,470,1,49581,78480139,-1,91.9218,24.3944,1000,9,1,1770979400,1770994741,0
LTE,470,1,49581,78480663,-1,91.9211,24.3943,1000,1,1,1770979515,1770979515,0
LTE,470,1,49571,78479388,-1,91.9214,24.395,1000,1,1,1770979536,1770979536,0
LTE,470,1,49571,78479383,-1,91.9214,24.3954,1000,1,1,1770979853,1770979853,0
GSM,470,1,25127,21032,-1,91.9215,24.3966,1000,1,1,1770989158,1770989158,0
GSM,470,3,353,30471,-1,91.9032,24.3839,1000,1,1,1770991115,1770991115,0
LTE,470,1,49581,78480924,-1,91.9208,24.3964,1000,2,1,1770984557,1770994742,0
LTE,470,1,49581,78480917,-1,91.9208,24.3962,1000,2,1,1770984613,1770994741,0
LTE,470,1,49581,78481163,-1,91.9028,24.3838,1000,3,1,1770992865,1771015562,0
LTE,470,1,49581,78481173,-1,91.9041,24.3777,1000,6,1,1770994291,1771015562,0
LTE,470,1,49581,78481183,-1,91.901,24.3809,1000,5,1,1770994576,1771003385,0
LTE,470,1,49581,78481680,-1,91.9007,24.3819,1000,1,1,1770994697,1770994697,0
LTE,470,1,49581,78481700,-1,91.8992,24.3799,957,36,1,1770994697,1771015563,0
LTE,470,1,49561,77655051,-1,91.8957,24.3715,2701,14,1,1770996360,1771015562,0
LTE,470,1,49561,77655071,-1,91.891,24.3689,1000,3,1,1770996789,1771003382,0
LTE,470,1,49561,78477082,-1,91.8856,24.3644,1000,12,1,1770996819,1771003384,0
LTE,470,1,49561,78477083,-1,91.8846,24.3637,1000,17,1,1770996921,1771003384,0
LTE,470,1,49561,77655052,-1,91.8848,24.364,1000,3,1,1770996966,1771003383,0
LTE,470,1,49561,78477084,-1,91.8881,24.3668,1000,2,1,1770997078,1771003384,0
LTE,470,1,49561,78483216,-1,91.8797,24.3609,1000,5,1,1770997316,1771003383,0
LTE,470,3,3003,7701761,-1,91.8711,24.3594,1375,16,1,1770997316,1771003384,0
LTE,470,1,49561,77655053,-1,91.8812,24.3605,1000,2,1,1770997362,1771003383,0
LTE,470,3,3003,7813123,-1,91.8738,24.3598,1000,3,1,1770997387,1771003383,0
LTE,470,1,49561,77689877,-1,91.8794,24.3604,1000,6,1,1770997382,1771003384,0
LTE,470,1,49561,78477094,-1,91.8763,24.3603,1000,1,1,1770997474,1770997474,0
LTE,470,3,3003,7774467,-1,91.8685,24.3594,1000,11,1,1770997499,1771003384,0
LTE,470,1,49561,78477092,-1,91.8692,24.3594,1012,15,1,1770997504,1771003384,0
LTE,470,3,3003,7774527,-1,91.8676,24.3592,980,37,1,1770997529,1771003384,0
LTE,470,1,49561,78477093,-1,91.8684,24.3594,1000,3,1,1770997615,1771003383,0
LTE,470,1,49561,78483217,-1,91.8676,24.3591,1000,1,1,1770997635,1770997635,0
LTE,470,3,3003,7701565,-1,91.8676,24.3591,1000,1,1,1770997635,1770997635,0
LTE,470,1,49561,77689867,-1,91.868,24.3593,1000,6,1,1770997645,1771003384,0
LTE,470,3,3003,7701821,-1,91.871,24.3596,1000,6,1,1770997645,1771003384,0
LTE,470,1,49561,77689887,-1,91.8646,24.3587,1000,7,1,1770997655,1771003384,0
LTE,470,1,49561,78484753,-1,91.8608,24.3579,1000,8,1,1770997723,1771003384,0
LTE,470,1,49561,78484752,-1,91.8619,24.3579,1665,10,1,1770997784,1771003384,0
LTE,470,1,49581,78481701,-1,91.8986,24.3805,1283,11,1,1770998538,1771015563,0
LTE,470,1,49581,78481185,-1,91.901,24.3814,1000,2,1,1771001950,1771003385,0
LTE,470,1,49561,78477077,-1,91.9218,24.3706,1000,1,1,1771011947,1771011947,0
GSM,470,1,23011,21692,-1,89.1576,23.544,1000,1,1,1770997090,1770997090,0
GSM,470,1,23011,50676,-1,89.1576,23.544,1000,1,1,1770997090,1770997090,0
GSM,470,1,23011,17785,-1,89.1576,23.544,1000,1,1,1770997090,1770997090,0
GSM,470,1,23011,21698,-1,89.1576,23.544,1000,1,1,1770997090,1770997090,0
GSM,470,1,23011,21108,-1,89.1576,23.544,1000,1,1,1770997090,1770997090,0
LTE,470,2,50031,186896652,-1,89.1576,23.544,1000,1,1,1770997090,1770997090,0
LTE,470,3,1201,4649218,-1,90.3738,23.8293,1000,1,1,1771159751,1771159751,0
LTE,470,3,1171,3032541,-1,90.2926,24.0234,1000,5,1,1771213588,1771268101,0
LTE,470,3,1171,3032391,-1,90.2929,24.0235,1000,3,1,1771213598,1771268101,0
LTE,470,3,1171,3032323,-1,90.2882,24.0233,1000,4,1,1771213629,1771268101,0
LTE,470,3,1171,4333533,-1,90.2855,24.0231,1000,8,1,1771213639,1771268101,0
LTE,470,1,62171,26884413,-1,90.2828,24.0236,1000,6,1,1771213648,1771268101,0
LTE,470,3,1171,3584523,-1,90.2831,24.0234,1000,5,1,1771213658,1771268101,0
LTE,470,3,1171,2769354,-1,90.2741,24.0268,1000,4,1,1771213738,1771268101,0
LTE,470,3,1171,2769353,-1,90.2725,24.0274,1000,4,1,1771213748,1771268101,0
LTE,470,3,1171,3619293,-1,90.2709,24.0281,1000,4,1,1771213758,1771268101,0
LTE,470,3,1171,3067851,-1,90.2652,24.0306,1000,7,1,1771213788,1771268101,0
LTE,470,1,62141,26069053,-1,90.2651,24.0307,1000,3,1,1771213799,1771268101,0
LTE,470,3,1171,3067850,-1,90.2651,24.0307,1000,3,1,1771213799,1771268101,0
LTE,470,3,1171,3067651,-1,90.2629,24.0323,1000,3,1,1771213818,1771268101,0
LTE,470,1,62141,27066175,-1,90.2601,24.0345,1000,5,1,1771213848,1771268101,0
LTE,470,3,1171,3133130,-1,90.2597,24.0348,1000,3,1,1771213858,1771268101,0
LTE,470,3,1171,4340169,-1,90.2525,24.0402,1000,3,1,1771214008,1771268101,0
LTE,470,3,1171,3399881,-1,90.2505,24.0413,1000,3,1,1771214028,1771268101,0
LTE,470,1,56161,26150973,-1,90.2403,24.0405,1000,18,1,1771214168,1771268102,0
LTE,470,1,56161,26150974,-1,90.2421,24.031,631,27,1,1771214218,1771268102,0
LTE,470,3,1171,3843646,-1,90.2418,24.0327,1000,3,1,1771214248,1771268102,0
LTE,470,3,1171,2975039,-1,90.2421,24.0308,1000,6,1,1771214258,1771268102,0
LTE,470,1,56981,26017597,-1,90.2433,24.0245,1000,4,1,1771214308,1771268102,0
LTE,470,1,56981,26017599,-1,90.2448,24.0182,657,25,1,1771214318,1771268103,0
LTE,470,3,1141,3824641,-1,90.2436,24.0229,1000,4,1,1771214318,1771268102,0
LTE,470,3,1141,3824643,-1,90.2457,24.0149,1000,5,1,1771214368,1771268103,0
LTE,470,1,56981,26017598,-1,90.2486,24.0087,1000,19,1,1771214389,1771268103,0
LTE,470,1,56821,26024253,-1,90.2521,24.0014,1000,15,1,1771214448,1771268103,0
LTE,470,3,1141,4635402,-1,90.2532,23.9991,1000,3,1,1771214478,1771268103,0
LTE,470,1,56131,26413631,-1,90.2538,23.9979,1000,4,1,1771214488,1771268103,0
LTE,470,3,1141,4635453,-1,90.2543,23.9967,1000,6,1,1771214508,1771268103,0
LTE,470,1,56821,26016317,-1,90.2556,23.994,1000,18,1,1771214518,1771268103,0
LTE,470,3,1141,3048451,-1,90.2551,23.9949,1000,3,1,1771214539,1771268103,0
LTE,470,3,1141,3048449,-1,90.2556,23.9939,1000,3,1,1771214548,1771268103,0
LTE,470,3,1141,3048650,-1,90.2567,23.9916,1000,6,1,1771214568,1771268103,0
LTE,470,1,56821,26176574,-1,90.2573,23.9903,1000,2,1,1771214598,1771268103,0
LTE,470,3,1141,3146955,-1,90.2584,23.9879,1000,11,1,1771214598,1771268103,0
LTE,470,1,56821,26016574,-1,90.2579,23.989,1000,5,1,1771214609,1771268103,0
LTE,470,1,56821,26015549,-1,90.2588,23.9871,1000,6,1,1771214628,1771268103,0
LTE,470,3,1141,2588627,-1,90.2588,23.9871,1000,6,1,1771214628,1771268103,0
LTE,470,1,56821,26016061,-1,90.2596,23.9854,1000,4,1,1771214648,1771268103,0
LTE,470,1,56821,27281469,-1,90.2614,23.9816,1000,7,1,1771214659,1771268103,0
LTE,470,1,56821,26996543,-1,90.2616,23.9811,1000,11,1,1771214669,1771268103,0
LTE,470,3,1141,4960770,-1,90.2628,23.9783,1000,3,1,1771214699,1771268103,0
LTE,470,1,56821,27281471,-1,90.2645,23.9742,1000,10,1,1771214708,1771268104,0
LTE,470,1,56821,26996285,-1,90.2667,23.9691,1000,14,1,1771214758,1771268104,0
LTE,470,1,56821,26996286,-1,90.2682,23.9653,1000,4,1,1771214808,1771268104,0
LTE,470,1,56821,27348029,-1,90.2687,23.9639,1000,4,1,1771214818,1771268104,0
LTE,470,1,56821,27348031,-1,90.2696,23.9619,1000,7,1,1771214828,1771268104,0
LTE,470,1,56821,26008382,-1,90.2709,23.9589,1000,11,1,1771214849,1771268104,0
LTE,470,1,56821,26004797,-1,90.2727,23.9548,1000,13,1,1771214938,1771268104,0
LTE,470,3,1135,30103499,-1,90.2731,23.9539,1000,2,1,1771214988,1771268104,0
LTE,470,1,56821,26004029,-1,90.2741,23.9512,1000,8,1,1771215018,1771268104,0
LTE,470,1,56821,26004031,-1,90.2737,23.9469,1000,15,1,1771215088,1771268104,0
LTE,470,3,1135,3511497,-1,90.2739,23.9473,1000,5,1,1771215108,1771268104,0
LTE,470,3,1135,4390207,-1,90.2729,23.945,1000,1,1,1771215189,1771215189,0
LTE,470,1,58611,25999933,-1,90.27,23.9389,1000,4,1,1771215428,1771268104,0
LTE,470,1,58611,25999935,-1,90.269,23.9367,1000,17,1,1771215438,1771268105,0
GSM,470,3,723,10483,-1,90.2703,23.9394,1000,2,1,1771215448,1771268104,0
GSM,470,3,723,37232,-1,90.2703,23.9394,1000,2,1,1771215448,1771268104,0
LTE,470,3,1135,2572607,-1,90.2702,23.9391,1000,2,1,1771215458,1771268104,0
GSM,470,3,723,10482,-1,90.2699,23.9386,1000,1,1,1771215498,1771215498,0
LTE,470,3,1135,2572546,-1,90.2697,23.9382,1000,2,1,1771215519,1771268104,0
LTE,470,1,58611,26012478,-1,90.2672,23.9328,1000,3,1,1771215668,1771268105,0
LTE,470,1,58611,27016511,-1,90.2661,23.9303,1000,10,1,1771215678,1771268105,0
LTE,470,3,1135,3445458,-1,90.2627,23.9227,1000,6,1,1771215788,1771268105,0
LTE,470,3,1135,3445470,-1,90.2621,23.9215,1000,2,1,1771215848,1771268105,0
GSM,470,3,723,34572,-1,90.261,23.919,1000,5,1,1771215878,1771268105,0
LTE,470,1,58601,27195425,-1,90.2529,23.9166,1000,3,1,1771216079,1771268105,0
LTE,470,1,58601,26999583,-1,90.2477,23.9176,1000,11,1,1771216089,1771268105,0
LTE,470,3,1135,2584639,-1,90.2484,23.9178,1000,4,1,1771216108,1771268105,0
LTE,470,3,1136,4959292,-1,90.2464,23.9179,1000,6,1,1771216119,1771268105,0
LTE,470,1,58601,26379552,-1,90.241,23.9174,1000,11,1,1771216148,1771268105,0
LTE,470,3,1136,3038430,-1,90.2421,23.9175,1000,6,1,1771216148,1771268105,0
LTE,470,1,58601,26379553,-1,90.2369,23.9161,1000,10,1,1771216189,1771268106,0
LTE,470,1,56811,27037473,-1,90.2331,23.9125,1000,14,1,1771216229,1771268106,0
LTE,470,1,56811,26383904,-1,90.2292,23.911,1000,4,1,1771216289,1771268106,0
LTE,470,3,1136,3038431,-1,90.2292,23.911,1000,4,1,1771216289,1771268106,0
LTE,470,1,56811,26380063,-1,90.226,23.9098,1000,7,1,1771216309,1771268106,0
LTE,470,1,56811,26385953,-1,90.2223,23.9086,1000,8,1,1771216338,1771268106,0
LTE,470,1,56811,27029279,-1,90.2161,23.9081,1000,11,1,1771216369,1771268106,0
LTE,470,3,1136,3395531,-1,90.2172,23.9081,1000,5,1,1771216389,1771268106,0
LTE,470,3,1136,3395399,-1,90.2157,23.9081,1000,3,1,1771216409,1771268106,0
LTE,470,3,1136,3495937,-1,90.2114,23.9079,1000,16,1,1771216419,1771268106,0
LTE,470,1,56811,26448672,-1,90.2059,23.9078,1000,16,1,1771216449,1771268106,0
LTE,470,3,1136,3871235,-1,90.2021,23.9083,1387,9,1,1771216479,1771268106,0
LTE,470,3,1136,3495939,-1,90.2013,23.9081,1000,13,1,1771216499,1771268106,0
LTE,470,1,56811,26448673,-1,90.197,23.9094,1000,14,1,1771216529,1771268106,0
LTE,470,3,1136,3042367,-1,90.1953,23.9098,1000,10,1,1771216539,1771268106,0
LTE,470,3,1136,3042307,-1,90.1934,23.9102,1000,4,1,1771216569,1771268106,0
LTE,470,1,56811,26706208,-1,90.1887,23.9111,1000,24,1,1771216569,1771268107,0
LTE,470,1,56811,26706207,-1,90.1817,23.9124,1000,6,1,1771216679,1771268107,0
LTE,470,1,56811,26646560,-1,90.1789,23.9128,1000,8,1,1771216699,1771268107,0
LTE,470,1,56811,26448928,-1,90.1725,23.9146,1000,24,1,1771216729,1771268107,0
LTE,470,3,1140,4109278,-1,90.1748,23.9141,1000,3,1,1771216749,1771268107,0
LTE,470,3,1140,2961234,-1,90.1716,23.9148,1000,5,1,1771216779,1771268107,0
LTE,470,1,56811,26448929,-1,90.1628,23.9163,1000,9,1,1771216829,1771268107,0
LTE,470,3,1140,4109277,-1,90.1641,23.916,1000,4,1,1771216849,1771268107,0
LTE,470,3,1140,4109257,-1,90.1606,23.9166,1000,7,1,1771216869,1771268107,0
LTE,470,1,56811,26705953,-1,90.152,23.9191,1000,12,1,1771216889,1771268161,0
LTE,470,1,56811,26705952,-1,90.1539,23.9183,1000,15,1,1771216899,1771268161,0
LTE,470,1,56811,26705184,-1,90.1448,23.9215,1000,10,1,1771216959,1771268161,0
LTE,470,3,1140,3445735,-1,90.1448,23.9215,1000,10,1,1771216959,1771268161,0
LTE,470,1,56811,26705185,-1,90.1399,23.9224,1000,13,1,1771216989,1771268161,0
LTE,470,3,1140,3445715,-1,90.1377,23.9222,1000,10,1,1771216999,1771268161,0
LTE,470,1,56811,26457119,-1,90.1324,23.9212,1000,19,1,1771217028,1771268161,0
LTE,470,3,1140,3395274,-1,90.1295,23.9206,1000,19,1,1771217049,1771268161,0
LTE,470,1,56811,26457120,-1,90.1264,23.9201,1000,6,1,1771217089,1771268161,0
LTE,470,1,56811,26457121,-1,90.1223,23.9193,1000,13,1,1771217109,1771268161,0
LTE,470,3,1140,3395135,-1,90.1193,23.9189,1000,14,1,1771217129,1771268161,0
LTE,470,1,56811,26449183,-1,90.115,23.9185,1000,18,1,1771217149,1771268162,0
LTE,470,3,1140,3688705,-1,90.1148,23.9184,1000,4,1,1771217169,1771268161,0
LTE,470,3,1140,3276369,-1,90.1102,23.9182,1000,4,1,1771217199,1771268162,0
LTE,470,1,56811,26449235,-1,90.1052,23.9179,1000,11,1,1771217209,1771268162,0
LTE,470,3,1140,3276289,-1,90.107,23.918,1000,9,1,1771217219,1771268162,0
LTE,470,3,1140,3646409,-1,90.1031,23.9177,1000,8,1,1771217249,1771268162,0
LTE,470,1,56811,26701600,-1,90.1006,23.9173,1000,3,1,1771217279,1771268162,0
LTE,470,1,56811,26443849,-1,90.0996,23.917,1000,2,1,1771217289,1771268162,0
LTE,470,1,56811,26449225,-1,90.099,23.9168,1000,2,1,1771217299,1771268162,0
LTE,470,3,1140,2592061,-1,90.0955,23.9163,1000,5,1,1771217319,1771268162,0
LTE,470,1,56811,27034952,-1,90.0719,23.9119,1000,17,1,1771217529,1771268163,0
LTE,470,3,1140,4101437,-1,90.0731,23.9123,1000,6,1,1771217539,1771268162,0
LTE,470,1,56811,26163232,-1,90.0656,23.9095,1000,12,1,1771217589,1771268163,0
LTE,470,1,56811,26163233,-1,90.0595,23.908,1000,14,1,1771217629,1771268163,0
LTE,470,1,56121,26709024,-1,90.0535,23.907,1000,7,1,1771217679,1771268163,0
LTE,470,1,56121,26709025,-1,90.047,23.9059,1000,11,1,1771217729,1771268163,0
LTE,470,1,56121,27328800,-1,90.0412,23.9031,1000,11,1,1771217789,1771268163,0
LTE,470,3,1138,3734845,-1,90.0419,23.9038,1000,7,1,1771217789,1771268163,0
LTE,470,3,1138,3734786,-1,90.0395,23.9014,1000,7,1,1771217809,1771268163,0
LTE,470,1,56121,27328801,-1,90.0374,23.8971,1000,21,1,1771217819,1771268163,0
LTE,470,1,56121,26224160,-1,90.0341,23.8895,1000,16,1,1771217899,1771268163,0
LTE,470,1,56121,26224161,-1,90.0318,23.8844,1000,7,1,1771217949,1771268163,0
LTE,470,1,56121,27076383,-1,90.0292,23.8815,1000,11,1,1771217969,1771268164,0
LTE,470,1,58351,25989664,-1,90.0135,23.8743,1000,11,1,1771218079,1771268164,0
LTE,470,3,1138,2618124,-1,90.01,23.8728,1000,9,1,1771218129,1771268164,0
LTE,470,1,58351,27167775,-1,90.0055,23.872,1000,22,1,1771218149,1771268164,0
LTE,470,1,1138,2617857,-1,90.0074,23.8728,1000,1,1,1771218259,1771218259,0
LTE,470,1,58351,25955872,-1,90.0003,23.8711,1000,3,1,1771218609,1771268164,0
LTE,470,1,58351,25990177,-1,89.9875,23.8709,1000,12,1,1771218689,1771268165,0
LTE,470,3,1138,3533127,-1,89.9882,23.8708,1000,9,1,1771218689,1771268165,0
GSM,470,3,726,2911,-1,89.9851,23.8713,1000,2,1,1771218729,1771268165,0
GSM,470,3,726,18510,-1,89.9851,23.8713,1000,2,1,1771218729,1771268165,0
LTE,470,1,58351,26604319,-1,89.9851,23.8713,1000,1,1,1771218739,1771218739,0
GSM,470,3,726,38002,-1,89.9851,23.8713,1000,1,1,1771218789,1771218789,0
GSM,470,3,726,47211,-1,89.985,23.8712,1000,1,1,1771219559,1771219559,0
LTE,470,1,1138,4207874,-1,89.985,23.8712,1000,1,1,1771219769,1771219769,0
LTE,470,3,1138,3367741,-1,89.9598,23.8599,1000,6,1,1771220139,1771268165,0
LTE,470,1,58371,26439969,-1,89.9224,23.8546,709,26,1,1771220424,1771268166,0
LTE,470,1,58371,26440479,-1,89.9115,23.8533,1000,17,1,1771220504,1771268166,0
LTE,470,1,58371,26440481,-1,89.9006,23.8507,1000,24,1,1771220554,1771268166,0
LTE,470,1,58361,26453025,-1,89.8904,23.8492,1000,14,1,1771220624,1771268166,0
LTE,470,1,58371,26454304,-1,89.881,23.8496,1000,23,1,1771220664,1771268166,0
LTE,470,1,58371,26454305,-1,89.8691,23.8512,1000,22,1,1771220734,1771268166,0
LTE,470,1,58361,26603553,-1,89.852,23.848,1162,18,1,1771220794,1771268167,0
LTE,470,1,58361,26871584,-1,89.8548,23.8488,1000,11,1,1771220824,1771268167,0
LTE,470,1,58361,26445089,-1,89.8428,23.8463,1000,11,1,1771220874,1771268167,0
LTE,470,1,58361,26444833,-1,89.8405,23.8459,1000,8,1,1771220904,1771268167,0
LTE,470,1,58371,26438175,-1,89.8347,23.8459,1000,4,1,1771220964,1771268167,0
LTE,470,1,58371,26454559,-1,89.8309,23.8459,1000,12,1,1771220974,1771268167,0
LTE,470,1,58371,26454561,-1,89.8237,23.8457,1000,17,1,1771221034,1771268167,0
LTE,470,1,58371,26960416,-1,89.8164,23.845,1000,13,1,1771221094,1771268167,0
LTE,470,1,58371,26708511,-1,89.812,23.8421,1000,15,1,1771221134,1771268168,0
LTE,470,1,58371,26708512,-1,89.8136,23.8328,1000,15,1,1771221204,1771268168,0
LTE,470,1,58371,26438177,-1,89.8124,23.8142,1308,49,1,1771221294,1771268168,0
LTE,470,3,1138,3493949,-1,89.8105,23.8015,1140,13,1,1771221404,1771268168,0
LTE,470,3,1138,3494111,-1,89.805,23.7849,2433,18,1,1771221424,1771268171,0
LTE,470,1,58371,26709537,-1,89.8103,23.8005,1000,11,1,1771221434,1771268168,0
LTE,470,3,4098,4761887,-1,89.8068,23.7815,1000,4,1,1771222335,1771268170,0
LTE,470,3,4097,3146442,-1,89.7879,23.7673,1632,24,1,1771222786,1771268171,0
LTE,470,1,46171,29141841,-1,89.8074,23.777,1000,11,1,1771222978,1771268170,0
LTE,470,3,4097,3929425,-1,89.8104,23.7782,1000,1,1,1771223070,1771223070,0
LTE,470,3,4097,3929375,-1,89.8043,23.776,1000,1,1,1771223358,1771223358,0
LTE,470,1,46171,28712786,-1,89.7891,23.7663,1000,7,1,1771225069,1771268171,0
LTE,470,1,46171,29140818,-1,89.7831,23.7656,1000,3,1,1771225179,1771268171,0
LTE,470,3,4097,3939616,-1,89.7755,23.7571,1000,17,1,1771225279,1771268171,0
LTE,470,1,46171,29421068,-1,89.7621,23.7351,1000,13,1,1771225459,1771268172,0
LTE,470,1,46171,28803851,-1,89.7619,23.7329,1000,11,1,1771225509,1771268172,0
LTE,470,1,46171,28712972,-1,89.7553,23.7288,1000,12,1,1771225559,1771268172,0
LTE,470,1,46171,28712971,-1,89.7522,23.7269,1000,3,1,1771225629,1771268172,0
LTE,470,3,4097,4272160,-1,89.7379,23.7116,1000,6,1,1771225860,1771268173,0
LTE,470,3,4097,2984962,-1,89.7293,23.7026,1000,6,1,1771225979,1771268173,0
LTE,470,1,46171,28804365,-1,89.7064,23.6917,1000,7,1,1771226190,1771268173,0
LTE,470,3,4097,3768353,-1,89.7182,23.6635,1000,16,1,1771226500,1771268174,0
LTE,470,3,4097,3768352,-1,89.7213,23.6606,1000,3,1,1771226580,1771268174,0
LTE,470,1,46171,28879699,-1,89.7247,23.658,1000,10,1,1771226590,1771268174,0
LTE,470,3,4097,3768351,-1,89.7242,23.6583,1000,13,1,1771226590,1771268174,0
LTE,470,3,4097,2881537,-1,89.769,23.6223,1000,6,1,1771226990,1771268221,0
LTE,470,3,4097,3288097,-1,89.7767,23.6098,1000,10,1,1771227100,1771268222,0
LTE,470,3,4097,3288096,-1,89.7805,23.6039,1000,22,1,1771227129,1771268222,0
LTE,470,1,46141,29351180,-1,89.7921,23.5788,1000,7,1,1771227730,1771268223,0
LTE,470,3,4102,3957505,-1,89.7919,23.5739,1000,8,1,1771227750,1771268223,0
GSM,470,1,23055,51106,-1,89.7923,23.5703,1000,12,1,1771227782,1771268223,0
GSM,470,1,23055,18476,-1,89.7923,23.5703,1000,12,1,1771227782,1771268223,0
GSM,470,1,23055,40520,-1,89.7923,23.5703,1000,12,1,1771227782,1771268223,0
LTE,470,1,46141,28878880,-1,89.7922,23.5681,1000,7,1,1771227800,1771268223,0
LTE,470,1,46141,28878881,-1,89.7893,23.5625,1000,14,1,1771227820,1771268223,0
LTE,470,1,46141,29173536,-1,89.7829,23.5556,1000,13,1,1771227920,1771268223,0
LTE,470,3,4097,4099105,-1,89.7773,23.5497,1000,23,1,1771227990,1771268224,0
LTE,470,1,46141,29173537,-1,89.777,23.5499,1000,9,1,1771228000,1771268224,0
LTE,470,1,46141,29879839,-1,89.7758,23.546,1000,4,1,1771228050,1771268224,0
LTE,470,1,46141,29879841,-1,89.7745,23.543,1000,11,1,1771228060,1771268224,0
LTE,470,1,46141,28882975,-1,89.7719,23.5408,1000,5,1,1771228090,1771268224,0
LTE,470,1,46141,28882976,-1,89.7705,23.5401,1000,2,1,1771228110,1771268224,0
LTE,470,1,46141,28882977,-1,89.7686,23.5394,1000,8,1,1771228130,1771268224,0
LTE,470,1,46141,28883233,-1,89.7593,23.5376,1000,18,1,1771228200,1771268224,0
LTE,470,1,46141,29015584,-1,89.7498,23.5356,1000,13,1,1771228310,1771268224,0
LTE,470,1,46141,29015585,-1,89.7468,23.5372,1000,3,1,1771228360,1771268224,0
LTE,470,1,46141,29015588,-1,89.7388,23.5393,1000,19,1,1771228370,1771268225,0
LTE,470,1,46141,29017120,-1,89.7268,23.5344,1000,17,1,1771228470,1771268225,0
LTE,470,3,4097,2631456,-1,89.7229,23.533,1000,7,1,1771228510,1771268225,0
LTE,470,1,46141,29017170,-1,89.7185,23.5345,1000,13,1,1771228520,1771268225,0
LTE,470,3,4097,2631457,-1,89.7103,23.535,1250,41,1,1771228530,1771268225,0
LTE,470,1,48291,28879441,-1,89.71,23.5371,1000,11,1,1771228570,1771268225,0
LTE,470,1,46141,29702974,-1,89.7045,23.5345,1000,10,1,1771228610,1771268225,0
LTE,470,1,46141,29017119,-1,89.7005,23.5327,1000,9,1,1771228630,1771268225,0
LTE,470,1,48291,29780767,-1,89.6909,23.5327,1000,17,1,1771228650,1771268226,0
LTE,470,3,4097,3387680,-1,89.6894,23.5328,1046,27,1,1771228650,1771268226,0
LTE,470,3,4097,2962945,-1,89.6886,23.5327,1000,4,1,1771228700,1771268225,0
LTE,470,3,4097,2962947,-1,89.6855,23.5332,1000,8,1,1771228710,1771268225,0
LTE,470,1,46141,29702945,-1,89.683,23.5332,1000,3,1,1771228730,1771268225,0
LTE,470,1,46141,29011232,-1,89.6771,23.534,1000,21,1,1771228740,1771268226,0
LTE,470,1,46141,29011233,-1,89.663,23.536,1000,20,1,1771228800,1771268226,0
LTE,470,1,46161,29849888,-1,89.6449,23.539,939,28,1,1771228900,1771268226,0
LTE,470,1,46161,29223457,-1,89.6452,23.5394,1000,8,1,1771228940,1771268226,0
LTE,470,3,4097,3515594,-1,89.6368,23.5399,1000,10,1,1771228980,1771268226,0
LTE,470,1,46161,29849887,-1,89.6346,23.5408,1000,6,1,1771229010,1771268226,0
LTE,470,1,46161,28884512,-1,89.63,23.5425,1000,16,1,1771229030,1771268226,0
LTE,470,3,4097,3701024,-1,89.629,23.5426,1000,21,1,1771229030,1771268226,0
LTE,470,1,46161,28884513,-1,89.6131,23.5353,1766,16,1,1771229120,1771268227,0
LTE,470,3,4097,3701023,-1,89.6237,23.5424,1000,5,1,1771229160,1771268226,0
LTE,470,3,4097,2721569,-1,89.6151,23.5326,1000,17,1,1771229220,1771268227,0
LTE,470,1,46161,28884257,-1,89.6148,23.5332,1000,21,1,1771229220,1771268227,0
LTE,470,3,4097,3701215,-1,89.6191,23.5384,1000,3,1,1771229230,1771268227,0
LTE,470,1,48351,29206303,-1,89.601,23.5279,1118,19,1,1771229310,1771268227,0
LTE,470,3,4097,3305247,-1,89.6059,23.5289,1000,9,1,1771229330,1771268227,0
LTE,470,3,4097,3305249,-1,89.6014,23.5272,1000,11,1,1771229350,1771268227,0
LTE,470,1,48351,29095455,-1,89.5979,23.5263,1000,4,1,1771229380,1771268227,0
LTE,470,3,4097,2984480,-1,89.5943,23.527,1000,12,1,1771229380,1771268227,0
LTE,470,1,48361,28849953,-1,89.583,23.5285,825,27,1,1771229450,1771268228,0
LTE,470,1,48361,29465632,-1,89.5666,23.5301,1000,9,1,1771229607,1771268228,0
LTE,470,3,4097,3537184,-1,89.5637,23.5305,1000,11,1,1771229620,1771268228,0
LTE,470,1,48361,29465633,-1,89.5627,23.5306,1000,7,1,1771229630,1771268228,0
LTE,470,1,48361,28834848,-1,89.5455,23.5333,1000,13,1,1771229719,1771268228,0
LTE,470,3,4097,2631370,-1,89.5424,23.5356,1000,13,1,1771229770,1771268228,0
LTE,470,1,48361,28834849,-1,89.5385,23.5398,1000,19,1,1771229790,1771268228,0
LTE,470,3,4097,2631199,-1,89.5397,23.5398,1000,10,1,1771229830,1771268228,0
LTE,470,3,4097,4175392,-1,89.5353,23.5423,1000,8,1,1771229880,1771268228,0
LTE,470,1,48361,29301536,-1,89.5233,23.5458,1000,14,1,1771229943,1771268228,0
LTE,470,3,4097,4175393,-1,89.5284,23.5452,1000,8,1,1771229943,1771268228,0
LTE,470,1,48361,29020448,-1,89.5138,23.5379,1000,20,1,1771230250,1771268229,0
LTE,470,1,48361,29020447,-1,89.5071,23.5337,1000,5,1,1771230380,1771268229,0
LTE,470,1,48361,29020449,-1,89.504,23.532,1000,2,1,1771230400,1771268229,0
LTE,470,3,4079,10472225,-1,89.4701,23.5202,1000,7,1,1771230634,1771268229,0
LTE,470,3,4079,10472224,-1,89.4651,23.5153,1000,8,1,1771230660,1771268229,0
LTE,470,3,4079,10282016,-1,89.4355,23.5005,1000,11,1,1771230852,1771268229,0
LTE,470,3,4079,10282015,-1,89.4336,23.4986,1000,5,1,1771230890,1771268229,0
LTE,470,3,4079,10282017,-1,89.4321,23.4952,1000,11,1,1771230910,1771268229,0
LTE,470,3,4079,10356511,-1,89.4295,23.4898,1000,10,1,1771230950,1771268230,0
LTE,470,3,4079,10356513,-1,89.4259,23.4862,1000,11,1,1771231040,1771268230,0
LTE,470,3,4079,10368032,-1,89.4203,23.4844,1000,17,1,1771231090,1771268230,0
LTE,470,3,4079,10368031,-1,89.4191,23.4851,1000,5,1,1771231150,1771268230,0
LTE,470,3,4079,11096097,-1,89.4181,23.4801,1000,5,1,1771231220,1771268230,0
LTE,470,3,4079,11096095,-1,89.4171,23.4773,1000,9,1,1771231240,1771268230,0
LTE,470,3,4079,10884383,-1,89.4159,23.4745,1000,8,1,1771231280,1771268230,0
LTE,470,3,4079,10884385,-1,89.4144,23.4712,1000,10,1,1771231330,1771268230,0
LTE,470,3,4079,10679072,-1,89.4136,23.4677,1000,7,1,1771231360,1771268230,0
LTE,470,1,48361,29740617,-1,89.4126,23.4617,1000,10,1,1771231380,1771268230,0
LTE,470,3,4079,10885152,-1,89.4123,23.4611,1000,15,1,1771231380,1771268230,0
LTE,470,3,4079,10586912,-1,89.4119,23.4596,1000,8,1,1771231390,1771268230,0
LTE,470,1,48361,28494409,-1,89.4102,23.4546,1000,15,1,1771231440,1771268231,0
LTE,470,3,4079,10702879,-1,89.4097,23.4515,1000,13,1,1771231460,1771268231,0
GSM,470,1,23096,21740,-1,89.4096,23.4493,1000,10,1,1771231480,1771268231,0
GSM,470,1,23096,21741,-1,89.4096,23.4493,1000,10,1,1771231480,1771268231,0
LTE,470,3,4079,10702880,-1,89.4083,23.4409,1000,17,1,1771231500,1771268231,0
GSM,470,1,23096,21742,-1,89.4096,23.4479,1000,3,1,1771231500,1771268231,0
LTE,470,1,48361,29094691,-1,89.4081,23.4401,1000,17,1,1771231510,1771268231,0
LTE,470,3,4079,10885663,-1,89.4054,23.4308,1000,18,1,1771231620,1771268231,0
LTE,470,1,48371,29545760,-1,89.4024,23.422,1269,27,1,1771231630,1771268231,0
LTE,470,3,4079,10885664,-1,89.4022,23.4207,1000,16,1,1771231670,1771268231,0
LTE,470,3,4079,10315551,-1,89.3965,23.4102,1000,14,1,1771231750,1771268232,0
LTE,470,1,48371,29094175,-1,89.3937,23.4067,1000,18,1,1771231780,1783724041,0
LTE,470,3,4079,10578976,-1,89.3968,23.4105,1000,3,1,1771231790,1771268231,0
LTE,470,3,4079,10315553,-1,89.3913,23.4036,1000,11,1,1771231840,1783724041,0
LTE,470,3,4082,10585346,-1,89.3512,23.3594,1000,17,1,1771232370,1771268342,0
LTE,470,1,48371,29219851,-1,89.3476,23.3566,1000,5,1,1771232420,1771268342,0
LTE,470,1,48371,29097041,-1,89.3364,23.3468,1000,9,1,1771232520,1771268342,0
LTE,470,1,48371,29097043,-1,89.3303,23.3401,714,28,1,1771232540,1771268342,0
LTE,470,3,4082,11061280,-1,89.3278,23.3374,1000,7,1,1771232590,1771268342,0
LTE,470,1,48371,28841297,-1,89.3218,23.3308,1000,14,1,1771232620,1771268343,0
LTE,470,3,4082,10934303,-1,89.3234,23.3326,1000,3,1,1771232640,1771268342,0
LTE,470,3,4082,10392265,-1,89.322,23.331,1000,7,1,1771232650,1771268342,0
LTE,470,3,4082,10392285,-1,89.3177,23.3263,1000,20,1,1771232670,1771268343,0
LTE,470,1,48371,28841298,-1,89.3147,23.3227,1000,20,1,1771232700,1771268343,0
LTE,470,3,4082,10392097,-1,89.3118,23.3193,1000,19,1,1771232740,1771268343,0
LTE,470,1,48371,28841299,-1,89.3093,23.3169,1000,14,1,1771232780,1771268343,0
LTE,470,1,48371,29792801,-1,89.3035,23.3128,1000,12,1,1771232840,1771268343,0
LTE,470,1,48371,29062688,-1,89.2974,23.3075,1000,13,1,1771232910,1771268343,0
LTE,470,1,48371,29062689,-1,89.289,23.3006,1000,18,1,1771232950,1771268343,0
LTE,470,3,4082,10910752,-1,89.289,23.3007,1000,19,1,1771232970,1771268343,0
LTE,470,1,48371,29540896,-1,89.2691,23.2834,1066,21,1,1771233050,1771268344,0
LTE,470,3,4082,10510880,-1,89.2803,23.2931,1000,15,1,1771233050,1771268344,0
LTE,470,1,48371,29832223,-1,89.2788,23.2919,1000,8,1,1771233070,1771268344,0
LTE,470,3,4082,10277833,-1,89.2651,23.2802,1000,4,1,1771233190,1771268344,0
LTE,470,1,48371,29055008,-1,89.2577,23.2759,1000,19,1,1771233220,1771268344,0
LTE,470,3,4082,10277834,-1,89.2545,23.2756,785,32,1,1771233220,1771268344,0
LTE,470,1,48371,28839712,-1,89.2497,23.275,1000,10,1,1771233300,1771268344,0
LTE,470,3,4082,10277664,-1,89.251,23.2755,1000,2,1,1771233330,1771268344,0
LTE,470,1,48371,28839713,-1,89.2425,23.2691,740,30,1,1771233370,1771268345,0
LTE,470,3,4082,10277665,-1,89.2425,23.2691,740,30,1,1771233370,1771268345,0
LTE,470,1,48371,29205791,-1,89.2366,23.2572,690,31,1,1771233500,1771268345,0
LTE,470,3,4082,10614559,-1,89.2374,23.2584,1000,3,1,1771233530,1771268345,0
LTE,470,3,4082,11021087,-1,89.2366,23.2569,1000,6,1,1771233540,1771268345,0
LTE,470,1,48371,29205841,-1,89.2335,23.2503,1000,8,1,1771233600,1771268345,0
LTE,470,3,4082,10537503,-1,89.2337,23.2506,1000,2,1,1771233610,1771268345,0
LTE,470,1,48371,29205843,-1,89.2316,23.2473,1000,10,1,1771233640,1771268345,0
LTE,470,3,4082,10537505,-1,89.2298,23.2226,1000,7,1,1771233930,1771268346,0
LTE,470,1,48331,29559052,-1,89.2191,23.2042,1000,3,1,1771234170,1771268346,0
LTE,470,1,48091,28471307,-1,89.2141,23.1801,1000,1,1,1771234450,1771234450,0
LTE,470,3,6010,10990595,-1,89.2141,23.1801,1000,1,1,1771234450,1771234450,0
LTE,470,1,48091,28455179,-1,89.2092,23.1764,1000,8,1,1771234620,1771268347,0
LTE,470,3,6010,10308354,-1,89.2099,23.1765,1000,5,1,1771234620,1771268347,0
LTE,470,3,6010,10343426,-1,89.2056,23.1761,1000,11,1,1771234650,1771268347,0
LTE,470,1,48091,28455181,-1,89.2065,23.1759,1000,2,1,1771234660,1771268347,0
LTE,470,1,48091,28453131,-1,89.206,23.1759,1000,2,1,1771234670,1771268347,0
LTE,470,1,48091,28451085,-1,89.2055,23.176,1000,2,1,1771234680,1771268347,0
LTE,470,1,48111,29602828,-1,89.2034,23.1766,1000,8,1,1771234690,1771268347,0
LTE,470,3,6010,10343425,-1,89.2014,23.1774,1000,9,1,1771234710,1771268347,0
LTE,470,1,48111,29602827,-1,89.2005,23.1777,1000,5,1,1771234730,1771268347,0
LTE,470,1,48111,29057292,-1,89.1986,23.1783,1000,3,1,1771234750,1771268347,0
LTE,470,3,6010,10345474,-1,89.1981,23.1785,1000,6,1,1771234750,1771268347,0
LTE,470,1,48111,29057293,-1,89.197,23.1788,1000,6,1,1771234760,1771268347,0
LTE,470,3,6010,10345475,-1,89.1958,23.1793,1000,6,1,1771234770,1771268347,0
LTE,470,1,48111,28455692,-1,89.1941,23.18,1000,9,1,1771234780,1771268347,0
LTE,470,3,6010,10286338,-1,89.1933,23.1804,1000,5,1,1771234800,1771268347,0
LTE,470,1,48111,28455693,-1,89.1916,23.1805,1000,6,1,1771234830,1771268347,0
LTE,470,3,6010,10286339,-1,89.1916,23.1777,1000,14,1,1771234850,1771268347,0
LTE,470,1,48111,29775371,-1,89.1914,23.1789,1000,5,1,1771234860,1771268347,0
LTE,470,1,48111,29775372,-1,89.1918,23.1762,1000,7,1,1771234880,1771268348,0
LTE,470,1,48111,28469773,-1,89.1922,23.1735,1000,5,1,1771234910,1771268347,0
LTE,470,3,6010,11037441,-1,89.1925,23.1721,1000,6,1,1771234910,1771268348,0
LTE,470,1,48111,28469832,-1,89.1932,23.1671,1000,12,1,1771234930,1771268348,0
LTE,470,3,6010,11037442,-1,89.1928,23.1699,1000,4,1,1771234960,1771268348,0
LTE,470,3,6010,11037443,-1,89.1931,23.1677,1000,7,1,1771234980,1771268348,0
LTE,470,3,6010,10245633,-1,89.1937,23.1639,1000,10,1,1771235010,1771268348,0
LTE,470,1,48111,29297952,-1,89.1944,23.1597,1000,9,1,1771235070,1771268348,0
LTE,470,3,6010,10245664,-1,89.1946,23.1588,1000,15,1,1771235070,1771268348,0
LTE,470,1,48111,28476959,-1,89.1949,23.1565,1000,6,1,1771235110,1771268348,0
LTE,470,3,6010,10289441,-1,89.1952,23.1546,1000,7,1,1771235130,1771268348,0
LTE,470,1,48111,28476961,-1,89.1957,23.1513,1000,9,1,1771235150,1771268349,0
LTE,470,3,6010,10289444,-1,89.1957,23.1508,1000,7,1,1771235180,1771268349,0
LTE,470,3,6010,10280479,-1,89.1946,23.1459,1000,6,1,1771235200,1771268349,0
LTE,470,3,6010,10457377,-1,89.1948,23.1442,1000,16,1,1771235220,1771268349,0
LTE,470,1,48111,28476754,-1,89.1906,23.1429,1000,13,1,1771235280,1771268349,0
LTE,470,3,6010,10280480,-1,89.1892,23.1422,1000,6,1,1771235320,1771268349,0
LTE,470,1,48091,28456787,-1,89.1876,23.1418,1000,2,1,1771235360,1771268349,0
LTE,470,3,6010,10280484,-1,89.179,23.139,1287,24,1,1771235360,1771268349,0
LTE,470,3,6010,10704928,-1,89.1784,23.1403,1000,7,1,1771235430,1771268349,0
LTE,470,3,6010,10757407,-1,89.1731,23.1381,1000,14,1,1771235450,1771268349,0
LTE,470,3,6010,10832899,-1,89.1564,23.1292,1000,7,1,1771235580,1771268350,0
LTE,470,3,6010,10410753,-1,89.1537,23.1288,1000,4,1,1771235600,1771268350,0
LTE,470,3,6010,10295753,-1,89.1334,23.1232,1000,4,1,1771235730,1771268350,0
LTE,470,3,6010,10807841,-1,89.1288,23.1208,1000,4,1,1771235770,1771268350,0
LTE,470,3,6010,10988063,-1,89.1074,23.1067,1000,11,1,1771235940,1771268351,0
LTE,470,3,6010,10988064,-1,89.1048,23.1047,1000,10,1,1771235970,1771268351,0
LTE,470,3,6010,10348746,-1,89.0971,23.0992,1000,6,1,1771236100,1771268351,0
LTE,470,1,48341,28903459,-1,89.0917,23.0872,1763,14,1,1771236160,1771268352,0
LTE,470,1,48341,28901407,-1,89.0946,23.0683,2133,50,1,1771236300,1771268352,0
LTE,470,3,6010,10633503,-1,89.0918,23.0859,1000,7,1,1771236300,1771268351,0
LTE,470,1,48341,29054241,-1,89.0935,23.0829,1000,4,1,1771236330,1771268351,0
LTE,470,3,6010,10573313,-1,89.0935,23.0829,1000,4,1,1771236330,1771268351,0
LTE,470,3,6010,11071947,-1,89.0901,23.057,2667,8,1,1771236350,1771268352,0
GSM,470,3,140,22161,-1,89.0951,23.0707,1000,17,1,1771236370,1771268352,0
GSM,470,3,140,65342,-1,89.0959,23.0755,1000,3,1,1771236382,1771268352,0
GSM,470,3,140,20051,-1,89.0949,23.0698,1000,10,1,1771236382,1771268352,0
LTE,470,1,48341,29813025,-1,89.083,23.0533,6189,7,1,1771236390,1771268402,0
LTE,470,3,6010,10295518,-1,89.095,23.0668,1000,11,1,1771236390,1771268352,0
LTE,470,3,6010,10295498,-1,89.0947,23.072,1000,3,1,1771236410,1771268352,0
LTE,470,3,6010,10295301,-1,89.0946,23.0708,1000,4,1,1771236420,1771268352,0
GSM,470,3,415,33611,-1,89.0945,23.0664,1000,3,1,1771236453,1771268352,0
LTE,470,3,6010,10633473,-1,89.0948,23.0579,1000,13,1,1771236490,1771268352,0
LTE,470,1,48341,28901409,-1,89.09,23.0477,1150,22,1,1771236530,1771268352,0
LTE,470,3,6010,10633474,-1,89.0939,23.0548,1000,3,1,1771236530,1771268352,0
LTE,470,3,6010,10633475,-1,89.0908,23.0518,1000,21,1,1771236540,1771268352,0
LTE,470,3,6010,11100675,-1,89.0896,23.0463,1000,4,1,1771236610,1771268352,0
LTE,470,3,6010,11100448,-1,89.0891,23.0444,1000,4,1,1771236620,1771268352,0
LTE,470,3,6010,11100705,-1,89.0886,23.0424,1000,5,1,1771236630,1771268352,0
LTE,470,3,6010,10573315,-1,89.0852,23.0336,1000,19,1,1771236640,1771268402,0
LTE,470,3,6010,10807554,-1,89.0879,23.0384,1000,4,1,1771236650,1771268352,0
LTE,470,1,48341,29559327,-1,89.085,23.0337,1000,15,1,1771236660,1771268402,0
LTE,470,3,6010,10295298,-1,89.0856,23.037,1000,3,1,1771236680,1771268352,0
LTE,470,3,6010,10573515,-1,89.0848,23.0333,1000,11,1,1771236690,1771268401,0
LTE,470,1,6010,10573315,-1,89.0834,23.0295,1000,3,1,1771236740,1771268401,0
LTE,470,1,48341,29559328,-1,89.0809,23.0236,644,26,1,1771236750,1771268402,0
LTE,470,3,6010,10573345,-1,89.0813,23.0246,1000,3,1,1771236780,1771268402,0
LTE,470,3,6010,10503681,-1,89.0801,23.0217,1000,7,1,1771236790,1771268402,0
LTE,470,3,6010,11071945,-1,89.0754,23.015,645,27,1,1771236820,1771268402,0
LTE,470,1,48111,29049121,-1,89.0774,23.0177,1000,4,1,1771236830,1771268402,0
LTE,470,1,48111,29048097,-1,89.0749,23.0145,1000,11,1,1771236840,1771268402,0
LTE,470,1,48341,29373727,-1,89.0743,23.0136,1000,4,1,1771236860,1771268402,0
LTE,470,1,48341,29373728,-1,89.0687,23.0078,1000,15,1,1771236880,1771268402,0
LTE,470,3,6010,10503683,-1,89.0646,23.0076,1000,10,1,1771236890,1771268402,0
LTE,470,3,6010,11071946,-1,89.0599,23.0065,1064,18,1,1771236920,1771268403,0
LTE,470,1,48341,29373729,-1,89.0556,23.0064,837,33,1,1771236980,1771268403,0
LTE,470,3,6010,10531586,-1,89.0414,23.0054,1879,24,1,1771237040,1771268403,0
LTE,470,1,48341,28841761,-1,89.0512,23.0054,1000,3,1,1771237120,1771268403,0
LTE,470,3,6010,11071966,-1,89.0492,23.0051,1000,3,1,1771237150,1771268403,0
LTE,470,3,6010,10359349,-1,89.0484,23.0056,1000,2,1,1771237170,1771268403,0
GSM,470,3,140,61382,-1,89.0476,23.0061,1000,4,1,1771237180,1771268403,0
GSM,470,3,140,60293,-1,89.0477,23.0058,1000,2,1,1771237180,1771268403,0
GSM,470,3,415,42358,-1,89.0477,23.0058,1000,2,1,1771237180,1771268403,0
LTE,470,3,6010,10359299,-1,89.0466,23.0074,1000,2,1,1771237210,1771268403,0
LTE,470,3,6010,10977312,-1,89.0432,23.0074,1000,2,1,1771237260,1771268403,0
LTE,470,3,6010,10531585,-1,89.0351,23.0094,1000,13,1,1771237410,1771268403,0
LTE,470,3,6010,10531615,-1,89.035,23.012,1000,13,1,1771237570,1771268404,0
GSM,470,3,140,61384,-1,89.0346,23.0128,1000,5,1,1771238200,1771268404,0
UMTS,470,3,700,23801481,126,89.0348,23.0129,1000,1,1,1771240709,1771240709,0
GSM,470,2,92,3049,-1,90.4282,23.773,1000,1,1,1771397985,1771397985,0
LTE,470,1,48311,29872908,-1,88.9791,22.9647,1000,1,1,1771672498,1771672498,0
LTE,470,2,50025,189470733,-1,88.9791,22.9647,1000,1,1,1771672498,1771672498,0
LTE,470,2,9307,107632395,-1,91.7955,22.3344,1000,19,1,1771782813,1779513842,0
LTE,470,1,56283,25739789,0,90.3869,23.7436,1000,2,1,1772150244,1772170081,0
GSM,470,2,1103,65201,-1,91.793,22.324,1000,2,1,1772286457,1772294341,0
GSM,470,2,1103,15940,-1,91.7939,22.3235,1000,2,1,1772286432,1772294341,0
GSM,470,2,1103,17073,-1,91.7904,22.3293,1000,2,1,1772285890,1772294341,0
GSM,470,2,1103,65198,-1,91.7946,22.323,1000,5,1,1772286538,1773247502,0
GSM,470,2,1103,65199,-1,91.7939,22.3235,1000,1,1,1772286573,1772286573,0
LTE,470,2,9307,107632405,-1,91.7954,22.3356,1000,8,1,1772284334,1772294342,0
LTE,470,2,9307,107875347,-1,91.7955,22.3365,1000,6,1,1772284379,1772294341,0
LTE,470,2,9307,107875341,-1,91.7957,22.3357,1000,6,1,1772284430,1772294342,0
LTE,470,2,9306,107878197,-1,91.7955,22.3367,1000,1,1,1772284475,1772284475,0
LTE,470,2,9306,107878196,-1,91.796,22.3366,1000,2,1,1772284525,1772294341,0
LTE,470,2,9307,107632525,-1,91.7954,22.3359,1000,1,1,1772284801,1772284801,0
LTE,470,2,9307,107875340,-1,91.7966,22.3349,1000,3,1,1772284942,1772294342,0
LTE,470,2,9306,107596557,-1,91.7972,22.3345,1000,7,1,1772284997,1772294342,0
LTE,470,2,9306,107596563,-1,91.7972,22.3346,1000,2,1,1772285062,1772294342,0
LTE,470,2,9306,107878198,-1,91.7974,22.3336,1000,1,1,1772285117,1772285117,0
LTE,470,2,9306,261140021,-1,91.7961,22.3333,1000,8,1,1772285137,1773247501,0
LTE,470,2,9304,107608617,-1,91.7946,22.3298,1000,7,1,1772285368,1772294341,0
LTE,470,2,9304,108083765,-1,91.7913,22.3294,1000,3,1,1772285810,1772294341,0
LTE,470,2,9304,108083764,-1,91.7904,22.3271,1000,9,1,1772285935,1772294341,0
LTE,470,2,9304,107595538,-1,91.7918,22.325,1000,1,1,1772286357,1772286357,0
LTE,470,2,9304,107595532,-1,91.792,22.3247,1000,1,1,1772286382,1772286382,0
LTE,470,2,9304,107904269,-1,91.7921,22.3245,1000,6,1,1772286407,1772294342,0
LTE,470,2,9304,107608374,-1,91.7966,22.3219,1000,5,1,1772286713,1773247502,0
LTE,470,2,9304,107608373,-1,91.7974,22.3213,1000,8,1,1772286774,1773247502,0
LTE,470,2,9304,107608372,-1,91.7955,22.3224,1000,10,1,1772286804,1773247502,0
LTE,470,2,9304,107904267,-1,91.7967,22.3218,1000,19,1,1772286834,1773247502,0
LTE,470,2,9304,107753526,-1,91.7979,22.3201,1000,4,1,1772286919,1773247502,0
LTE,470,2,9304,108052749,-1,91.7988,22.3199,1000,9,1,1772287245,1773247502,0
LTE,470,2,9304,107753524,-1,91.7971,22.3208,1000,7,1,1772287873,1773247502,0
LTE,470,2,9304,107904273,-1,91.7958,22.3222,1000,10,1,1772288370,1773247502,0
LTE,470,2,9304,108083766,-1,91.7905,22.3279,1000,20,1,1772288711,1772294342,0
LTE,470,2,9304,107608618,-1,91.7949,22.3298,1000,8,1,1772289298,1772294342,0
LTE,470,2,9304,107608616,-1,91.7971,22.3315,1000,2,1,1772289785,1772294342,0
LTE,470,2,9306,261140020,-1,91.7964,22.3338,1000,7,1,1772289845,1773247501,0
LTE,470,2,9312,261282345,0,91.8243,22.3653,1000,2,1,1772442739,1772462581,0
LTE,470,1,43291,77341217,0,91.8243,22.3652,1000,1,1,1772444372,1772444372,0
LTE,470,2,9310,107687180,0,91.8228,22.3555,1000,2,1,1772453479,1772473441,0
LTE,470,2,9310,261279528,0,91.8228,22.3554,1000,5,1,1772453489,1772473441,0
LTE,470,2,9310,107687179,0,91.8229,22.3554,1000,1,1,1772453592,1772453592,0
LTE,470,2,9310,261279534,0,91.8227,22.3555,1000,1,1,1772453630,1772453630,0
LTE,470,2,9310,107687186,0,91.8227,22.3554,1000,1,1,1772453646,1772453646,0
LTE,470,2,9310,261279529,0,91.8228,22.3554,1000,2,1,1772453673,1772473561,0
LTE,470,2,9310,261279535,0,91.8228,22.3555,1000,3,1,1772453693,1772473561,0
GSM,470,1,31014,23566,-1,91.8229,22.3554,1000,3,1,1772537746,1772557921,0
LTE,470,1,43291,77347595,0,91.8227,22.3554,1000,8,1,1772537766,1772557921,0
LTE,470,2,50035,181771280,-1,88.6467,23.7495,1000,1,1,1772579227,1772579227,0
LTE,470,1,48391,28928267,-1,88.6467,23.7495,1000,1,1,1772579227,1772579227,0
GSM,470,4,1217,33551,-1,90.3618,23.7755,1000,1,1,1772756010,1772756010,0
GSM,470,2,1328,917,-1,90.3869,23.7436,1000,3,1,1772782469,1772802362,0
LTE,470,2,44013,79432981,-1,91.8746,24.9036,1000,1,1,1759112420,1759112420,0
LTE,470,2,44013,79422221,-1,91.8744,24.9043,1000,4,1,1765502131,1772893742,0
LTE,470,1,49141,38464575,-1,91.9354,24.912,1000,1,1,1771811703,1771811703,0
LTE,470,2,44013,79407883,-1,91.9354,24.912,1000,1,1,1771811703,1771811703,0
LTE,470,1,49141,38464585,-1,91.9354,24.912,1000,1,1,1771811790,1771811790,0
LTE,470,2,44013,79401288,-1,91.8738,24.8994,1000,8,1,1772867237,1772893741,0
LTE,470,1,49211,38411582,-1,91.8732,24.8994,1000,22,1,1772867273,1772893741,0
LTE,470,2,44013,79405900,-1,91.871,24.8993,1000,11,1,1772867423,1772893741,0
LTE,470,1,49211,38932029,-1,91.8698,24.8993,1000,18,1,1772867533,1779364623,0
LTE,470,2,44013,79421770,-1,91.8686,24.899,1000,3,1,1772867733,1772893741,0
LTE,470,2,44013,79421767,-1,91.8687,24.8989,1000,3,1,1772868873,1772893741,0
LTE,470,2,44013,79405897,-1,91.8704,24.8991,1000,7,1,1772872583,1772893741,0
GSM,470,2,4113,64148,-1,91.8732,24.9001,1000,6,1,1772872814,1774524482,0
GSM,470,2,4113,64155,-1,91.8719,24.8992,1000,1,1,1772872833,1772872833,0
LTE,470,2,44013,79405072,-1,91.8727,24.8994,1000,6,1,1772872863,1774524482,0
LTE,470,2,44013,79405071,-1,91.8741,24.8996,1000,8,1,1772872933,1774524482,0
LTE,470,2,44013,79415565,-1,91.8741,24.8996,1000,3,1,1772872973,1774524482,0
LTE,470,2,44013,79405087,-1,91.8748,24.9003,1000,8,1,1772873143,1774524482,0
LTE,470,1,49211,38418249,-1,91.8748,24.9011,1000,2,1,1772873153,1772893741,0
LTE,470,1,49211,38417933,-1,91.8748,24.9005,1000,1,1,1772873193,1772873193,0
LTE,470,1,49211,38417936,-1,91.8749,24.9013,1000,8,1,1772873213,1772893741,0
LTE,470,2,44013,79405070,-1,91.8749,24.9016,1000,10,1,1772873263,1774524482,0
GSM,470,2,4113,64079,-1,91.8748,24.9016,1000,1,1,1772873453,1772873453,0
LTE,470,1,49211,38417952,-1,91.8748,24.9013,1000,1,1,1772873463,1772873463,0
GSM,470,2,4113,64146,-1,91.8748,24.902,1000,1,1,1772873563,1772873563,0
GSM,470,2,4113,7956,-1,91.8747,24.902,1000,1,1,1772873573,1772873573,0
LTE,470,2,44013,79422220,-1,91.8752,24.9032,1000,2,1,1772873663,1772893741,0
LTE,470,2,8410,36011789,-1,90.5091,23.73,1000,1,1,1772798189,1772798189,0
LTE,470,2,8105,33896205,-1,90.446,23.7485,1000,1,1,1772911422,1772911422,0
LTE,470,2,61141,51244558,-1,89.7761,25.3546,1000,2,1,1772966368,1772966401,0
LTE,470,2,9306,261140022,-1,91.7955,22.3344,1000,6,1,1772970783,1773247501,0
LTE,470,2,9306,107605773,-1,91.7955,22.3344,1000,4,1,1772970793,1773247501,0
LTE,470,2,9306,107605779,-1,91.7955,22.3344,1000,4,1,1772971093,1773247501,0
LTE,470,2,9307,107632401,-1,91.7957,22.3319,1081,7,1,1772971233,1773247502,0
LTE,470,2,9304,107753485,-1,91.7974,22.3206,1000,2,1,1773216494,1773247502,0
LTE,470,2,9304,107759889,-1,91.7966,22.3219,1000,3,1,1773217114,1773247502,0
LTE,470,2,9304,107759883,-1,91.7961,22.3221,1000,1,1,1773217124,1773217124,0
LTE,470,2,9304,108052755,-1,91.7989,22.3199,1000,10,1,1773217924,1773247502,0
LTE,470,2,9304,107753525,-1,91.7985,22.3191,1000,1,1,1773218044,1773218044,0
LTE,470,2,9304,108058387,-1,91.7985,22.3193,1000,2,1,1773218064,1773247502,0
LTE,470,2,9304,108052747,-1,91.801,22.3199,1000,1,1,1773218234,1773218234,0
LTE,470,2,9304,108022547,-1,91.8014,22.3197,1000,1,1,1773218274,1773218274,0
LTE,470,2,9304,107598888,-1,91.8017,22.3197,1000,4,1,1773218294,1773247502,0
LTE,470,2,9304,107598889,-1,91.8008,22.3199,1000,1,1,1773218464,1773218464,0
LTE,470,2,9304,107589133,-1,91.7967,22.322,1000,1,1,1773219164,1773219164,0
LTE,470,2,9304,108004107,-1,91.7969,22.3219,1000,1,1,1773219344,1773219344,0
LTE,470,1,56441,26353953,-1,90.4659,23.7163,1000,3,1,1773324328,1773324362,0
LTE,470,2,9642,258610990,-1,90.4659,23.7162,1000,4,1,1773324328,1773399001,0
LTE,470,1,56911,25992715,-1,90.2735,23.7942,1000,1,1,1773372068,1773372068,0
LTE,470,1,56911,26025810,-1,90.2735,23.7941,1000,1,1,1773372053,1773372053,0
LTE,470,1,56911,27014156,-1,90.2735,23.7942,1000,1,1,1773372091,1773372091,0
LTE,470,1,56911,27014175,-1,90.2736,23.7941,1000,1,1,1773372215,1773372215,0
LTE,470,1,56442,27296071,-1,90.4658,23.7161,1000,1,1,1773326517,1773326517,0
LTE,470,1,56931,25857292,-1,90.3729,23.8102,1000,2,1,1773379057,1773432361,0
LTE,470,1,56931,25857312,-1,90.373,23.8101,1000,1,1,1773432303,1773432303,0
LTE,470,3,2069,5161504,-1,91.7792,22.2798,1000,5,1,1773659196,1773762241,0
LTE,470,3,2069,5139971,-1,91.7792,22.2799,1000,4,1,1773659266,1773762241,0
LTE,470,3,2069,5161474,-1,91.7791,22.2798,1000,4,1,1773659276,1773762241,0
LTE,470,3,2069,5569540,-1,91.7792,22.2799,1000,3,1,1773660076,1773762241,0
LTE,470,3,2069,5569570,-1,91.7791,22.2798,1000,2,1,1773663196,1773762241,0
LTE,470,3,2069,5301507,-1,91.7791,22.2798,1000,1,1,1773663386,1773663386,0
LTE,470,3,2069,5273862,-1,91.7791,22.2798,1000,4,1,1773663706,1773762242,0
LTE,470,3,2069,5140001,-1,91.7791,22.2798,1000,3,1,1773665826,1773762242,0
LTE,470,1,58501,27297863,-1,90.4453,23.8199,1000,5,1,1773877099,1778525642,0
GSM,470,1,21052,28460,-1,90.4865,23.7155,1000,1,1,1774009363,1774009363,0
LTE,470,3,1186,3336195,-1,90.4865,23.7155,1000,1,1,1774009365,1774009365,0
GSM,470,4,3238,17152,-1,91.2343,22.9887,1000,2,1,1774020230,1774020421,0
LTE,470,2,9236,97354252,-1,91.2344,22.9886,1000,3,1,1774020231,1774020421,0
UMTS,470,4,3912,752358,-1,91.2344,22.9886,1000,1,1,1774020364,1774020364,0
GSM,470,2,1185,638,-1,91.19,23.4581,1000,1,1,1774026427,1774026427,0
LTE,470,1,45302,30777671,-1,89.0256,25.1024,1000,7,1,1684666369,1774255021,0
LTE,470,1,45302,30777661,-1,89.0244,25.1028,1000,4,1,1684666573,1774255021,0
GSM,470,1,24182,13241,-1,89.0247,25.1028,1000,5,1,1684667283,1774255022,0
LTE,470,1,45302,30777681,-1,89.0245,25.1028,1000,6,1,1684667393,1774255021,0
LTE,470,1,45302,30778657,-1,89.0232,25.1031,1000,3,1,1684668482,1774255021,0
LTE,470,1,45302,30777631,-1,89.0232,25.1031,1000,2,1,1684668522,1774255021,0
LTE,470,1,45302,30778637,-1,89.0231,25.1033,1000,2,1,1684668652,1774255021,0
GSM,470,1,24182,18705,-1,89.0237,25.1031,1000,2,1,1684669016,1774255022,0
GSM,470,1,24182,3754,-1,89.0237,25.1031,1000,2,1,1684669156,1774255022,0
GSM,470,1,24182,13840,-1,89.0237,25.1031,1000,2,1,1684669186,1774255022,0
GSM,470,1,24182,13839,-1,89.0243,25.1029,1000,4,1,1707131616,1774255022,0
GSM,470,1,24182,54321,-1,89.0243,25.1029,1000,3,1,1707131616,1774255022,0
LTE,470,1,53321,30778637,-1,89.0244,25.1029,1000,3,1,1707131619,1774255022,0
LTE,470,1,53321,30778657,-1,89.0243,25.1029,1000,2,1,1707131616,1774255022,0
LTE,470,1,53321,30777631,-1,89.0243,25.1029,1000,2,1,1707131649,1774255022,0
GSM,470,1,24182,13243,-1,89.0244,25.1029,1000,2,1,1707131669,1774255022,0
LTE,470,2,50005,235578127,-1,89.5195,22.8691,1000,1,1,1774395780,1774395780,0
LTE,470,2,50005,235578123,-1,89.5195,22.8691,1000,2,1,1774395845,1774396921,0
LTE,470,2,50005,235525388,-1,89.5195,22.8691,1000,1,1,1774396873,1774396873,0
LTE,470,2,1211,30633,0,90.3572,23.8043,1000,1,1,1774415975,1774415975,0
LTE,470,1,49211,38411552,-1,91.8724,24.8996,1000,2,1,1774503956,1774524482,0
GSM,470,2,4113,64062,-1,91.8724,24.8997,1000,1,1,1774503956,1774503956,0
LTE,470,1,49211,38411592,-1,91.8736,24.8995,1000,8,1,1774503973,1774524482,0
LTE,470,2,8452,257331758,-1,90.3847,23.9534,1000,1,1,1774547053,1774547053,0
LTE,470,2,8452,44850228,-1,90.3847,23.9534,1000,1,1,1774547063,1774547063,0
LTE,470,2,8452,257331759,-1,90.3846,23.9539,1000,2,1,1774547686,1774547701,0
LTE,470,2,8452,44850229,-1,90.3844,23.9537,1000,2,1,1774547686,1774547701,0
LTE,470,3,1169,2982994,-1,90.5207,24.2444,1000,1,1,1774723973,1774723973,0
LTE,470,3,1169,2982974,-1,90.5207,24.2444,1000,1,1,1774723973,1774723973,0
GSM,470,4,1222,35402,-1,90.3845,23.7511,1000,2,1,1774001882,1774770301,0
LTE,470,1,43221,77152543,-1,91.103,22.9289,1000,4,1,1774808870,1779306722,0
LTE,470,1,43221,77159947,-1,91.1035,22.9293,1000,17,1,1774808875,1787525342,0
LTE,470,1,43221,77159949,-1,91.103,22.9289,1000,4,1,1774827583,1787525341,0
LTE,470,1,43221,77152535,-1,91.103,22.9289,1000,1,1,1774827673,1774827673,0
LTE,470,1,43221,77152545,-1,91.103,22.9289,1000,3,1,1774827683,1779306722,0
LTE,470,1,43211,77178913,-1,91.103,22.9289,1000,1,1,1774829518,1774829518,0
LTE,470,1,43211,77179917,-1,91.103,22.9289,1000,1,1,1774829518,1774829518,0
GSM,470,4,1402,993,-1,90.328,23.8569,1000,2,1,1766726833,1774971542,0
GSM,470,4,1217,33501,-1,90.3283,23.8566,1000,1,1,1766726843,1766726843,0
LTE,470,2,8429,33684239,-1,90.3303,23.8547,1000,2,1,1766726893,1774971542,0
LTE,470,2,8429,33671210,-1,90.3342,23.8538,1000,8,1,1766726903,1774971543,0
LTE,470,2,8428,33838134,-1,90.3394,23.8517,1000,3,1,1766727073,1774971543,0
LTE,470,2,8429,34551055,-1,90.3585,23.8585,1000,3,1,1766727333,1774971543,0
LTE,470,2,8202,34388493,-1,90.4237,23.8461,1000,3,1,1774940277,1774971543,0
LTE,470,2,8202,34402065,-1,90.4242,23.8466,1000,6,1,1774940331,1774971543,0
LTE,470,2,8202,34388496,-1,90.4236,23.8462,1000,1,1,1774940411,1774940411,0
LTE,470,2,8202,34388499,-1,90.4243,23.8469,1000,2,1,1774943994,1774971543,0
LTE,470,2,8202,34402059,-1,90.4248,23.8483,1000,4,1,1774945070,1774971543,0
LTE,470,1,62581,26989324,-1,90.1917,24.0896,1000,1,1,1775332207,1775332207,0
LTE,470,1,43221,77152533,-1,91.1063,22.9312,1125,5,1,1774976272,1787525342,0
LTE,470,2,9121,89759500,-1,91.0837,23.643,1000,1,1,1775866231,1775866231,0
LTE,470,3,2063,6012419,-1,91.0837,23.643,1000,1,1,1775866231,1775866231,0
LTE,470,3,1209,2599938,-1,90.3912,24.7655,1000,6,1,1767887659,1777711381,0
GSM,470,1,23026,60979,-1,89.5517,22.8211,1000,4,1,1776143957,1776232501,0
GSM,470,1,23026,31181,-1,89.5498,22.8204,1000,1,1,1776145371,1776145371,0
LTE,470,4,47191,102405637,-1,89.5513,22.8203,501,48,1,1776103875,1776232505,0
LTE,470,1,48171,29813586,-1,89.5531,22.8209,1000,21,1,1776103875,1776232505,0
LTE,470,1,48171,28420435,-1,89.5533,22.8203,500,39,1,1776105556,1776232505,0
LTE,470,1,48171,28420425,-1,89.5539,22.8209,1000,13,1,1776108609,1776232505,0
LTE,470,4,47311,102414341,-1,89.5534,22.8208,1000,4,1,1776129526,1776232504,0
LTE,470,1,48171,29813576,-1,89.5527,22.8211,1000,15,1,1776131239,1776232505,0
LTE,470,4,47191,102405634,-1,89.5481,22.8184,1000,8,1,1776140920,1776232505,0
LTE,470,1,48171,29813516,-1,89.5529,22.8207,1000,3,1,1776142932,1776232503,0
LTE,470,4,47191,102405636,-1,89.5531,22.8201,1000,23,1,1776144810,1776232505,0
LTE,470,1,48171,28419852,-1,89.5484,22.8195,1000,2,1,1776145399,1776232502,0
LTE,470,1,48161,29075784,-1,89.5468,22.8185,1000,3,1,1776145435,1776232505,0
LTE,470,1,48161,29867531,-1,89.5476,22.8187,1000,1,1,1776145476,1776145476,0
LTE,470,1,48161,28775693,-1,89.5479,22.8183,1000,1,1,1776145511,1776145511,0
LTE,470,1,48171,28419597,-1,89.5493,22.8188,1000,5,1,1776145542,1776232503,0
LTE,470,1,48171,28419104,-1,89.5465,22.8182,1000,12,1,1776145749,1776232505,0
LTE,470,4,48011,103425026,-1,89.5473,22.8185,1000,6,1,1776151528,1776232505,0
LTE,470,4,48011,103425029,-1,89.5464,22.8182,1000,7,1,1776152218,1776232505,0
LTE,470,1,48171,28420620,-1,89.5422,22.8232,1000,3,1,1776176356,1776232505,0
LTE,470,1,48171,28419084,-1,89.5474,22.8183,1000,4,1,1776177705,1776232505,0
LTE,470,1,48171,28419853,-1,89.5475,22.8189,1000,1,1,1776177968,1776177968,0
LTE,470,1,48171,29813567,-1,89.5486,22.8195,1000,5,1,1776177988,1776232503,0
LTE,470,4,48011,103425027,-1,89.5511,22.8203,1000,17,1,1776177998,1776232505,0
LTE,470,1,48171,28419595,-1,89.5515,22.8199,1000,3,1,1776178079,1776232503,0
LTE,470,4,47191,102411780,-1,89.5534,22.8207,1000,1,1,1776180095,1776180095,0
LTE,470,4,47191,103687685,-1,89.553,22.8207,1000,1,1,1776180344,1776180344,0
LTE,470,1,48171,28420415,-1,89.553,22.8207,1000,4,1,1776181269,1776232505,0
LTE,470,4,47191,102409218,-1,89.553,22.8207,1000,1,1,1776181269,1776181269,0
LTE,470,4,47311,102414338,-1,89.553,22.8207,1000,1,1,1776181992,1776181992,0
LTE,470,4,48011,103425024,-1,89.553,22.8207,1000,20,1,1776182115,1776232505,0
LTE,470,1,48171,29813566,-1,89.5527,22.8206,1000,10,1,1776182459,1776232505,0
LTE,470,4,47191,102405632,-1,89.5534,22.8209,1000,1,1,1776183325,1776183325,0
LTE,470,4,48011,103425028,-1,89.5535,22.8206,1000,1,1,1776218693,1776218693,0
LTE,470,1,48171,28420365,-1,89.5529,22.8207,1000,1,1,1776229397,1776229397,0
LTE,470,1,48171,29813577,-1,89.5497,22.8202,1000,8,1,1776230606,1776232505,0
LTE,470,1,48161,29075723,-1,89.5475,22.8189,1000,1,1,1776230687,1776230687,0
LTE,470,1,48171,29813587,-1,89.547,22.8186,1000,1,1,1776230697,1776230697,0
LTE,470,4,47191,103433475,-1,89.5465,22.8178,1000,1,1,1776230925,1776230925,0
LTE,470,1,48161,28427335,-1,89.5467,22.8179,1000,2,1,1776230925,1776232505,0
LTE,470,4,48011,103425025,-1,89.5472,22.8182,1000,1,1,1776231048,1776231048,0
LTE,470,1,48171,28419873,-1,89.5472,22.8188,1000,1,1,1776232470,1776232470,0
LTE,470,4,47191,102411268,-1,89.544,22.8169,1000,2,1,1776232470,1776232505,0
LTE,470,1,48161,29075744,-1,89.5436,22.8166,1000,1,1,1776232470,1776232470,0
LTE,470,4,47191,102422018,-1,89.5395,22.8262,1000,4,1,1776232470,1776232505,0
LTE,470,1,48171,28420679,-1,89.5368,22.8277,1000,15,1,1776232470,1776232505,0
LTE,470,4,47191,102401797,-1,89.5388,22.8271,1000,2,1,1776232470,1776232505,0
LTE,470,4,47191,102411523,-1,89.5376,22.8274,1000,3,1,1776232470,1776232505,0
LTE,470,4,47191,102404356,-1,89.5367,22.8276,1000,2,1,1776232470,1776232505,0
LTE,470,4,47191,102404357,-1,89.5348,22.8284,1000,6,1,1776232470,1776232505,0
LTE,470,1,56872,26828555,-1,90.3545,23.7454,1000,1,1,1773867560,1773867560,0
LTE,470,3,1203,4828754,-1,90.3545,23.7454,1000,1,1,1773867560,1773867560,0
LTE,470,3,1203,4631358,-1,90.3494,23.757,1000,1,1,1773909419,1773909419,0
LTE,470,1,56272,26213951,-1,90.3497,23.7572,1000,4,1,1773909419,1776332881,0
LTE,470,3,1203,4631298,-1,90.35,23.7568,1000,3,1,1773909660,1776332881,0
LTE,470,3,1203,3126847,-1,90.3503,23.7568,1000,7,1,1773909732,1776332881,0
LTE,470,1,56272,26213960,-1,90.3507,23.7564,1000,5,1,1773909768,1776332881,0
LTE,470,3,1203,3126787,-1,90.3504,23.756,1000,3,1,1773909839,1776332881,0
LTE,470,3,1203,3845578,-1,90.3503,23.7563,1000,1,1,1773910117,1773910117,0
LTE,470,3,1203,3845577,-1,90.3506,23.7568,1000,1,1,1773910214,1773910214,0
LTE,470,3,1203,3126786,-1,90.3511,23.7568,1000,3,1,1773910249,1776332881,0
LTE,470,1,56872,25929553,-1,90.3617,23.7461,1000,1,1,1776332880,1776332880,0
LTE,470,2,33003,133142543,-1,88.7446,25.7706,1000,1,1,1776400469,1776400469,0
LTE,470,4,57371,207374851,-1,88.7446,25.7706,1000,1,1,1776400469,1776400469,0
LTE,470,3,6031,11063753,-1,89.623,22.4756,1000,1,1,1776823878,1776823878,0
LTE,470,2,9320,108033292,-1,91.8165,22.382,1000,1,1,1776979834,1776979834,0
LTE,470,2,9644,33836557,-1,90.3506,23.7998,1000,1,1,1776989438,1776989438,0
LTE,470,3,1202,3465729,-1,90.3506,23.7998,1000,1,1,1776989438,1776989438,0
LTE,470,1,43312,77373473,-1,91.8133,22.3341,1000,2,1,1777220815,1778005441,0
LTE,470,4,17381,30724355,-1,90.5348,23.543,1000,5,1,1777546616,1777546622,0
LTE,470,3,1131,3078146,-1,90.5348,23.543,1000,5,1,1777546616,1777546622,0
LTE,470,2,8417,89786636,-1,90.6546,23.5805,1000,10,1,1777514743,1777993801,0
LTE,470,2,8417,108510000,-1,90.6543,23.5798,1000,5,1,1777514915,1777998062,0
LTE,470,1,56511,26227026,-1,90.6541,23.5811,1000,9,1,1777514743,1779466623,0
LTE,470,1,44142,77702677,-1,90.6545,23.5794,1000,13,1,1777514956,1785571681,0
LTE,470,2,8417,38401035,-1,90.6489,23.5854,1000,1,1,1777551012,1777551012,0
LTE,470,2,8417,261889577,-1,90.6491,23.5854,1000,3,1,1777552237,1777552501,0
LTE,470,1,56511,26715197,-1,90.6546,23.5798,1000,1,1,1777574577,1777574577,0
LTE,470,2,8417,108509999,-1,90.6546,23.5794,1000,9,1,1777606249,1779031501,0
LTE,470,2,8417,108509998,-1,90.655,23.5795,1000,9,1,1777644571,1779466623,0
LTE,470,1,56511,26227006,-1,90.6543,23.5796,1000,4,1,1777644571,1777998121,0
LTE,470,2,8417,89786642,-1,90.654,23.5795,1000,2,1,1777650188,1777653301,0
LTE,470,3,1127,2599938,-1,90.3911,24.7655,1000,6,1,1740106792,1777688401,0
LTE,470,3,1209,2599968,-1,90.3912,24.7654,1000,1,1,1767054581,1767054581,0
LTE,470,2,8417,108509968,-1,90.6545,23.5797,1000,3,1,1777660302,1779464042,0
LTE,470,1,56511,26227016,-1,90.6502,23.5836,1000,3,1,1777660303,1784735522,0
LTE,470,2,48429,34406158,-1,90.3573,23.8566,1000,1,1,1777742066,1777742066,0
LTE,470,1,58561,27349260,-1,90.3573,23.8566,1000,1,1,1777742066,1777742066,0
GSM,470,4,1215,32662,-1,90.445,23.8199,1000,3,1,1777742917,1777758781,0
GSM,470,4,5214,2463,-1,89.1572,24.9188,1000,1,1,1777777634,1777777634,0
LTE,470,2,8417,89786643,-1,90.6488,23.5855,1000,2,1,1777808067,1777829341,0
LTE,470,1,56511,26226958,-1,90.6487,23.5855,1000,1,1,1777808067,1777808067,0
LTE,470,1,44142,77702679,-1,90.6519,23.5821,1000,21,1,1777809870,1787396701,0
LTE,470,1,56352,25868861,-1,90.3942,23.7287,1000,1,1,1777842322,1777842322,0
LTE,470,4,17251,25848580,-1,90.3942,23.7287,1000,1,1,1777842322,1777842322,0
LTE,470,4,17251,25606148,-1,90.3941,23.7287,1000,1,1,1777842291,1777842291,0
LTE,470,1,56352,26499656,-1,90.3941,23.7287,1000,1,1,1777842291,1777842291,0
LTE,470,1,56313,25830157,-1,90.4122,23.7303,1000,2,1,1777850712,1777871641,0
LTE,470,4,17341,25816580,-1,90.4122,23.7303,1000,2,1,1777850712,1777871641,0
LTE,470,1,56382,25829899,-1,90.413,23.7303,1000,3,1,1777850718,1777871641,0
LTE,470,4,17341,25825798,-1,90.4142,23.7302,1000,9,1,1777850718,1777871642,0
LTE,470,1,56382,25829387,-1,90.4153,23.7301,1000,8,1,1777850728,1777871642,0
LTE,470,4,17341,25825797,-1,90.4174,23.729,1000,8,1,1777850748,1777871642,0
LTE,470,1,56382,25733901,-1,90.4174,23.729,1000,4,1,1777850758,1777871642,0
LTE,470,1,56381,25807883,-1,90.4183,23.7285,1000,1,1,1777850778,1777850778,0
LTE,470,4,17341,25611012,-1,90.4192,23.7279,1000,3,1,1777850778,1777871642,0
LTE,470,1,56381,25807884,-1,90.4196,23.7277,1000,5,1,1777850808,1777871642,0
LTE,470,4,17341,25824262,-1,90.4203,23.7271,1000,3,1,1777850968,1777871642,0
LTE,470,4,17341,25824261,-1,90.4205,23.727,1000,1,1,1777851038,1777851038,0
LTE,470,1,56381,25807115,-1,90.4211,23.7267,1000,1,1,1777851078,1777851078,0
LTE,470,4,17341,25824259,-1,90.4211,23.7267,1000,1,1,1777851078,1777851078,0
LTE,470,1,56381,26309182,-1,90.4221,23.7265,1000,3,1,1777851098,1777871642,0
LTE,470,4,17341,25650433,-1,90.4217,23.7266,1000,2,1,1777851098,1777871642,0
LTE,470,1,56381,25807165,-1,90.4214,23.7264,1000,2,1,1777851108,1777871642,0
LTE,470,4,17341,25634049,-1,90.4221,23.7263,1000,3,1,1777851108,1777871642,0
LTE,470,4,17341,25908484,-1,90.4221,23.7263,1000,3,1,1777851128,1777871642,0
LTE,470,1,56381,25807125,-1,90.4218,23.7261,1000,1,1,1777851148,1777851148,0
LTE,470,1,56381,25807175,-1,90.4218,23.7261,1000,1,1,1777851158,1777851158,0
LTE,470,1,56381,26309192,-1,90.422,23.7262,1000,1,1,1777851218,1777851218,0
LTE,470,4,17341,25620483,-1,90.422,23.7263,1000,2,1,1777851218,1777871642,0
LTE,470,1,56381,25807373,-1,90.4221,23.7265,1000,2,1,1777851228,1777871642,0
LTE,470,4,17341,25655299,-1,90.4228,23.7266,1000,4,1,1777851268,1777871642,0
LTE,470,1,56381,26258975,-1,90.423,23.7266,1000,2,1,1777851328,1777871642,0
LTE,470,1,56381,26258958,-1,90.4231,23.7264,1000,1,1,1777851448,1777851448,0
LTE,470,1,56381,26258976,-1,90.4231,23.7264,1000,1,1,1777851458,1777851458,0
LTE,470,1,56381,26258956,-1,90.4231,23.7264,1000,1,1,1777851478,1777851478,0
LTE,470,4,17341,25634052,-1,90.4231,23.7264,1000,1,1,1777851498,1777851498,0
LTE,470,1,56381,26258977,-1,90.4231,23.7264,1000,1,1,1777851518,1777851518,0
LTE,470,1,56381,26258957,-1,90.4231,23.7264,1000,1,1,1777851579,1777851579,0
LTE,470,4,17311,25833217,-1,90.4231,23.7264,1000,1,1,1777851579,1777851579,0
LTE,470,4,17311,25614849,-1,90.4231,23.7264,1000,1,1,1777851598,1777851598,0
LTE,470,4,17341,25646337,-1,90.4231,23.7264,1000,1,1,1777851658,1777851658,0
LTE,470,1,58501,26794510,0,90.4433,23.8257,1000,1,1,1777976183,1777976183,0
LTE,470,1,58501,26597133,0,90.4432,23.8266,1000,1,1,1777976212,1777976212,0
GSM,470,2,410,48418,-1,90.6547,23.5798,1000,2,1,1777997022,1777998062,0
LTE,470,1,43312,77373471,-1,91.8133,22.3341,1000,2,1,1778003678,1778040425,0
LTE,470,1,44142,77702687,-1,90.6475,23.5848,1000,5,1,1778070508,1786274822,0
LTE,470,2,8417,89786677,-1,90.6488,23.5855,1000,1,1,1778070508,1778070508,0
LTE,470,2,48417,38430795,-1,90.6491,23.5852,1000,1,1,1778072485,1778072485,0
LTE,470,1,62501,27430669,-1,90.4192,24.0159,1000,3,1,1778223786,1778246641,0
LTE,470,3,1172,3079172,-1,90.4206,24.0098,1000,5,1,1778223786,1783724101,0
LTE,470,3,1172,28679390,-1,90.4192,24.016,1000,2,1,1778223795,1778243882,0
LTE,470,3,1172,4459487,-1,90.4191,24.0159,1000,1,1,1778223835,1778223835,0
LTE,470,3,1172,3079170,-1,90.4192,24.016,1000,2,1,1778223874,1778243761,0
LTE,470,3,1172,3079169,-1,90.4191,24.016,1000,1,1,1778223937,1778223937,0
LTE,470,3,1172,3079229,-1,90.4186,24.0161,1000,2,1,1778226767,1778467862,0
LTE,470,1,62501,25934881,-1,90.4169,24.0191,1000,1,1,1778231234,1778231234,0
LTE,470,3,1172,2734663,-1,90.417,24.0189,1000,2,1,1778231234,1778254381,0
LTE,470,3,1172,2734683,-1,90.4173,24.0186,1000,1,1,1778234486,1778234486,0
LTE,470,1,52021,30775565,-1,89.7057,24.457,1000,2,1,1778181516,1778302501,0
LTE,470,1,52021,30775585,-1,89.7055,24.4569,1000,5,1,1778181661,1778510161,0
LTE,470,1,52021,30773833,-1,89.7133,24.4596,1000,5,1,1778300422,1778300461,0
LTE,470,1,52021,30775052,-1,89.7105,24.461,1000,9,1,1778300422,1778301541,0
LTE,470,1,52021,30775072,-1,89.7092,24.4598,1000,4,1,1778300422,1778302441,0
LTE,470,1,52021,30775113,-1,89.7086,24.4596,1000,2,1,1778301548,1778301601,0
LTE,470,1,52021,30775564,-1,89.7066,24.457,1000,5,1,1778302426,1778302441,0
LTE,470,2,9114,89728781,-1,91.1927,23.4605,1000,3,1,1778336025,1778337126,0
LTE,470,3,2061,5659167,-1,91.1929,23.4605,1000,4,1,1778336025,1778337126,0
LTE,470,2,9114,89734418,-1,91.1934,23.4599,1000,2,1,1778336025,1778337126,0
LTE,470,3,2061,5659137,-1,91.1933,23.4597,1000,4,1,1778337085,1778337126,0
LTE,470,2,9114,89727251,-1,91.1933,23.4593,1000,1,1,1778337085,1778337085,0
LTE,470,2,9114,89727285,-1,91.1933,23.4598,1000,1,1,1778337085,1778337085,0
LTE,470,2,9114,89728787,-1,91.1934,23.4601,1000,1,1,1778337085,1778337085,0
LTE,470,1,62491,25934623,-1,90.418,24.0162,1000,1,1,1778448016,1778448016,0
LTE,470,1,62501,27430689,-1,90.418,24.0162,1000,1,1,1778448016,1778448016,0
LTE,470,1,62301,40981024,-1,89.9269,24.2517,1000,1,1,1778645082,1778645082,0
LTE,470,2,48417,38403655,-1,90.6537,23.5804,1000,4,1,1779031463,1779031501,0
GSM,470,1,21103,19058,-1,90.5108,24.5299,1000,1,1,1779138013,1779138013,0
LTE,470,1,62531,41222177,-1,90.5108,24.5299,1000,1,1,1779138015,1779138015,0
LTE,470,2,8417,89786637,-1,90.6486,23.5855,1000,2,1,1779197929,1779206881,0
LTE,470,1,56511,27108680,-1,90.6484,23.5854,1000,1,1,1779197929,1779197929,0
LTE,470,1,56511,26710817,-1,90.6488,23.5856,1000,1,1,1779198439,1779198439,0
LTE,470,2,44013,79420939,-1,91.87,24.9057,1000,5,1,1779335499,1779364623,0
LTE,470,1,49211,38403143,-1,91.8703,24.9062,1000,1,1,1779335499,1779335499,0
LTE,470,1,49211,38403144,-1,91.8697,24.9048,1000,3,1,1779335537,1779364623,0
LTE,470,1,49211,38403154,-1,91.8698,24.9049,1000,5,1,1779335557,1779364623,0
LTE,470,1,49211,38403134,-1,91.8697,24.905,1000,2,1,1779335607,1779364623,0
LTE,470,2,44013,79432976,-1,91.8697,24.9046,1000,3,1,1779335637,1779364623,0
LTE,470,2,44013,79400975,-1,91.8696,24.9029,1000,9,1,1779335657,1779364623,0
LTE,470,1,49211,38412555,-1,91.8696,24.9034,1000,5,1,1779335697,1779364623,0
LTE,470,2,44013,79400976,-1,91.8697,24.9034,1000,9,1,1779335717,1779364623,0
LTE,470,1,49211,38412557,-1,91.8696,24.9023,1000,2,1,1779335817,1779364623,0
LTE,470,1,49211,38435084,-1,91.8696,24.902,1000,1,1,1779335857,1779335857,0
LTE,470,1,49211,38412577,-1,91.8697,24.9025,1000,1,1,1779344403,1779344403,0
LTE,470,1,49211,38412575,-1,91.8697,24.9034,1000,5,1,1779344411,1779364623,0
LTE,470,1,56511,26715207,-1,90.6548,23.5799,1000,1,1,1779208637,1779208637,0
LTE,470,3,1146,3010049,-1,90.4078,23.7526,1000,1,1,1779477335,1779477335,0
LTE,470,3,1200,3104713,-1,90.3756,23.9774,1000,2,1,1779498676,1779518582,0
LTE,470,3,1200,3104715,-1,90.375,23.9774,1000,2,1,1779498686,1779518582,0
LTE,470,3,1200,3398601,-1,90.3747,23.9774,1000,1,1,1779498716,1779498716,0
LTE,470,4,17023,25680909,-1,90.4217,23.8582,1000,1,1,1779622001,1779622001,0
LTE,470,1,62071,41517395,-1,89.9252,24.3348,1000,2,1,1779686520,1779706382,0
LTE,470,3,1208,2856158,-1,89.9252,24.3347,1000,1,1,1779686520,1779686520,0
LTE,470,3,1208,2856138,-1,89.9252,24.3348,1000,1,1,1779686522,1779686522,0
LTE,470,1,52031,31492936,-1,89.8068,24.6145,1000,2,1,1779778147,1779798002,0
LTE,470,3,1174,3980803,-1,89.8068,24.6145,1000,1,1,1779778147,1779778147,0
LTE,470,3,5082,21136898,-1,89.8068,24.6145,1000,1,1,1779778155,1779778155,0
LTE,470,3,5082,13079498,-1,89.8066,24.6165,1000,2,1,1779778165,1779802023,0
LTE,470,3,1174,3980801,-1,89.8064,24.6185,1000,1,1,1779782192,1779782192,0
LTE,470,1,62061,41520161,-1,89.8064,24.6185,1000,1,1,1779782192,1779782192,0
LTE,470,2,61137,51251472,-1,89.8524,24.7911,1000,1,1,1780078524,1780078524,0
LTE,470,2,61137,51251469,-1,89.8522,24.7931,1000,1,1,1780079897,1780079897,0
LTE,470,1,62221,41275915,-1,89.8523,24.7931,1000,2,1,1780084705,1780087083,0
LTE,470,1,62221,41275935,-1,89.8523,24.7931,1000,2,1,1780084705,1780086661,0
LTE,470,2,22009,151042062,-1,89.0229,24.9667,1000,1,1,1780052320,1780052320,0
LTE,470,1,52051,33906769,-1,89.0229,24.9667,1000,1,1,1780052320,1780052320,0
LTE,470,2,22009,151043599,-1,89.099,25.0639,1000,2,1,1780154418,1780286162,0
LTE,470,1,53321,33915936,-1,89.099,25.0639,1000,2,1,1780154418,1780286162,0
LTE,470,2,22009,151043597,-1,89.0913,25.0696,1000,4,1,1780288076,1780333201,0
LTE,470,1,53321,33915917,-1,89.0904,25.0686,1000,7,1,1780288076,1780333201,0
LTE,470,2,22009,151043600,-1,89.0892,25.0671,1000,3,1,1780288320,1780333201,0
GSM,470,3,722,16761,-1,90.4334,23.8275,1000,2,1,1780573234,1780827901,0
LTE,470,1,58501,27209504,-1,90.4345,23.8262,1000,3,1,1780563609,1780827902,0
LTE,470,3,1151,3177986,-1,90.4339,23.8264,1000,5,1,1780570780,1780827902,0
LTE,470,3,1151,2733314,-1,90.4344,23.8262,1000,1,1,1780573758,1780573758,0
LTE,470,2,9550,261185072,-1,91.9286,21.9767,1000,1,1,1780942681,1780942681,0
GSM,470,2,30027,43313,-1,90.4523,23.6991,1000,4,1,1780995808,1781001122,0
LTE,470,3,1186,3718401,-1,90.4523,23.6991,1000,4,1,1780995808,1781001121,0
LTE,470,1,56203,25810445,-1,90.3749,23.79,1000,1,1,1781374541,1781374541,0
LTE,470,4,17121,25644290,-1,90.3749,23.79,1000,1,1,1781374541,1781374541,0
LTE,470,1,49121,41712937,-1,91.739,25.2067,1000,2,1,1781401778,1781422501,0
LTE,470,1,3004,7889611,-1,91.7415,25.208,1000,2,1,1781401908,1781422501,0
LTE,470,2,17003,120356366,-1,91.9789,21.4292,1000,1,1,1781658694,1781658694,0
LTE,470,2,9428,107624716,-1,91.679,22.8824,1000,1,1,1782050472,1782050472,0
LTE,470,2,9428,107624752,-1,91.6785,22.8824,1000,3,1,1782073744,1782093601,0
GSM,470,1,30009,44222,-1,91.6784,22.8824,1000,2,1,1782073744,1782093601,0
GSM,470,1,30009,44224,-1,91.6784,22.8824,1000,2,1,1782073744,1782093601,0
GSM,470,1,30009,23395,-1,91.6784,22.8824,1000,2,1,1782073744,1782093601,0
LTE,470,2,9428,107624751,-1,91.6788,22.8824,1000,1,1,1782073751,1782073751,0
LTE,470,1,43409,51355157,-1,91.6788,22.8824,1000,2,1,1782073751,1782093601,0
GSM,470,2,1522,17938,-1,91.6788,22.8824,1000,1,1,1782073936,1782073936,0
GSM,470,2,1522,17180,-1,91.6788,22.8824,1000,1,1,1782073936,1782073936,0
GSM,470,2,1522,15040,-1,91.6788,22.8824,1000,1,1,1782073936,1782073936,0
GSM,470,2,1522,16019,-1,91.6788,22.8824,1000,1,1,1782073936,1782073936,0
LTE,470,1,53321,33915937,-1,89.0896,25.0677,1000,2,1,1780843590,1782488641,0
LTE,470,3,5059,13068035,-1,89.0896,25.0677,1000,2,1,1780843590,1782488641,0
LTE,470,2,41102,243222858,-1,91.1228,23.9146,1285,33,1,1765147942,1782533162,0
LTE,470,2,41102,243222860,-1,91.126,23.9052,1000,10,1,1765148170,1782533162,0
LTE,470,2,41102,243222798,-1,91.1266,23.9035,1000,3,1,1765148260,1782533162,0
LTE,470,2,41102,243214350,-1,91.1291,23.8971,857,30,1,1765148320,1782533163,0
GSM,470,4,7302,4611,-1,91.1312,23.8924,1000,9,1,1765148461,1782533162,0
LTE,470,2,41102,243214351,-1,91.1336,23.888,1000,12,1,1765148510,1782533163,0
LTE,470,2,41102,243222347,-1,91.1362,23.8825,1000,19,1,1765148570,1782533163,0
LTE,470,4,41102,243222347,-1,91.1351,23.8853,1000,3,1,1765148580,1782533163,0
LTE,470,2,41102,243222348,-1,91.1578,23.8497,1209,50,1,1765148672,1782533164,0
LTE,470,2,41018,243228469,-1,91.1459,23.8687,1000,13,1,1765148809,1782533163,0
LTE,470,2,41018,88344337,-1,91.1547,23.8331,1445,24,1,1765149308,1782533164,0
LTE,470,2,58781,189450754,-1,91.1555,23.833,1000,1,1,1765149428,1765149428,0
LTE,470,2,41018,88335627,-1,91.1549,23.8291,1000,13,1,1765149471,1782533164,0
LTE,470,2,41018,88344339,-1,91.1487,23.8254,1000,21,1,1765149688,1782533164,0
GSM,470,2,1290,32010,-1,91.1361,23.8286,1000,23,1,1765149902,1782533165,0
GSM,470,2,4116,12871,-1,91.1399,23.8266,1000,5,1,1765149902,1782533165,0
GSM,470,2,1290,22790,-1,91.1375,23.8267,1000,4,1,1765149923,1782533165,0
GSM,470,2,1290,32110,-1,91.1368,23.8281,1000,9,1,1765149923,1782533165,0
GSM,470,2,1290,32009,-1,91.1419,23.8254,1000,5,1,1765149923,1782533164,0
GSM,470,2,1290,22788,-1,91.1424,23.8253,1000,2,1,1765149923,1782533164,0
GSM,470,2,1290,32111,-1,91.1373,23.8283,1000,6,1,1765149932,1782533165,0
LTE,470,2,41018,87051794,-1,91.1391,23.826,1000,6,1,1765149962,1782533165,0
LTE,470,2,41018,88335629,-1,91.1368,23.8265,1000,4,1,1765150002,1782533165,0
LTE,470,2,41018,87069195,-1,91.1349,23.8271,1000,5,1,1765150032,1782533165,0
UMTS,470,4,7901,2102144,153,91.1339,23.8274,1000,4,1,1765150052,1782533165,0
LTE,470,2,41018,87066379,-1,91.1336,23.8274,1000,2,1,1765150062,1782533165,0
LTE,470,2,41018,108462091,-1,91.1328,23.8276,1000,2,1,1765150077,1782533165,0
GSM,470,2,1290,32100,-1,91.1328,23.8287,1000,2,1,1765150128,1782533165,0
GSM,470,2,1290,41811,-1,91.1329,23.83,1000,7,1,1765150128,1782533165,0
GSM,470,2,1290,42226,-1,91.1329,23.8308,1000,5,1,1765150154,1782533165,0
GSM,470,4,7302,4612,-1,91.1328,23.8308,1000,2,1,1765150172,1782533165,0
GSM,470,2,1290,41810,-1,91.133,23.8317,1000,6,1,1765150215,1782533165,0
LTE,470,2,41018,87051788,-1,91.1328,23.8315,1000,4,1,1765150245,1782533165,0
GSM,470,4,7302,4703,-1,91.133,23.8318,1000,4,1,1765150315,1782533165,0
GSM,470,2,1290,32083,-1,91.1327,23.8318,1000,1,1,1765150444,1765150444,0
LTE,470,4,37301,89602821,-1,91.1759,23.4498,1000,2,1,1782501633,1782533165,0
LTE,470,2,9115,263703094,-1,91.1758,23.4499,1000,2,1,1782501827,1782533165,0
GSM,470,4,3230,13042,-1,91.1758,23.4499,1000,1,1,1782501932,1782501932,0
GSM,470,4,3230,13322,-1,91.1758,23.4499,1000,1,1,1782501942,1782501942,0
GSM,470,4,3230,13313,-1,91.1758,23.4499,1000,1,1,1782501942,1782501942,0
LTE,470,4,37301,89611777,-1,91.139,23.4695,1000,1,1,1782512821,1782512821,0
GSM,470,2,1186,444,-1,91.1758,23.4499,1000,1,1,1782501942,1782501942,0
LTE,470,2,9116,89721106,-1,91.1384,23.4709,1000,9,1,1782512821,1782533165,0
LTE,470,4,37301,89617154,-1,91.1377,23.4744,553,29,1,1782512827,1782533165,0
LTE,470,2,9116,263779374,-1,91.1376,23.4736,1000,4,1,1782512907,1782533165,0
LTE,470,2,9116,89888558,-1,91.1373,23.4759,1000,11,1,1782512917,1782533165,0
LTE,470,2,9116,89721101,-1,91.1372,23.4765,1000,2,1,1782513057,1782533165,0
LTE,470,2,9116,89737740,-1,91.1376,23.4762,1000,2,1,1782513097,1782533165,0
LTE,470,2,9116,89888552,-1,91.1384,23.4771,1000,1,1,1782513297,1782513297,0
LTE,470,2,9116,89721128,-1,91.1385,23.4771,1000,1,1,1782513307,1782513307,0
LTE,470,2,9116,263750447,-1,91.1478,23.4471,1000,1,1,1782686846,1782686846,0
LTE,470,4,37301,89618950,-1,91.1478,23.4471,1000,1,1,1782686846,1782686846,0
GSM,470,4,3230,13211,-1,91.1448,23.4536,1000,19,1,1782686886,1782708422,0
GSM,470,4,3230,13213,-1,91.1463,23.4505,1000,16,1,1782686906,1782708422,0
GSM,470,2,1187,2213,-1,91.1463,23.4505,1000,12,1,1782686906,1782708422,0
GSM,470,2,1187,2212,-1,91.1453,23.4525,1000,19,1,1782686906,1782708422,0
GSM,470,2,1187,35203,-1,91.1453,23.4525,1000,19,1,1782686906,1782708422,0
GSM,470,4,3230,13212,-1,91.1467,23.4498,1000,6,1,1782686926,1782708422,0
GSM,470,4,3230,13043,-1,91.1455,23.4521,1000,19,1,1782686926,1782708422,0
GSM,470,4,3230,13253,-1,91.1475,23.4478,1000,2,1,1782686926,1782708421,0
GSM,470,2,1187,27543,-1,91.1475,23.4478,1000,2,1,1782686926,1782708421,0
GSM,470,2,1187,35133,-1,91.1463,23.4505,1000,14,1,1782686926,1782708422,0
GSM,470,4,3230,13061,-1,91.1404,23.4653,1890,47,1,1782686948,1782708424,0
GSM,470,2,1187,21596,-1,91.1463,23.4507,1000,7,1,1782686948,1782708422,0
GSM,470,2,1187,35166,-1,91.1444,23.4544,1000,16,1,1782686948,1782708422,0
GSM,470,4,3230,13162,-1,91.1417,23.4613,1747,40,1,1782686957,1782708424,0
GSM,470,4,3230,13323,-1,91.1418,23.4608,1052,26,1,1782686969,1782708423,0
GSM,470,4,3230,13182,-1,91.1393,23.4692,1750,50,1,1782686977,1782708424,0
GSM,470,4,3230,13113,-1,91.1405,23.4651,1354,44,1,1782687013,1782708424,0
GSM,470,4,3230,13133,-1,91.1438,23.4554,1000,7,1,1782687013,1782708422,0
GSM,470,2,1187,23104,-1,91.1423,23.4591,1000,19,1,1782687021,1782708423,0
GSM,470,2,1187,35204,-1,91.143,23.4571,1000,7,1,1782687026,1782708422,0
GSM,470,2,1187,23105,-1,91.1411,23.4624,727,25,1,1782687039,1782708423,0
GSM,470,4,3230,13273,-1,91.1387,23.4713,1478,35,1,1782687059,1782708424,0
GSM,470,4,3230,13333,-1,91.1411,23.4626,1000,15,1,1782687059,1782708423,0
GSM,470,2,1187,23106,-1,91.1399,23.4663,1000,20,1,1782687082,1782708423,0
GSM,470,4,3230,13161,-1,91.1383,23.4724,1029,38,1,1782687102,1782708424,0
GSM,470,2,1187,22178,-1,91.1408,23.4632,1000,2,1,1782687102,1782708423,0
GSM,470,2,1187,22177,-1,91.1393,23.4691,1000,9,1,1782687110,1782708424,0
GSM,470,4,3230,13111,-1,91.1394,23.4678,1000,4,1,1782687148,1782708423,0
GSM,470,2,1187,20904,-1,91.1386,23.4704,1000,16,1,1782687148,1782708424,0
GSM,470,2,1187,21852,-1,91.1397,23.4667,1000,6,1,1782687154,1782708423,0
GSM,470,2,1187,20902,-1,91.1382,23.4717,1000,10,1,1782687179,1782708424,0
GSM,470,4,3230,13181,-1,91.1378,23.4752,1000,13,1,1782687258,1782708424,0
GSM,470,4,3230,13183,-1,91.1376,23.4754,1000,23,1,1782687258,1782708424,0
GSM,470,2,1187,19983,-1,91.1375,23.475,1000,15,1,1782687258,1782708424,0
GSM,470,2,1187,23080,-1,91.1366,23.4766,1000,1,1,1782687407,1782687407,0
GSM,470,2,1187,22331,-1,91.1376,23.4766,1000,10,1,1782687407,1782708424,0
GSM,470,2,1187,35078,-1,91.1382,23.4768,1000,6,1,1782687451,1782708424,0
GSM,470,4,3233,14483,-1,91.1379,23.4766,1000,6,1,1782687547,1782708424,0
GSM,470,2,1187,447,-1,91.1387,23.4769,1000,2,1,1782687728,1782708424,0
GSM,470,2,1187,19982,-1,91.1385,23.4767,1000,1,1,1782687976,1782687976,0
LTE,470,3,1202,3136769,-1,90.3515,23.7995,1000,1,1,1782409757,1782409757,0
LTE,470,3,1202,3136829,-1,90.3514,23.7997,1000,5,1,1782466425,1782814261,0
LTE,470,3,1202,3465809,-1,90.3519,23.7991,1000,3,1,1782505130,1782814261,0
LTE,470,3,1202,3465789,-1,90.3517,23.7992,1000,3,1,1782505290,1782814261,0
LTE,470,3,1202,3465839,-1,90.3515,23.7995,1000,1,1,1782505340,1782505340,0
LTE,470,3,1202,2775555,-1,90.3515,23.7996,1000,1,1,1782814229,1782814229,0
LTE,470,3,2062,5739999,-1,90.6517,23.5822,1000,16,1,1782971860,1785571681,0
LTE,470,1,56511,26716990,-1,90.649,23.5853,1000,1,1,1782971860,1782971860,0
LTE,470,1,52681,34574092,-1,88.8123,25.5349,1000,2,1,1782980718,1782980821,0
LTE,470,4,57371,207360259,-1,88.8123,25.5349,1000,2,1,1782980718,1782980821,0
GSM,470,1,22002,8122,-1,91.9533,21.4585,1000,2,1,1782970080,1782988681,0
GSM,470,3,757,58282,-1,90.3585,23.8239,1000,1,1,1783268476,1783268476,0
LTE,470,1,48371,29094176,-1,89.3886,23.4006,1000,14,1,1771231870,1783724041,0
LTE,470,3,4079,10315552,-1,89.389,23.401,1000,6,1,1771231880,1783724041,0
LTE,470,3,4082,11013663,-1,89.3837,23.3947,1000,17,1,1771231900,1783724041,0
LTE,470,3,4082,11013664,-1,89.3763,23.3846,1000,20,1,1771231990,1783724042,0
LTE,470,3,4079,10940193,-1,89.3769,23.3865,1000,6,1,1771232010,1783724042,0
GSM,470,1,23097,36322,-1,89.3761,23.3854,1000,4,1,1771232030,1783724041,0
GSM,470,1,23097,39257,-1,89.376,23.3852,1000,2,1,1771232040,1783724041,0
GSM,470,1,23097,26363,-1,89.376,23.3852,1000,2,1,1771232040,1783724041,0
GSM,470,1,23097,13859,-1,89.376,23.3852,1000,2,1,1771232040,1783724041,0
LTE,470,1,56941,26246177,-1,90.4017,23.6724,1000,7,1,1771380988,1783724043,0
LTE,470,1,56941,26246175,-1,90.4052,23.6751,1000,11,1,1771381008,1783724043,0
LTE,470,1,56941,26041121,-1,90.4188,23.6829,1000,4,1,1771381098,1783724043,0
LTE,470,1,56941,26041150,-1,90.4299,23.6897,1000,9,1,1771381228,1783724043,0
LTE,470,1,56451,27263039,-1,90.427,23.6872,1000,5,1,1771381268,1783724043,0
LTE,470,3,1154,29056970,-1,90.4265,23.6868,1000,2,1,1771381268,1783724043,0
LTE,470,3,1154,29056969,-1,90.4283,23.6884,1000,9,1,1771381278,1783724043,0
LTE,470,1,56421,26189119,-1,90.43,23.6898,1000,13,1,1771381288,1783724043,0
LTE,470,3,1187,2973955,-1,90.4315,23.6911,1000,4,1,1771381318,1783724043,0
LTE,470,3,1187,2902019,-1,90.4351,23.694,1000,3,1,1771381368,1783724043,0
LTE,470,1,56421,26181950,-1,90.4361,23.6979,1000,17,1,1771381378,1783724044,0
LTE,470,3,1187,4504578,-1,90.4358,23.7001,1000,6,1,1771381408,1783724043,0
LTE,470,1,56421,26181949,-1,90.4352,23.7016,1000,2,1,1771381428,1783724043,0
LTE,470,1,56411,26193470,-1,90.4348,23.7041,1000,12,1,1771381448,1783724044,0
LTE,470,3,1189,2838531,-1,90.4348,23.7063,1000,6,1,1771381668,1783724044,0
LTE,470,1,56411,27168318,-1,90.4346,23.708,1000,9,1,1771381678,1783724044,0
LTE,470,3,1189,2838529,-1,90.4346,23.708,1000,3,1,1771381688,1783724044,0
LTE,470,3,1189,2633986,-1,90.4342,23.7097,1000,6,1,1771381698,1783724044,0
LTE,470,1,56412,25749568,-1,90.4334,23.7104,1000,5,1,1771381708,1783724044,0
LTE,470,3,1189,2633985,-1,90.433,23.7106,1000,3,1,1771381718,1783724044,0
LTE,470,1,56412,25749567,-1,90.4312,23.711,1000,6,1,1771381728,1783724044,0
LTE,470,3,1189,2976770,-1,90.4319,23.7109,1000,3,1,1771381728,1783724044,0
LTE,470,3,1189,2711041,-1,90.4298,23.7115,1000,6,1,1771381738,1783724044,0
LTE,470,1,56411,25842494,-1,90.4289,23.7142,1000,18,1,1771381748,1783724044,0
LTE,470,3,1189,3639809,-1,90.4286,23.7121,1000,2,1,1771381758,1783724044,0
LTE,470,3,1189,2773763,-1,90.4287,23.7145,1000,2,1,1771381788,1783724044,0
LTE,470,3,1197,3758850,-1,90.4291,23.7156,1000,4,1,1771381798,1783724044,0
LTE,470,3,1197,2998531,-1,90.4292,23.7171,1000,5,1,1771381838,1783724044,0
LTE,470,1,56412,25842977,-1,90.4292,23.7182,1000,13,1,1771381868,1783724103,0
LTE,470,1,56332,25738016,-1,90.4286,23.7226,1000,5,1,1771381968,1783724103,0
LTE,470,1,56332,25738015,-1,90.4287,23.7235,1000,7,1,1771382000,1783724103,0
LTE,470,3,1197,3717633,-1,90.4287,23.7239,1000,5,1,1771382000,1783724103,0
LTE,470,1,56332,25740832,-1,90.4287,23.7253,1000,4,1,1771382022,1783724103,0
LTE,470,1,56332,25740862,-1,90.4287,23.7275,1000,18,1,1771382041,1783724103,0
LTE,470,1,56332,25767948,-1,90.4286,23.7301,1000,6,1,1771382108,1783724104,0
LTE,470,1,56332,25767997,-1,90.4285,23.7318,1000,6,1,1771382118,1783724044,0
LTE,470,1,56312,25687633,-1,90.4273,23.7405,815,37,1,1771382238,1783724045,0
LTE,470,3,1152,2570497,-1,90.4284,23.7348,1000,3,1,1771382328,1783724044,0
LTE,470,1,56323,25764107,-1,90.424,23.7478,1000,7,1,1771382568,1783724104,0
LTE,470,1,56323,25762828,-1,90.4231,23.7483,1000,6,1,1771382598,1783724104,0
LTE,470,3,1146,2852925,-1,90.4215,23.7487,1000,2,1,1771382638,1783724045,0
LTE,470,1,56323,25762827,-1,90.4212,23.7487,1000,11,1,1771382678,1783724104,0
LTE,470,3,1146,2577922,-1,90.4205,23.7489,1000,3,1,1771382828,1783724045,0
LTE,470,1,56323,25763851,-1,90.4203,23.7489,1000,4,1,1771382898,1783724045,0
LTE,470,3,1146,2577982,-1,90.4197,23.749,1000,2,1,1771383048,1783724045,0
LTE,470,1,56252,25763596,-1,90.4186,23.749,1000,9,1,1771383058,1783724104,0
LTE,470,3,1146,2577983,-1,90.4178,23.7492,1000,7,1,1771383078,1783724045,0
LTE,470,1,56252,25798156,-1,90.4173,23.7492,1000,4,1,1771383138,1783724104,0
LTE,470,1,56252,25763597,-1,90.4173,23.7492,1000,5,1,1771383148,1783724104,0
LTE,470,3,1146,3045181,-1,90.4166,23.7493,1000,6,1,1771383298,1783724104,0
LTE,470,1,56323,25798667,-1,90.4157,23.7496,1000,9,1,1771383338,1783724104,0
LTE,470,3,1146,3045182,-1,90.4159,23.7496,1000,5,1,1771383388,1783724104,0
LTE,470,3,1146,2766849,-1,90.4156,23.7495,1000,1,1,1771383408,1771383408,0
LTE,470,3,1146,3057665,-1,90.4144,23.7497,1000,4,1,1771383428,1783724045,0
LTE,470,3,1146,3057725,-1,90.4143,23.7497,1000,4,1,1771383448,1783724045,0
LTE,470,1,56243,26373388,-1,90.4152,23.7495,1000,2,1,1771383528,1783724104,0
LTE,470,1,56243,26373448,-1,90.414,23.7497,1000,2,1,1771383538,1783724045,0
LTE,470,3,1146,3057727,-1,90.4139,23.7513,1000,3,1,1771383578,1783724045,0
LTE,470,1,56243,26893896,-1,90.4147,23.7525,1000,4,1,1771383638,1783724045,0
LTE,470,3,1146,2912769,-1,90.4134,23.7506,1000,7,1,1771383668,1783724045,0
LTE,470,1,56243,26373447,-1,90.414,23.7518,1000,15,1,1771383778,1783724045,0
LTE,470,3,1146,2912770,-1,90.4133,23.7499,1000,1,1,1771383788,1771383788,0
LTE,470,3,1146,3066369,-1,90.4145,23.7528,1000,4,1,1771383958,1783724045,0
LTE,470,3,1146,3057667,-1,90.415,23.7534,1000,1,1,1771384028,1771384028,0
LTE,470,3,1146,2912515,-1,90.4153,23.754,1000,4,1,1771384048,1783724045,0
LTE,470,1,56243,26373449,-1,90.4153,23.754,1000,2,1,1771384088,1783724045,0
LTE,470,1,56242,27107656,-1,90.4174,23.7579,1000,17,1,1771384218,1783724045,0
LTE,470,3,1146,2912514,-1,90.4162,23.7558,1000,3,1,1771384218,1783724045,0
LTE,470,1,1146,3514371,-1,90.4176,23.7586,1000,1,1,1771384428,1771384428,0
LTE,470,3,1146,2828033,-1,90.4179,23.759,1000,1,1,1771384468,1771384468,0
LTE,470,1,56242,25832264,-1,90.4192,23.761,1000,4,1,1771384538,1783724045,0
LTE,470,1,56242,27340299,-1,90.4197,23.7619,1000,1,1,1771384618,1771384618,0
LTE,470,1,56242,25835789,-1,90.4203,23.7628,1000,6,1,1771384638,1783724045,0
LTE,470,1,56242,25835787,-1,90.4209,23.7641,1000,2,1,1771384678,1783724045,0
LTE,470,1,56242,25834252,-1,90.4215,23.7651,1000,5,1,1771384698,1783724045,0
LTE,470,3,1146,2911807,-1,90.4214,23.7648,1000,2,1,1771384718,1783724045,0
LTE,470,3,1146,2911805,-1,90.4217,23.7652,1000,2,1,1771384758,1783724045,0
LTE,470,1,56242,25834251,-1,90.4223,23.7664,1000,4,1,1771384778,1783724045,0
LTE,470,1,56242,27205132,-1,90.4231,23.7678,1000,1,1,1771384938,1771384938,0
LTE,470,1,56242,25834261,-1,90.4232,23.768,1000,2,1,1771384958,1783724046,0
LTE,470,3,1146,2766337,-1,90.4234,23.7684,1000,4,1,1771384968,1783724104,0
LTE,470,3,1150,3142658,-1,90.4234,23.7684,1000,3,1,1771384998,1783724046,0
LTE,470,1,56252,25696288,-1,90.4244,23.7701,1000,12,1,1771385098,1783724105,0
LTE,470,3,1150,3680319,-1,90.4244,23.7701,1000,2,1,1771385158,1783724046,0
LTE,470,1,56252,25696318,-1,90.4247,23.7707,1000,6,1,1771385208,1783724046,0
LTE,470,1,56252,25692941,-1,90.4254,23.772,1000,3,1,1771385318,1783724046,0
LTE,470,1,56252,25692939,-1,90.4255,23.7729,1000,2,1,1771385348,1787201223,0
LTE,470,1,56252,27142411,-1,90.4256,23.7733,1000,9,1,1771385358,1787201222,0
LTE,470,1,58242,26807583,-1,90.4259,23.7748,1000,4,1,1771385398,1787201223,0
LTE,470,3,1150,4267071,-1,90.426,23.7751,1000,3,1,1771385398,1783724046,0
LTE,470,1,58242,25695521,-1,90.4258,23.7771,1000,4,1,1771385408,1783724105,0
LTE,470,3,1150,4267069,-1,90.4258,23.7769,1000,2,1,1771385428,1783724046,0
LTE,470,1,58242,25695571,-1,90.4259,23.7763,1000,16,1,1771385438,1787201222,0
LTE,470,3,1150,3594241,-1,90.4258,23.7776,1000,1,1,1771385488,1771385488,0
LTE,470,3,1150,2611403,-1,90.4257,23.7794,1000,5,1,1771385508,1783724105,0
LTE,470,1,58242,26145619,-1,90.4258,23.7805,1000,16,1,1771385528,1787201222,0
LTE,470,3,1150,2611423,-1,90.4256,23.7789,1000,13,1,1771385528,1783724105,0
LTE,470,3,1150,2910723,-1,90.4257,23.7804,1000,4,1,1771385538,1783724046,0
LTE,470,3,1150,2910721,-1,90.4258,23.782,1000,4,1,1771385568,1783724046,0
LTE,470,3,1150,2611401,-1,90.4257,23.7838,1000,15,1,1771385588,1783724105,0
LTE,470,3,1150,2611421,-1,90.4254,23.7872,1000,7,1,1771385608,1783724105,0
LTE,470,1,58242,25696849,-1,90.4257,23.7856,1000,22,1,1771385618,1787201222,0
LTE,470,3,1150,2910466,-1,90.4259,23.7843,1000,2,1,1771385628,1783724046,0
LTE,470,3,1150,3096578,-1,90.4259,23.7842,1000,1,1,1771385648,1771385648,0
LTE,470,3,1150,3096577,-1,90.4259,23.785,1000,2,1,1771385708,1783724046,0
LTE,470,3,1150,3096640,-1,90.4257,23.786,1000,4,1,1771385768,1783724046,0
LTE,470,3,1150,2746646,-1,90.4256,23.7867,1000,1,1,1771385808,1771385808,0
LTE,470,3,1150,2746628,-1,90.4254,23.7878,1000,3,1,1771385828,1783724046,0
LTE,470,3,1150,2746627,-1,90.4255,23.7875,1000,3,1,1771385848,1783724046,0
LTE,470,3,1150,2746625,-1,90.4253,23.7886,1000,1,1,1771385908,1771385908,0
LTE,470,3,1048,3643614,-1,90.4252,23.7892,1000,2,1,1771385928,1783724046,0
LTE,470,3,1150,2910209,-1,90.4251,23.7895,1000,1,1,1771385948,1771385948,0
LTE,470,1,58761,25627454,-1,90.4252,23.7898,1000,1,1,1771385958,1771385958,0
LTE,470,3,1150,2746705,-1,90.4247,23.7916,1000,13,1,1771385958,1783724105,0
LTE,470,1,58761,25627453,-1,90.4247,23.7919,1000,11,1,1771385968,1783724046,0
LTE,470,3,1150,2746686,-1,90.4251,23.7907,1000,2,1,1771385988,1783724046,0
LTE,470,3,1150,2579459,-1,90.4248,23.7915,1000,2,1,1771386008,1783724046,0
LTE,470,3,1150,2579520,-1,90.4246,23.7926,1000,3,1,1771386058,1783724046,0
LTE,470,3,1048,2806533,-1,90.4244,23.7938,1000,4,1,1771386078,1783724046,0
LTE,470,1,58762,25628223,-1,90.4243,23.7943,1000,4,1,1771386088,1783724046,0
LTE,470,3,1048,2806529,-1,90.4241,23.7949,1000,4,1,1771386098,1783724046,0
LTE,470,1,58762,26879038,-1,90.424,23.7954,1000,2,1,1771386118,1783724046,0
LTE,470,3,1048,2711811,-1,90.4238,23.7965,1000,5,1,1771386129,1783724046,0
LTE,470,1,58762,26879037,-1,90.4237,23.7968,1000,5,1,1771386138,1783724046,0
LTE,470,1,58762,25628479,-1,90.4236,23.7973,1000,1,1,1771386168,1771386168,0
LTE,470,3,1048,2764300,-1,90.4236,23.7974,1000,2,1,1771386168,1783724046,0
LTE,470,1,58762,25628477,-1,90.4235,23.7983,1000,7,1,1771386188,1783724046,0
LTE,470,3,1048,3521795,-1,90.4236,23.7974,1000,1,1,1771386188,1771386188,0
LTE,470,3,1048,2711809,-1,90.4233,23.7991,1000,5,1,1771386208,1783724046,0
LTE,470,3,1048,2711872,-1,90.4235,23.7983,1000,3,1,1771386218,1783724046,0
LTE,470,1,58762,25628482,-1,90.4231,23.8005,1000,6,1,1771386248,1783724047,0
LTE,470,3,1048,2716684,-1,90.4231,23.8005,1000,2,1,1771386258,1783724047,0
LTE,470,3,1048,2716744,-1,90.4228,23.8019,1000,5,1,1771386268,1783724047,0
LTE,470,1,58762,25643327,-1,90.4226,23.8028,1000,6,1,1771386278,1783724047,0
LTE,470,3,1048,3823618,-1,90.4225,23.8034,1000,3,1,1771386288,1783724047,0
LTE,470,1,58762,25715519,-1,90.4219,23.806,1000,10,1,1771386298,1783724047,0
LTE,470,3,1048,4431106,-1,90.4222,23.8046,1000,3,1,1771386298,1783724047,0
LTE,470,3,1048,4431107,-1,90.4218,23.806,1000,4,1,1771386308,1783724047,0
LTE,470,3,1048,2715658,-1,90.4215,23.8079,1000,7,1,1771386318,1783724047,0
LTE,470,1,58762,25715517,-1,90.4214,23.8086,1000,3,1,1771386328,1783724047,0
LTE,470,1,58751,26555711,-1,90.4213,23.8092,1000,2,1,1771386338,1783724047,0
LTE,470,3,1048,2715650,-1,90.4213,23.8092,1000,2,1,1771386338,1783724047,0
LTE,470,1,58751,26555709,-1,90.4214,23.8107,1000,7,1,1771386358,1783724047,0
LTE,470,3,1048,2608642,-1,90.4214,23.8107,1000,7,1,1771386358,1783724047,0
LTE,470,1,58751,25706046,-1,90.4213,23.8123,1000,2,1,1771386408,1783724047,0
LTE,470,3,1048,4715487,-1,90.4212,23.8127,1000,5,1,1771386408,1783724047,0
LTE,470,1,58751,25603134,-1,90.4212,23.8134,1000,5,1,1771386418,1783724047,0
LTE,470,3,1048,4715485,-1,90.4212,23.8143,1000,4,1,1771386438,1783724047,0
LTE,470,1,58751,25603133,-1,90.4211,23.8152,1000,5,1,1771386448,1783724047,0
LTE,470,3,1048,4715465,-1,90.4211,23.8155,1000,3,1,1771386458,1783724047,0
LTE,470,1,58751,25614653,-1,90.4211,23.8168,1000,5,1,1771386478,1783724047,0
LTE,470,3,1048,3011073,-1,90.4211,23.8169,1000,4,1,1771386478,1783724047,0
LTE,470,3,1048,3011133,-1,90.4211,23.817,1000,2,1,1771386488,1783724047,0
LTE,470,1,58752,25607998,-1,90.4209,23.8184,1000,5,1,1771386508,1783724047,0
LTE,470,3,1048,2745602,-1,90.4209,23.8184,1000,5,1,1771386538,1783724047,0
LTE,470,3,1048,2745662,-1,90.421,23.8176,1000,1,1,1771386518,1771386518,0
LTE,470,1,58752,25607997,-1,90.4203,23.8199,1000,4,1,1771386588,1783724047,0
LTE,470,3,1048,4352514,-1,90.4203,23.8199,1000,4,1,1771386588,1783724047,0
LTE,470,1,58293,25605951,-1,90.4199,23.8212,1000,5,1,1771386608,1783724047,0
LTE,470,1,58293,25605949,-1,90.4206,23.824,1000,20,1,1771386638,1783724047,0
LTE,470,3,1048,3824587,-1,90.4213,23.8253,1000,3,1,1771386668,1783724047,0
LTE,470,3,1151,3178755,-1,90.4217,23.8245,1000,5,1,1771386968,1783724106,0
LTE,470,1,58222,25632063,-1,90.4201,23.827,1000,2,1,1771387148,1783724047,0
GSM,470,3,721,18332,-1,90.42,23.828,1000,4,1,1771387158,1783724047,0
GSM,470,3,722,10442,-1,90.42,23.828,1000,4,1,1771387158,1783724047,0
GSM,470,3,722,4734,-1,90.42,23.828,1000,4,1,1771387158,1783724047,0
LTE,470,1,58222,25928510,-1,90.419,23.8341,1000,7,1,1771387258,1783724048,0
LTE,470,3,1151,2722111,-1,90.4189,23.8348,1000,3,1,1771387268,1783724048,0
LTE,470,1,58213,26612031,-1,90.4188,23.8353,1000,2,1,1771387278,1783724048,0
LTE,470,1,58213,25672511,-1,90.4172,23.8397,1000,5,1,1771387328,1783724048,0
LTE,470,3,1151,3322172,-1,90.4167,23.8405,1000,3,1,1771387348,1783724048,0
LTE,470,1,58213,27389502,-1,90.4144,23.8541,7589,7,1,1771387358,1783724050,0
LTE,470,1,58213,27389503,-1,90.4122,23.846,1000,8,1,1771387388,1783724048,0
LTE,470,1,58213,25671486,-1,90.41,23.8486,1000,7,1,1771387418,1783724048,0
LTE,470,1,58213,25671487,-1,90.4085,23.8504,1000,3,1,1771387528,1783724048,0
LTE,470,1,58213,25680190,-1,90.4087,23.85,1000,2,1,1771387538,1783724048,0
LTE,470,1,58213,25671485,-1,90.4068,23.8526,1000,10,1,1771387588,1783724048,0
LTE,470,1,58213,25870398,-1,90.405,23.8548,1000,3,1,1771387668,1783724048,0
LTE,470,1,58213,25870399,-1,90.4037,23.8563,1000,6,1,1771387678,1783724048,0
LTE,470,1,58213,25666878,-1,90.4012,23.8596,1000,14,1,1771387708,1783724048,0
LTE,470,3,1151,4631042,-1,90.4018,23.8586,1000,3,1,1771387728,1783724048,0
LTE,470,1,58213,25666877,-1,90.3999,23.8628,1000,3,1,1771387778,1783724048,0
LTE,470,1,58212,25666622,-1,90.4,23.8649,1000,5,1,1771387808,1783724048,0
LTE,470,1,58212,25669695,-1,90.4001,23.8671,1000,4,1,1771387958,1783724048,0
LTE,470,1,58212,25670718,-1,90.4002,23.8688,1000,7,1,1771387978,1783724048,0
LTE,470,1,56861,25612351,-1,90.4004,23.8722,1000,6,1,1771388008,1783724049,0
LTE,470,3,1176,3775749,-1,90.4004,23.8733,1000,7,1,1771388138,1783724107,0
LTE,470,3,1176,3785218,-1,90.4004,23.8738,1000,1,1,1771388158,1771388158,0
LTE,470,1,58452,25609790,-1,90.4004,23.8738,1000,1,1,1771388168,1771388168,0
LTE,470,3,1176,3785217,-1,90.4004,23.8738,1000,1,1,1771388178,1771388178,0
LTE,470,3,1176,4001538,-1,90.4004,23.8738,1000,1,1,1771388218,1771388218,0
LTE,470,1,58452,25612606,-1,90.4011,23.8785,500,26,1,1771388248,1783724049,0
LTE,470,3,1176,3813951,-1,90.4009,23.8774,1000,2,1,1771388338,1783724049,0
LTE,470,3,1176,3813954,-1,90.4011,23.8777,1000,4,1,1771388368,1783724107,0
LTE,470,3,1176,3813889,-1,90.4012,23.8793,1000,4,1,1771388568,1783724049,0
LTE,470,3,1199,3075587,-1,90.4012,23.8792,1000,1,1,1771388638,1771388638,0
LTE,470,3,1176,3447242,-1,90.4008,23.8835,2775,7,1,1771388908,1783724108,0
LTE,470,1,58452,25612605,-1,90.4005,23.8825,1000,23,1,1771388928,1783724049,0
LTE,470,3,1176,3447262,-1,90.401,23.8803,1000,2,1,1771388938,1783724049,0
LTE,470,3,1176,3498499,-1,90.4007,23.8816,1000,1,1,1771389129,1771389129,0
LTE,470,3,1176,3813949,-1,90.4005,23.8817,1000,1,1,1771389180,1771389180,0
LTE,470,3,1176,3447101,-1,90.4003,23.883,1000,2,1,1771389361,1783724049,0
LTE,470,3,1176,4645323,-1,90.4003,23.884,1000,1,1,1771389401,1771389401,0
GSM,470,3,840,14293,-1,90.4002,23.8847,1000,3,1,1771389411,1783724049,0
GSM,470,3,840,14292,-1,90.4002,23.8847,1000,3,1,1771389411,1783724049,0
GSM,470,3,840,14294,-1,90.4002,23.8849,1000,2,1,1771389434,1783724049,0
GSM,470,3,840,14291,-1,90.4002,23.8849,1000,2,1,1771389434,1783724049,0
GSM,470,3,836,20853,-1,90.4002,23.8849,1000,2,1,1771389434,1783724049,0
LTE,470,3,1176,2670091,-1,90.4001,23.8851,1000,1,1,1771389441,1771389441,0
LTE,470,3,1176,2670152,-1,90.4,23.8858,1000,3,1,1771389451,1783724049,0
LTE,470,3,1176,2670081,-1,90.4,23.8861,1000,1,1,1771389471,1771389471,0
GSM,470,3,840,38968,-1,90.4,23.8861,1000,1,1,1771389482,1771389482,0
LTE,470,3,1176,29004255,-1,90.4011,23.8897,1000,4,1,1771389502,1783724049,0
LTE,470,3,1176,3117634,-1,90.4012,23.8901,1000,3,1,1771389552,1783724049,0
LTE,470,3,1176,3404033,-1,90.4031,23.8935,1000,1,1,1771389662,1771389662,0
GSM,470,3,836,18463,-1,90.4034,23.894,1000,1,1,1771389693,1771389693,0
LTE,470,1,58451,25963807,-1,90.4035,23.8963,1000,14,1,1771389713,1783724050,0
LTE,470,3,1199,2776835,-1,90.4034,23.8945,1000,3,1,1771389713,1783724049,0
LTE,470,3,1199,2776894,-1,90.4034,23.8941,1000,1,1,1771389723,1771389723,0
LTE,470,3,1199,3109635,-1,90.4034,23.8953,1000,4,1,1771389743,1783724049,0
LTE,470,3,1176,29242846,-1,90.4004,23.8969,1000,8,1,1771389863,1783724107,0
LTE,470,1,58451,25964320,-1,90.4036,23.8988,1000,1,1,1771389873,1771389873,0
LTE,470,1,58451,25939745,-1,90.4038,23.9016,1000,13,1,1771389883,1783724050,0
LTE,470,3,1199,4256003,-1,90.4036,23.8992,1000,1,1,1771389883,1771389883,0
GSM,470,3,836,18212,-1,90.4037,23.9003,1000,4,1,1771389893,1783724049,0
GSM,470,3,836,36214,-1,90.4037,23.9003,1000,4,1,1771389893,1783724049,0
GSM,470,3,836,20243,-1,90.4037,23.9003,1000,4,1,1771389893,1783724049,0
GSM,470,3,836,43037,-1,90.4037,23.901,1000,1,1,1771389915,1771389915,0
GSM,470,3,836,18213,-1,90.4037,23.901,1000,1,1,1771389915,1771389915,0
GSM,470,3,838,11220,-1,90.4037,23.901,1000,1,1,1771389915,1771389915,0
LTE,470,3,1199,4306634,-1,90.404,23.9044,1000,9,1,1771389943,1783724050,0
LTE,470,1,58451,26699809,-1,90.4042,23.9047,1000,3,1,1771389973,1783724050,0
LTE,470,1,58441,25938720,-1,90.4043,23.9048,1000,2,1,1771389983,1783724050,0
LTE,470,3,1199,4306654,-1,90.4043,23.9048,1000,2,1,1771389983,1783724050,0
LTE,470,3,1199,4306434,-1,90.4045,23.9068,1000,8,1,1771390003,1783724050,0
LTE,470,1,58441,26631968,-1,90.4044,23.9068,1000,9,1,1771390013,1783724050,0
LTE,470,3,1177,2591490,-1,90.4045,23.9061,1000,2,1,1771390023,1783724050,0
LTE,470,1,58431,25962529,-1,90.4044,23.9087,1000,3,1,1771390103,1783724050,0
LTE,470,3,1199,2747395,-1,90.4044,23.9087,1000,1,1,1771390113,1771390113,0
LTE,470,3,1199,4306633,-1,90.4044,23.9089,1000,1,1,1771390123,1771390123,0
LTE,470,3,1199,4306433,-1,90.4044,23.9091,1000,2,1,1771390133,1783724050,0
LTE,470,3,1199,2747595,-1,90.404,23.9107,1000,5,1,1771390153,1783724050,0
LTE,470,3,1199,2747615,-1,90.404,23.9103,1000,3,1,1771390163,1783724050,0
LTE,470,1,58431,26989581,-1,90.4038,23.9114,1000,3,1,1771390203,1783724050,0
LTE,470,1,58431,26989580,-1,90.4052,23.9124,1000,3,1,1771390233,1783724050,0
LTE,470,3,1199,4436481,-1,90.4043,23.9118,1000,1,1,1771390243,1771390243,0
LTE,470,3,1199,3325442,-1,90.4046,23.912,1000,1,1,1771390253,1771390253,0
LTE,470,3,1199,3325501,-1,90.4047,23.912,1000,1,1,1771390263,1771390263,0
LTE,470,3,1199,2747593,-1,90.4072,23.9132,1000,10,1,1771390273,1783724050,0
LTE,470,3,1199,2747613,-1,90.4068,23.9131,1000,4,1,1771390293,1783724050,0
LTE,470,1,58431,25962507,-1,90.4064,23.913,1000,2,1,1771390323,1783724050,0
LTE,470,1,58431,27246605,-1,90.4069,23.9132,1000,2,1,1771390333,1783724050,0
LTE,470,1,58431,26032397,-1,90.4079,23.9134,1000,4,1,1771390353,1783724050,0
LTE,470,3,1199,4304897,-1,90.4078,23.9134,1000,3,1,1771390353,1783724050,0
LTE,470,1,58431,26032396,-1,90.4101,23.9153,1000,18,1,1771390393,1783724050,0
LTE,470,3,1199,4113470,-1,90.4104,23.9153,1000,2,1,1771390483,1783724050,0
LTE,470,3,1199,4113409,-1,90.4116,23.9235,1000,6,1,1771390533,1783724050,0
LTE,470,1,58431,26032395,-1,90.4112,23.9212,1000,6,1,1771390543,1783724050,0
LTE,470,1,58231,26406413,-1,90.4114,23.9226,1000,6,1,1771390563,1783724050,0
LTE,470,3,1199,3129821,-1,90.4115,23.9232,1000,8,1,1771390563,1783724050,0
LTE,470,3,1199,3129801,-1,90.4112,23.9219,1000,4,1,1771390593,1783724050,0
LTE,470,1,58231,25962252,-1,90.4112,23.922,1000,2,1,1771390603,1783724050,0
LTE,470,1,58431,27247628,-1,90.4116,23.9231,1000,4,1,1771390633,1783724050,0
LTE,470,1,58231,26406411,-1,90.4125,23.9293,1000,15,1,1771390713,1783724050,0
LTE,470,3,1199,4113469,-1,90.4126,23.9292,1000,4,1,1771390723,1783724050,0
GSM,470,3,836,9831,-1,90.4126,23.9297,1000,4,1,1771390753,1783724050,0
GSM,470,3,836,34627,-1,90.4125,23.9295,1000,3,1,1771390753,1783724050,0
LTE,470,3,1199,3881790,-1,90.4128,23.9318,1000,4,1,1771390813,1783724050,0
LTE,470,3,1199,4440835,-1,90.4135,23.9373,1000,6,1,1771390903,1783724051,0
LTE,470,3,1199,4440834,-1,90.4138,23.9363,1000,3,1,1771390913,1783724051,0
LTE,470,1,58231,26406737,-1,90.4137,23.942,1000,17,1,1771390983,1783724051,0
LTE,470,1,58231,27700256,-1,90.4149,23.9494,1000,15,1,1771391124,1783724051,0
LTE,470,3,1199,3533314,-1,90.4145,23.9488,1000,10,1,1771391226,1783724051,0
LTE,470,1,58231,26404384,-1,90.4158,23.9587,1000,18,1,1771391357,1783724051,0
LTE,470,1,58231,26404385,-1,90.4161,23.9624,1000,2,1,1771391491,1783724051,0
LTE,470,1,62491,26437665,-1,90.4174,23.9744,1000,18,1,1771391631,1783724052,0
LTE,470,3,1172,3629533,-1,90.4198,23.9892,1000,4,1,1771391883,1783724101,0
LTE,470,1,62491,26117924,-1,90.4196,23.9879,1000,2,1,1771391893,1783724101,0
LTE,470,1,62491,26117919,-1,90.4199,23.9898,1000,4,1,1771391904,1783724101,0
LTE,470,1,62491,27309088,-1,90.4209,23.9928,1000,9,1,1771391955,1783724101,0
LTE,470,3,1172,3717379,-1,90.4208,23.9926,1000,4,1,1771391966,1783724101,0
LTE,470,1,62491,25937184,-1,90.4218,23.9962,1000,10,1,1771392016,1783724101,0
LTE,470,3,1172,4005634,-1,90.4208,23.9995,1000,4,1,1771392278,1783724101,0
LTE,470,3,1172,4005694,-1,90.4207,23.9994,1000,1,1,1771392298,1771392298,0
LTE,470,1,62491,25935697,-1,90.4208,24.0027,1000,14,1,1771392610,1783724102,0
LTE,470,3,1172,4005633,-1,90.4206,24.0008,1000,2,1,1771392640,1783724101,0
LTE,470,3,1172,4459486,-1,90.4208,24.003,1000,2,1,1771392700,1783724101,0
LTE,470,3,1172,4005693,-1,90.421,24.0038,1000,4,1,1771392710,1783724101,0
LTE,470,3,1172,3079230,-1,90.4213,24.0047,1000,2,1,1771392731,1783724101,0
LTE,470,1,62491,25970720,-1,90.4218,24.0063,1000,6,1,1771392742,1783724101,0
LTE,470,1,62491,27103007,-1,90.4222,24.0077,1000,3,1,1771392783,1783724101,0
LTE,470,1,62491,26844961,-1,90.4225,24.009,1000,5,1,1771392803,1783724102,0
LTE,470,3,1172,3681599,-1,90.4228,24.01,1000,5,1,1771392813,1783724102,0
LTE,470,1,62491,26844959,-1,90.424,24.014,1000,9,1,1771392843,1783724102,0
LTE,470,3,1172,3681537,-1,90.4234,24.0119,1000,3,1,1771392873,1783724102,0
LTE,470,3,1172,28679370,-1,90.4236,24.0127,1000,3,1,1771392893,1783724102,0
GSM,470,3,887,43801,-1,90.4243,24.0149,1000,8,1,1771392913,1783724102,0
GSM,470,3,887,41827,-1,90.4244,24.0154,1000,6,1,1771392926,1783724102,0
GSM,470,3,887,41857,-1,90.4241,24.0143,1000,1,1,1771392926,1771392926,0
GSM,470,3,887,37827,-1,90.4241,24.0143,1000,1,1,1771392926,1771392926,0
GSM,470,3,887,20272,-1,90.4244,24.0154,1000,6,1,1771392926,1783724102,0
GSM,470,3,887,43802,-1,90.4241,24.0143,1000,1,1,1771392926,1771392926,0
GSM,470,3,887,38717,-1,90.4246,24.016,1000,3,1,1771392946,1783724102,0
LTE,470,3,1172,4459275,-1,90.4247,24.0162,1000,2,1,1771392953,1783724102,0
LTE,470,3,1172,4459335,-1,90.4249,24.0168,1000,2,1,1771392963,1783724102,0
LTE,470,3,1172,3578627,-1,90.4258,24.02,1000,14,1,1771392973,1783724102,0
LTE,470,1,62501,27367200,-1,90.4259,24.0204,1000,16,1,1771392973,1783724102,0
LTE,470,3,1172,3578687,-1,90.4267,24.0232,1000,2,1,1771393076,1783724102,0
LTE,470,3,1172,3578625,-1,90.428,24.0273,1000,9,1,1771393096,1783724102,0
LTE,470,1,62501,26549023,-1,90.4277,24.0284,1000,13,1,1771393096,1783724102,0
LTE,470,3,1172,3578685,-1,90.4272,24.0293,1000,8,1,1771393136,1783724102,0
LTE,470,1,62501,26432545,-1,90.4283,24.0285,1000,1,1,1771393186,1771393186,0
LTE,470,3,1207,3716946,-1,90.4154,24.0357,1000,1,1,1771393701,1771393701,0
LTE,470,3,1207,3152131,-1,90.4153,24.0353,1000,1,1,1771393751,1771393751,0
LTE,470,3,1207,2705475,-1,90.4158,24.0325,1000,1,1,1771396229,1771396229,0
LTE,470,1,56411,27188257,-1,90.429,23.7116,1000,2,1,1783697090,1783724103,0
LTE,470,1,56411,25843489,-1,90.4295,23.712,1000,3,1,1783697100,1783724103,0
LTE,470,1,56411,25843487,-1,90.4306,23.7133,1000,6,1,1783697119,1783724103,0
LTE,470,1,56411,25844256,-1,90.431,23.7153,1000,4,1,1783697149,1783724103,0
LTE,470,3,1189,2902785,-1,90.431,23.7153,1000,4,1,1783697149,1783724103,0
LTE,470,1,56411,25844255,-1,90.4311,23.7166,1000,3,1,1783697169,1783724103,0
LTE,470,1,56412,25842976,-1,90.4308,23.7173,1000,3,1,1783697189,1783724103,0
LTE,470,1,56332,25770529,-1,90.4288,23.721,1000,6,1,1783697279,1783724103,0
LTE,470,3,1197,3019779,-1,90.4288,23.7221,1000,4,1,1783697299,1783724103,0
LTE,470,1,56332,25770273,-1,90.4287,23.7251,1000,3,1,1783697349,1783724103,0
LTE,470,3,1197,3019778,-1,90.4287,23.7251,1000,3,1,1783697349,1783724103,0
LTE,470,3,1197,3064066,-1,90.4286,23.7298,1000,6,1,1783697419,1783724104,0
LTE,470,3,1197,3064067,-1,90.4285,23.7315,1000,5,1,1783697469,1783724104,0
LTE,470,1,56332,26194699,-1,90.4285,23.7314,1000,2,1,1783697479,1783724104,0
LTE,470,1,56332,25767947,-1,90.4285,23.7329,1000,6,1,1783697489,1783724104,0
LTE,470,1,56323,25687820,-1,90.4286,23.7349,1000,3,1,1783697519,1783724104,0
LTE,470,3,1197,2570505,-1,90.4286,23.7349,1000,3,1,1783697519,1783724104,0
LTE,470,1,56332,25698317,-1,90.4285,23.7364,1000,5,1,1783697529,1783724104,0
LTE,470,3,1197,2680067,-1,90.4285,23.7364,1000,5,1,1783697529,1783724104,0
LTE,470,1,56332,27113997,-1,90.4284,23.7381,1000,4,1,1783697549,1783724104,0
LTE,470,3,1197,4271874,-1,90.4284,23.7381,1000,4,1,1783697549,1783724104,0
LTE,470,1,56332,27113995,-1,90.4274,23.7401,1000,7,1,1783697569,1783724104,0
LTE,470,3,1197,4271875,-1,90.4273,23.7405,1000,9,1,1783697569,1783724104,0
LTE,470,1,56323,25854989,-1,90.4268,23.7422,1000,5,1,1783697599,1783724104,0
LTE,470,1,56323,25856268,-1,90.4267,23.7437,1000,3,1,1783697619,1783724104,0
LTE,470,1,56323,25856012,-1,90.4264,23.7448,1000,3,1,1783697629,1783724104,0
LTE,470,1,56333,25698829,-1,90.4259,23.7459,1000,3,1,1783697639,1783724104,0
LTE,470,1,56323,25764108,-1,90.4253,23.7468,1000,3,1,1783697649,1783724104,0
LTE,470,1,56323,25766413,-1,90.4248,23.7472,1000,2,1,1783697659,1783724104,0
LTE,470,1,56323,25801227,-1,90.4163,23.7493,1000,2,1,1783697829,1783724104,0
LTE,470,1,56252,25798157,-1,90.4162,23.751,1000,4,1,1783697869,1783724104,0
LTE,470,1,56252,25798155,-1,90.4167,23.752,1000,3,1,1783697889,1783724104,0
LTE,470,1,56243,25800973,-1,90.4163,23.7535,1000,6,1,1783697909,1783724104,0
LTE,470,3,1146,2766675,-1,90.4163,23.756,1000,8,1,1783697949,1783724104,0
LTE,470,1,56242,27107666,-1,90.4188,23.7603,1000,3,1,1783698029,1783724104,0
LTE,470,1,56242,25836064,-1,90.4191,23.7609,1000,2,1,1783698039,1783724104,0
LTE,470,1,56242,27340321,-1,90.4199,23.7623,1000,5,1,1783698050,1783724104,0
LTE,470,1,56242,27340319,-1,90.4206,23.7636,1000,3,1,1783698069,1783724104,0
LTE,470,1,56242,25835807,-1,90.4211,23.7644,1000,3,1,1783698079,1783724104,0
LTE,470,1,56242,25834272,-1,90.4216,23.7654,1000,3,1,1783698089,1783724104,0
LTE,470,1,56242,25834271,-1,90.4225,23.767,1000,6,1,1783698099,1783724104,0
LTE,470,1,56242,27205152,-1,90.4238,23.769,1000,2,1,1783698129,1783724104,0
LTE,470,1,56252,25692961,-1,90.4255,23.7726,1000,5,1,1783698169,1783724105,0
LTE,470,1,56252,27142431,-1,90.4256,23.7738,1000,8,1,1783698189,1787201223,0
LTE,470,1,58242,25695519,-1,90.4256,23.7788,1000,6,1,1783698229,1783724105,0
LTE,470,1,58242,26145569,-1,90.4256,23.7813,1000,5,1,1783698259,1783724105,0
LTE,470,1,58242,26145568,-1,90.4258,23.7835,1000,5,1,1783698299,1783724105,0
LTE,470,1,58242,25696800,-1,90.4257,23.785,1000,3,1,1783698319,1783724105,0
LTE,470,1,58242,25696799,-1,90.4255,23.7864,1000,5,1,1783698329,1783724105,0
LTE,470,3,1150,2746691,-1,90.4255,23.7868,1000,3,1,1783698339,1783724105,0
LTE,470,1,58071,25695265,-1,90.4252,23.7882,1000,5,1,1783698349,1783724105,0
GSM,470,3,721,17281,-1,90.4252,23.7887,1000,3,1,1783698359,1783724105,0
LTE,470,1,58071,25627424,-1,90.4249,23.7903,1000,7,1,1783698369,1783724105,0
LTE,470,3,1150,2910210,-1,90.425,23.7894,1000,2,1,1783698369,1783724105,0
LTE,470,1,58071,25627423,-1,90.4246,23.7921,1000,5,1,1783698399,1787201222,0
LTE,470,1,58071,25628193,-1,90.4241,23.7946,1000,3,1,1783698419,1783724105,0
LTE,470,1,58071,26879008,-1,90.4239,23.7954,1000,2,1,1783698429,1783724105,0
LTE,470,1,58071,26879007,-1,90.4237,23.7963,1000,4,1,1783698440,1783724105,0
LTE,470,1,58071,25628449,-1,90.4237,23.797,1000,6,1,1783698459,1787201221,0
LTE,470,1,58071,25628447,-1,90.4235,23.7984,1000,17,1,1783698469,1787201223,0
LTE,470,1,58071,27136289,-1,90.4231,23.8005,1000,5,1,1783698489,1786869782,0
LTE,470,1,58071,25643297,-1,90.4225,23.803,1000,11,1,1783698500,1787201222,0
LTE,470,3,1150,3823618,-1,90.4223,23.8037,1000,7,1,1783698500,1783724105,0
LTE,470,1,58071,25715487,-1,90.422,23.8057,1000,7,1,1783698519,1787201222,0
LTE,470,3,1150,4431107,-1,90.4217,23.806,1000,4,1,1783698519,1783724105,0
LTE,470,3,1150,2715658,-1,90.4214,23.8076,1000,4,1,1783698529,1783724105,0
LTE,470,1,58071,27368224,-1,90.4214,23.8087,1000,19,1,1783698539,1787201222,0
LTE,470,3,1150,2715650,-1,90.4212,23.8088,1000,3,1,1783698539,1783724105,0
LTE,470,3,1150,2608642,-1,90.4212,23.8101,1000,5,1,1783698549,1783724105,0
LTE,470,1,58071,27368223,-1,90.4212,23.8101,1000,6,1,1783698559,1786905001,0
LTE,470,1,58071,26555679,-1,90.4212,23.8111,1000,5,1,1783698599,1783724105,0
LTE,470,3,1150,4715487,-1,90.4211,23.8123,1000,8,1,1783698620,1783724105,0
LTE,470,1,58511,25706016,-1,90.4211,23.812,1000,1,1,1783698650,1783698650,0
LTE,470,1,58071,25603104,-1,90.4209,23.8126,1000,13,1,1783698659,1787201222,0
LTE,470,3,1150,4715485,-1,90.4211,23.8146,1000,4,1,1783698689,1783724105,0
LTE,470,1,58071,25603103,-1,90.421,23.815,1000,2,1,1783698699,1783724105,0
LTE,470,1,58071,25614625,-1,90.421,23.8156,1000,2,1,1783698709,1783724105,0
LTE,470,3,1150,3011073,-1,90.4209,23.8171,1000,9,1,1783698709,1783724105,0
LTE,470,1,58071,25614623,-1,90.4209,23.8176,1000,7,1,1783698719,1783724105,0
LTE,470,1,58041,25607967,-1,90.4203,23.8195,1000,4,1,1783698749,1783724105,0
LTE,470,3,1150,4352513,-1,90.4202,23.8199,1000,6,1,1783698749,1783724105,0
LTE,470,1,58041,25605921,-1,90.4197,23.8211,1000,5,1,1783698769,1783724106,0
LTE,470,3,1150,4352514,-1,90.4196,23.8213,1000,2,1,1783698779,1783724106,0
LTE,470,1,58041,25605919,-1,90.4205,23.823,1000,9,1,1783698799,1783724106,0
LTE,470,1,58222,25817633,-1,90.4204,23.8244,1000,8,1,1783698979,1783724106,0
LTE,470,1,58222,25632032,-1,90.4217,23.8247,1000,6,1,1783698989,1783724106,0
LTE,470,1,58222,25817631,-1,90.4213,23.8227,1000,4,1,1783699019,1783724106,0
LTE,470,1,58222,27205919,-1,90.4202,23.8268,1000,7,1,1783699080,1783724106,0
LTE,470,1,58222,25621004,-1,90.4197,23.83,1000,8,1,1783699099,1783724106,0
LTE,470,1,58222,25636107,-1,90.4191,23.8335,1000,7,1,1783699120,1783724106,0
LTE,470,1,58222,25928459,-1,90.4185,23.8364,1000,8,1,1783699139,1783724106,0
LTE,470,3,1151,2722051,-1,90.418,23.8379,1000,8,1,1783699150,1783724106,0
LTE,470,1,58213,26744845,-1,90.4173,23.8394,1000,8,1,1783699159,1783724106,0
LTE,470,1,58213,25672461,-1,90.4158,23.8414,1000,4,1,1783699180,1783724106,0
LTE,470,1,58213,27389452,-1,90.4144,23.8433,1000,7,1,1783699190,1783724106,0
LTE,470,1,58213,27389453,-1,90.4122,23.8459,1000,7,1,1783699210,1783724106,0
LTE,470,1,58213,26259726,-1,90.4106,23.8478,1000,4,1,1783699230,1783724106,0
LTE,470,1,58213,25671436,-1,90.409,23.8498,1000,8,1,1783699240,1783724106,0
LTE,470,1,58213,25671438,-1,90.407,23.8521,1000,7,1,1783699270,1783724106,0
LTE,470,1,58213,26789645,-1,90.4056,23.8539,1000,4,1,1783699290,1783724106,0
LTE,470,1,58213,25870408,-1,90.4042,23.8555,1000,6,1,1783699300,1783724106,0
LTE,470,1,58213,25870409,-1,90.4031,23.8568,1000,3,1,1783699320,1783724106,0
LTE,470,1,58213,25666888,-1,90.4011,23.8596,1000,15,1,1783699329,1783724107,0
LTE,470,1,58213,25666887,-1,90.4,23.8643,1000,10,1,1783699410,1783724107,0
LTE,470,1,58491,25669705,-1,90.4002,23.8674,1000,6,1,1783699440,1783724107,0
LTE,470,1,58491,25670728,-1,90.4003,23.869,1000,3,1,1783699460,1783724107,0
LTE,470,1,58661,25612361,-1,90.4005,23.8712,1000,8,1,1783699470,1783724107,0
LTE,470,3,1176,2836737,-1,90.4005,23.8723,1000,2,1,1783699499,1783724107,0
LTE,470,1,58661,25613385,-1,90.4005,23.8736,1000,5,1,1783699510,1783724107,0
LTE,470,1,58661,25609803,-1,90.4006,23.8756,1000,4,1,1783699540,1783724107,0
LTE,470,1,58661,25609800,-1,90.4011,23.8774,1000,5,1,1783699560,1783724107,0
LTE,470,1,58661,25612616,-1,90.4013,23.8792,1000,5,1,1783699580,1783724107,0
LTE,470,1,58661,25612615,-1,90.4007,23.8854,1000,13,1,1783699600,1783724107,0
LTE,470,3,1199,3123723,-1,90.4006,23.8822,1000,2,1,1783699630,1783724107,0
LTE,470,3,1199,3094019,-1,90.4004,23.8838,1000,5,1,1783699640,1783724107,0
LTE,470,1,58671,25664328,-1,90.4015,23.8929,1000,5,1,1783699700,1783724107,0
LTE,470,1,58651,27233864,-1,90.3996,23.8959,1000,9,1,1783699740,1783724107,0
LTE,470,3,1176,4306690,-1,90.4003,23.8949,1000,3,1,1783699740,1783724107,0
LTE,470,1,58671,25938771,-1,90.3988,23.8982,1000,3,1,1783699770,1783724107,0
LTE,470,1,58671,25964299,-1,90.3991,23.9017,1000,13,1,1783699779,1783724108,0
LTE,470,1,58671,26054924,-1,90.3989,23.9057,1000,5,1,1783699830,1783724108,0
LTE,470,1,58671,27453707,-1,90.3985,23.9075,1000,4,1,1783699849,1783724108,0
LTE,470,3,1199,4306635,-1,90.3983,23.9079,1000,2,1,1783699860,1783724108,0
LTE,470,1,58671,25967627,-1,90.3979,23.909,1000,6,1,1783699870,1783724108,0
GSM,470,3,838,15932,-1,90.3981,23.9086,1000,1,1,1783699879,1783699879,0
LTE,470,3,1177,4274258,-1,90.3972,23.9103,1000,6,1,1783699920,1783724108,0
LTE,470,1,58671,25967677,-1,90.3962,23.9123,1000,12,1,1783699940,1783724108,0
LTE,470,1,58321,25964556,-1,90.3948,23.9153,1000,4,1,1783699990,1783724108,0
LTE,470,1,58321,25964555,-1,90.3942,23.9167,1000,4,1,1783700000,1783724108,0
LTE,470,1,58321,27433740,-1,90.3931,23.9193,1000,9,1,1783700010,1783724108,0
LTE,470,1,58321,25966112,-1,90.3923,23.9213,1000,2,1,1783700040,1783724108,0
LTE,470,3,1177,4992002,-1,90.3923,23.9213,1000,2,1,1783700040,1783724108,0
LTE,470,1,58321,26049057,-1,90.3914,23.9234,1000,8,1,1783700060,1783724108,0
LTE,470,1,58321,25963296,-1,90.3897,23.9275,1000,14,1,1783700090,1783724108,0
LTE,470,3,1177,3848671,-1,90.3904,23.9257,1000,4,1,1783700090,1783724108,0
LTE,470,1,58321,25963295,-1,90.3879,23.932,1000,5,1,1783700130,1783724108,0
LTE,470,1,58321,26995999,-1,90.3862,23.9361,1000,9,1,1783700160,1783724108,0
LTE,470,1,58321,27333409,-1,90.3848,23.9395,1000,4,1,1783700200,1783724108,0
LTE,470,1,58321,25956639,-1,90.3836,23.9424,1000,7,1,1783700210,1783724108,0
LTE,470,1,58321,25967137,-1,90.3812,23.9514,1000,12,1,1783700300,1783724109,0
LTE,470,3,1200,3802335,-1,90.3811,23.952,1000,3,1,1783700320,1783724108,0
LTE,470,3,1200,3086399,-1,90.3807,23.9595,1000,6,1,1783700370,1783724109,0
LTE,470,3,1200,3325407,-1,90.3805,23.9614,1000,1,1,1783700420,1783700420,0
LTE,470,1,62161,26967073,-1,90.3801,23.9645,1000,4,1,1783700480,1783724109,0
LTE,470,1,62181,25972256,-1,90.3805,23.9768,1000,2,1,1783700610,1783724109,0
LTE,470,1,62181,25969951,-1,90.3807,23.979,1000,9,1,1783700620,1783724109,0
LTE,470,3,1200,4329170,-1,90.3813,23.9855,1000,6,1,1783700720,1783724109,0
LTE,470,3,1207,4004299,-1,90.3854,23.9894,1000,4,1,1783700760,1783724109,0
LTE,470,3,1207,3558347,-1,90.3815,23.9869,1000,1,1,1783700770,1783700770,0
LTE,470,1,62181,25935392,-1,90.3815,23.9869,1000,1,1,1783700790,1783700790,0
LTE,470,3,1207,4349662,-1,90.3844,23.9896,1000,7,1,1783700790,1783724109,0
LTE,470,1,62181,25936671,-1,90.3858,23.9902,1000,6,1,1783700840,1783724109,0
LTE,470,1,62491,26548039,-1,90.3913,23.9912,1000,17,1,1783700860,1783724110,0
LTE,470,3,1207,4004297,-1,90.3883,23.9907,1000,4,1,1783700860,1783724109,0
LTE,470,3,1207,3697218,-1,90.3912,23.9912,1000,9,1,1783700870,1783724109,0
LTE,470,3,1207,3697214,-1,90.3953,23.9917,1000,7,1,1783700910,1783724109,0
LTE,470,3,1207,2735167,-1,90.3978,23.992,1000,4,1,1783700930,1783724110,0
LTE,470,3,1207,2735166,-1,90.4016,23.9925,1000,6,1,1783700940,1783724110,0
LTE,470,3,1207,4640583,-1,90.4057,23.9933,1000,6,1,1783700970,1783724110,0
LTE,470,3,1207,4640574,-1,90.4105,23.9947,1000,1,1,1783701002,1783701002,0
LTE,470,1,62491,25935629,-1,90.4197,23.9992,1000,4,1,1783701960,1783724110,0
LTE,470,1,62491,25936140,-1,90.418,24.0016,1000,8,1,1783702060,1783724110,0
LTE,470,3,1172,3496649,-1,90.4151,24.0087,1000,9,1,1783702240,1783724110,0
LTE,470,1,1172,28679371,-1,90.4154,24.0122,1000,2,1,1783702330,1783724110,0
LTE,470,3,1207,2873345,-1,90.4146,24.027,1000,1,1,1783702750,1783702750,0
LTE,470,1,62311,41423628,-1,90.0766,24.3284,1000,1,1,1783725483,1783725483,0
GSM,470,1,25082,19808,-1,89.7833,23.8309,1000,1,1,1783446657,1783446657,0
GSM,470,1,25082,19809,-1,89.7832,23.8308,1000,1,1,1783677635,1783677635,0
LTE,470,1,58371,26438689,-1,89.7826,23.8318,1000,6,1,1783441564,1783784461,0
LTE,470,1,58371,26438669,-1,89.7832,23.8308,1000,2,1,1783455509,1783784461,0
LTE,470,1,52111,31460384,-1,89.7834,23.8305,1000,1,1,1783474935,1783474935,0
LTE,470,1,58371,26438688,-1,89.7831,23.8309,1000,1,1,1783710659,1783710659,0
LTE,470,1,58371,26438687,-1,89.7817,23.8369,1000,7,1,1783784413,1783785002,0
GSM,470,2,6313,12908,-1,90.0217,25.0258,1000,1,1,1783891981,1783891981,0
LTE,470,3,1117,2622474,-1,90.0217,25.0258,1000,1,1,1783891987,1783891987,0
LTE,470,1,48031,28448525,-1,89.1328,23.9053,1000,2,1,1783911507,1783911541,0
LTE,470,4,47191,103433473,-1,89.5474,22.8106,1000,1,1,1783981196,1783981196,0
LTE,470,3,4028,10995714,-1,89.5474,22.8106,1000,1,1,1783981196,1783981196,0
LTE,470,1,58222,26823199,-1,90.4152,23.8272,1000,7,1,1784373712,1784379242,0
LTE,470,1,58222,26823181,-1,90.4148,23.8268,1000,3,1,1784368228,1784377625,0
LTE,470,1,58222,25635361,-1,90.4165,23.8282,1000,2,1,1784373712,1784373722,0
LTE,470,1,58222,25635360,-1,90.4183,23.8289,1000,2,1,1784373712,1784373721,0
LTE,470,1,58222,25621023,-1,90.4186,23.8292,1000,3,1,1784373712,1784373722,0
LTE,470,1,58222,25636108,-1,90.4196,23.8295,1000,1,1,1784373712,1784373712,0
GSM,470,1,25036,6027,-1,90.4191,23.8293,1000,2,1,1784377288,1784377623,0
GSM,470,1,25036,35680,-1,90.4186,23.8292,1000,1,1,1784377363,1784377363,0
GSM,470,1,25036,30752,-1,90.4178,23.8291,1000,3,1,1784377388,1784377623,0
GSM,470,1,25036,41042,-1,90.4169,23.829,1000,2,1,1784377478,1784377623,0
GSM,470,1,25036,46854,-1,90.4161,23.8284,1000,4,1,1784377518,1784377623,0
GSM,470,1,25036,12758,-1,90.4154,23.8278,1000,2,1,1784377590,1784377623,0
LTE,470,1,58222,25635341,-1,90.4162,23.8285,1000,3,1,1784377523,1784377625,0
LTE,470,1,58222,26823179,-1,90.4154,23.8273,1000,3,1,1784377592,1784377625,0
GSM,470,2,31397,12249,-1,90.4148,23.8267,1000,1,1,1784379236,1784379236,0
LTE,470,2,48422,35903502,-1,90.4906,23.6408,1000,2,1,1784543275,1784543281,0
LTE,470,3,2062,5739809,-1,90.6534,23.5806,1000,9,1,1784565394,1785571681,0
LTE,470,3,2062,5739979,-1,90.6512,23.5827,1000,16,1,1784566731,1787396701,0
LTE,470,3,2062,5739779,-1,90.6539,23.5805,1000,7,1,1784568355,1785571682,0
LTE,470,1,56511,26461983,-1,90.6524,23.5797,1000,2,1,1784600727,1784735462,0
LTE,470,1,44142,77702689,-1,90.6487,23.5856,1000,24,1,1784601340,1786274822,0
LTE,470,1,62411,40963853,-1,90.4056,24.7453,1000,15,1,1784975455,1785342362,0
LTE,470,1,62411,40978975,-1,90.4054,24.7457,1000,15,1,1784981832,1789317534,0
LTE,470,1,62411,40963903,-1,90.4061,24.7451,1000,17,1,1784984976,1789909777,0
LTE,470,1,62411,40968972,-1,90.4124,24.7538,1000,9,1,1785011870,1789906485,0
GSM,470,4,1216,33062,-1,90.4014,23.8218,1000,1,1,1785053480,1785053480,0
LTE,470,2,48439,33322766,-1,90.4014,23.8218,1000,1,1,1785053481,1785053481,0
LTE,470,3,2062,4691913,-1,90.6478,23.5857,1000,1,1,1784779816,1784779816,0
GSM,470,1,25008,5212,-1,90.4107,24.75,1000,6,1,1785342351,1789318750,0
LTE,470,1,62411,40979231,-1,90.4149,24.7528,1000,8,1,1785077897,1788921924,0
LTE,470,1,62411,40979211,-1,90.4153,24.7523,1000,6,1,1785078280,1788360242,0
LTE,470,1,62411,40969022,-1,90.413,24.7526,500,50,1,1785078311,1789909777,0
LTE,470,1,62411,40968992,-1,90.4131,24.7524,1000,16,1,1785078341,1789318754,0
LTE,470,1,62411,27653153,-1,90.4126,24.7538,1000,15,1,1785078351,1789906485,0
LTE,470,1,62411,27653152,-1,90.4137,24.7556,1000,3,1,1785078391,1785342361,0
LTE,470,1,62411,27653151,-1,90.4141,24.7557,1000,1,1,1785078543,1785078543,0
LTE,470,1,62411,40972044,-1,90.4125,24.7553,1000,1,1,1785078588,1785078588,0
LTE,470,1,62411,40964876,-1,90.4125,24.7549,1000,1,1,1785078598,1785078598,0
LTE,470,1,62411,27653133,-1,90.4123,24.7538,1000,4,1,1785078609,1789239285,0
LTE,470,1,62411,40969042,-1,90.412,24.7513,1000,23,1,1785078624,1789909777,0
LTE,470,1,62411,40969032,-1,90.4128,24.7525,1000,15,1,1785078727,1789906485,0
LTE,470,1,62411,40968991,-1,90.4129,24.7536,1000,4,1,1785079002,1789138344,0
LTE,470,1,62411,40969033,-1,90.41,24.7511,1000,4,1,1785079897,1785342361,0
LTE,470,1,62411,40963143,-1,90.4088,24.7482,500,28,1,1785079942,1789909777,0
LTE,470,1,62411,40963145,-1,90.4071,24.7465,1000,15,1,1785080095,1789317534,0
LTE,470,1,62411,40963911,-1,90.4076,24.7453,1000,6,1,1785080186,1788943698,0
LTE,470,1,62411,40963913,-1,90.4061,24.7456,1000,9,1,1785342353,1789317534,0
LTE,470,1,62411,40963871,-1,90.4075,24.7453,1000,4,1,1785342353,1789143099,0
LTE,470,1,62411,40976672,-1,90.4067,24.7465,1000,7,1,1785342353,1789239334,0
LTE,470,1,62411,40963105,-1,90.4074,24.7465,1000,19,1,1785342353,1789317534,0
LTE,470,1,62411,40963135,-1,90.4071,24.7464,500,28,1,1785342353,1789909777,0
LTE,470,1,62411,40963083,-1,90.409,24.7471,1000,4,1,1785342353,1788978085,0
LTE,470,1,62411,40963133,-1,90.4085,24.7487,1000,6,1,1785342353,1789906487,0
LTE,470,1,62411,40963144,-1,90.4108,24.746,1000,14,1,1785342353,1789143099,0
LTE,470,1,62411,42464268,-1,90.4108,24.75,1000,7,1,1785342355,1789909777,0
UMTS,470,4,2908,2249585,-1,90.5109,24.5298,1000,1,1,1785363136,1785363136,0
LTE,470,3,2062,4147970,-1,90.653,23.5811,1000,5,1,1785431486,1786274822,0
LTE,470,1,58731,38448927,-1,90.705,23.922,1000,1,1,1785625414,1785625414,0
GSM,470,2,6301,13504,-1,90.705,23.922,1000,1,1,1785625413,1785625413,0
LTE,470,3,1146,2844162,-1,90.4095,23.7541,1000,1,1,1766447404,1766447404,0
LTE,470,3,2062,4148000,-1,90.6483,23.584,1000,7,1,1786124554,1786274822,0
LTE,470,3,2062,4148170,-1,90.6519,23.5807,1000,1,1,1786155787,1786155787,0
LTE,470,1,44281,77514527,-1,91.2416,23.1488,1000,17,1,1786491034,1787289542,0
LTE,470,2,9119,89707788,-1,91.2427,23.151,1000,2,1,1786491034,1786728902,0
LTE,470,2,9119,89707794,-1,91.2426,23.1507,1000,3,1,1786491043,1787289542,0
LTE,470,1,44281,77004833,-1,91.2427,23.151,1000,2,1,1786491103,1786728901,0
LTE,470,1,44281,77514509,-1,91.2427,23.1509,1000,2,1,1786491123,1786728902,0
LTE,470,1,44281,77004831,-1,91.2427,23.151,1000,3,1,1786491223,1787216761,0
LTE,470,1,44281,77514529,-1,91.2427,23.1509,1000,1,1,1786491293,1786491293,0
LTE,470,2,9119,263716623,-1,91.2427,23.1509,1000,1,1,1786491673,1786491673,0
LTE,470,1,58071,26976545,-1,90.418,23.8124,1000,7,1,1786846803,1787201222,0
LTE,470,1,58071,25649696,-1,90.4178,23.8123,1000,6,1,1786846774,1787201222,0
LTE,470,1,58071,26976543,-1,90.4193,23.8127,1000,10,1,1786846983,1787201222,0
LTE,470,1,58502,25706016,-1,90.4204,23.8119,1000,3,1,1786847133,1787201221,0
LTE,470,1,58071,25603084,-1,90.421,23.8111,1000,5,1,1786847383,1787201222,0
LTE,470,1,58071,26555659,-1,90.4214,23.8105,1000,5,1,1786847413,1787201222,0
LTE,470,1,58071,27368203,-1,90.4214,23.8101,1000,13,1,1786847433,1787201222,0
LTE,470,1,58071,25657356,-1,90.4217,23.8071,1000,3,1,1786847573,1786869781,0
LTE,470,1,58071,25657357,-1,90.422,23.8058,1000,4,1,1786847593,1786869782,0
LTE,470,1,58071,25715467,-1,90.4222,23.8047,1000,3,1,1786847613,1786869782,0
LTE,470,1,58071,25715469,-1,90.4225,23.8032,1000,7,1,1786847753,1787201221,0
LTE,470,1,58071,25715468,-1,90.4226,23.803,1000,5,1,1786848163,1787201221,0
LTE,470,1,58071,25643277,-1,90.4229,23.8014,1000,8,1,1786848243,1787201221,0
LTE,470,1,58071,27136287,-1,90.4232,23.8005,1000,1,1,1786848543,1786848543,0
LTE,470,1,58071,25628452,-1,90.4235,23.7988,1000,2,1,1786848663,1786869782,0
LTE,470,1,58071,25628427,-1,90.4234,23.7985,1000,10,1,1786848723,1786905001,0
LTE,470,1,58071,25628429,-1,90.4238,23.7962,1000,9,1,1786848863,1787201223,0
LTE,470,1,58071,26879038,-1,90.4237,23.7975,1000,1,1,1786848903,1786848903,0
LTE,470,1,58071,26239520,-1,90.4239,23.796,1000,2,1,1786848943,1787201223,0
LTE,470,1,58071,25628223,-1,90.4241,23.7949,1000,2,1,1786848963,1786869782,0
LTE,470,1,58071,25627453,-1,90.4249,23.7907,1000,9,1,1786849013,1787201223,0
LTE,470,1,58071,25627454,-1,90.4252,23.7893,1000,4,1,1786849073,1787201223,0
LTE,470,1,58242,25696829,-1,90.4256,23.7859,1000,8,1,1786849123,1787201223,0
LTE,470,1,58242,26145599,-1,90.4258,23.7796,1000,10,1,1786849343,1787201223,0
LTE,470,1,58242,25695551,-1,90.4259,23.7754,1000,8,1,1786849523,1787201223,0
LTE,470,1,56252,25692959,-1,90.425,23.7725,1000,3,1,1786849883,1787201223,0
LTE,470,1,58242,27328544,-1,90.4248,23.7725,1000,2,1,1786849923,1787201223,0
LTE,470,1,58071,27136269,-1,90.423,23.801,1000,4,1,1786880779,1787201222,0
LTE,470,1,58071,25657377,-1,90.4217,23.8069,1000,6,1,1786880869,1787201222,0
LTE,470,1,58502,25705996,-1,90.4207,23.8122,1000,4,1,1786881019,1787201221,0
LTE,470,1,58071,26976523,-1,90.4198,23.8124,1000,10,1,1786881109,1787201221,0
LTE,470,1,58071,26976525,-1,90.4184,23.8125,1000,7,1,1786881259,1787201221,0
LTE,470,1,58071,25649678,-1,90.4183,23.8134,1000,3,1,1786881299,1786905001,0
LTE,470,1,58071,25649675,-1,90.4177,23.8139,1000,2,1,1786881379,1786905001,0
LTE,470,1,58071,25649677,-1,90.4171,23.8137,1000,3,1,1786881439,1787201221,0
LTE,470,1,58071,25678349,-1,90.4168,23.8146,1000,2,1,1786881489,1786905001,0
LTE,470,1,58032,25626381,-1,90.4164,23.8146,1000,1,1,1786881539,1786881539,0
LTE,470,1,58071,26652171,-1,90.4162,23.8137,1000,5,1,1786881559,1787201221,0
LTE,470,1,44281,77003275,-1,91.2405,23.1449,1000,2,1,1786710105,1787065323,0
LTE,470,1,44281,77003277,-1,91.2404,23.1449,1000,4,1,1786710222,1787065323,0
LTE,470,2,9119,263747854,-1,91.2405,23.1449,1000,2,1,1786710105,1787065323,0
LTE,470,2,9119,89706507,-1,91.2404,23.1452,1000,4,1,1786710232,1790050598,0
GSM,470,1,31046,26919,-1,91.2404,23.1449,1000,1,1,1786710262,1786710262,0
LTE,470,1,58071,26652172,-1,90.4167,23.8128,1000,3,1,1787016579,1787201221,0
LTE,470,1,58071,25649676,-1,90.4175,23.8124,1000,3,1,1787016689,1787201221,0
LTE,470,1,58071,25715489,-1,90.4226,23.8033,1000,4,1,1787018489,1787201222,0
LTE,470,1,58071,27136267,-1,90.423,23.8013,1000,3,1,1787018939,1787201222,0
LTE,470,1,58071,26239264,-1,90.423,23.8013,1000,2,1,1787019039,1787201222,0
LTE,470,1,58071,26878988,-1,90.4243,23.7942,1000,4,1,1787019369,1787201223,0
LTE,470,1,58071,25628233,-1,90.4245,23.7929,1000,2,1,1787019439,1787201221,0
LTE,470,1,58071,26267148,-1,90.4247,23.7923,1000,1,1,1787019479,1787019479,0
LTE,470,1,58071,25677324,-1,90.4246,23.7921,1000,4,1,1787019489,1787201223,0
LTE,470,1,58242,27328525,-1,90.4249,23.7725,1000,2,1,1787020569,1787201223,0
LTE,470,1,58242,27328524,-1,90.4249,23.7725,1000,2,1,1787020519,1787201223,0
LTE,470,1,58242,27328287,-1,90.4248,23.7724,1000,1,1,1787020609,1787020609,0
LTE,470,1,58242,27328546,-1,90.4248,23.7724,1000,1,1,1787020629,1787020629,0
LTE,470,1,58242,27328548,-1,90.4248,23.7724,1000,1,1,1787020669,1787020669,0
LTE,470,1,58242,27328547,-1,90.4248,23.7724,1000,1,1,1787021809,1787021809,0
LTE,470,1,58242,27328288,-1,90.4248,23.7724,1000,1,1,1787021829,1787021829,0
LTE,470,1,58071,25603134,-1,90.4214,23.8116,1000,2,1,1787178114,1787201222,0
LTE,470,1,58242,26807585,-1,90.4257,23.7736,1000,2,1,1787179924,1787201223,0
LTE,470,1,58242,27328267,-1,90.4249,23.7732,1000,2,1,1787180174,1787201341,0
LTE,470,1,58242,27328526,-1,90.4249,23.7726,1000,1,1,1787180194,1787180194,0
LTE,470,1,58242,27328529,-1,90.4249,23.7726,1000,1,1,1787180214,1787180214,0
LTE,470,1,58242,27328528,-1,90.4248,23.7732,1000,2,1,1787180254,1787201341,0
LTE,470,1,58242,27328268,-1,90.4249,23.7726,1000,1,1,1787180284,1787180284,0
LTE,470,1,58242,27328269,-1,90.4249,23.7726,1000,1,1,1787180304,1787180304,0
LTE,470,2,9119,89706513,-1,91.2415,23.1487,1000,10,1,1787196668,1787289542,0
GSM,470,1,30002,42124,-1,91.4263,22.9719,1000,1,1,1773582012,1773582012,0
GSM,470,1,30002,42125,-1,91.4325,22.9679,1000,10,1,1773582022,1787525341,0
GSM,470,1,30002,24909,-1,91.4375,22.9653,1000,5,1,1773582152,1787525341,0
GSM,470,1,23051,59645,-1,90.6661,23.2934,1000,2,1,1782726916,1787525341,0
GSM,470,1,31037,57728,-1,90.6661,23.2946,1000,1,1,1782726947,1782726947,0
GSM,470,1,31037,57727,-1,90.6785,23.3003,1000,1,1,1782739286,1782739286,0
GSM,470,1,31042,24591,-1,90.6848,23.2981,1000,13,1,1782740604,1787525341,0
GSM,470,2,1893,33428,-1,90.7023,23.2981,1000,2,1,1782741409,1787525341,0
GSM,470,2,1893,33427,-1,90.7043,23.2983,1000,5,1,1782741439,1787525341,0
GSM,470,1,31042,24590,-1,90.7058,23.2985,1000,1,1,1782741515,1782741515,0
GSM,470,2,1028,11067,-1,90.6691,23.3004,1000,2,1,1782748780,1787525341,0
GSM,470,1,31042,31323,-1,90.682,23.259,1000,1,1,1783603390,1783603390,0
GSM,470,2,1028,19988,-1,90.7074,23.2625,1000,4,1,1786345028,1787525341,0
LTE,470,1,43221,77152523,-1,91.1042,22.9347,1000,1,1,1773563318,1773563318,0
LTE,470,1,43221,77151027,-1,91.1042,22.9378,1000,8,1,1773563326,1787525342,0
LTE,470,1,43221,77151029,-1,91.1046,22.9428,1000,5,1,1773563370,1787525342,0
LTE,470,1,43221,77150999,-1,91.1054,22.9449,1000,5,1,1773563412,1787525342,0
LTE,470,1,43221,77150989,-1,91.1056,22.9454,1000,4,1,1773563497,1787525342,0
LTE,470,1,43221,77150987,-1,91.1058,22.9453,1000,1,1,1773564903,1773564903,0
LTE,470,1,43221,77150997,-1,91.1076,22.9448,1000,7,1,1773565203,1787525342,0
LTE,470,1,43221,77152287,-1,91.1099,22.9431,1000,5,1,1773565259,1787525342,0
LTE,470,1,43221,78103071,-1,91.1132,22.9377,1000,18,1,1773565279,1787525342,0
LTE,470,1,43221,77162507,-1,91.118,22.9318,1000,5,1,1773565595,1787525342,0
LTE,470,1,43221,77158165,-1,91.1184,22.9314,1000,1,1,1773565640,1773565640,0
LTE,470,1,43221,77155103,-1,91.1239,22.9304,1000,11,1,1773565650,1787525342,0
LTE,470,1,43221,77155105,-1,91.1203,22.9311,1000,2,1,1773565701,1787525342,0
LTE,470,1,43221,77155083,-1,91.1311,22.9297,1000,2,1,1773565781,1787525342,0
LTE,470,1,43221,77155093,-1,91.1335,22.9299,1000,6,1,1773565796,1787525342,0
LTE,470,1,43221,77155085,-1,91.1351,22.9341,1000,8,1,1773565838,1787525342,0
LTE,470,1,43221,77150743,-1,91.1395,22.9446,1000,18,1,1773565882,1787525343,0
LTE,470,1,43211,77162017,-1,91.1549,22.948,1000,13,1,1773566062,1787525343,0
LTE,470,1,43211,77161997,-1,91.1634,22.9489,1000,3,1,1773566143,1787525343,0
LTE,470,1,43211,77162007,-1,91.1671,22.949,1000,5,1,1773566163,1787525343,0
LTE,470,1,43211,77164833,-1,91.176,22.9501,1000,14,1,1773566188,1787525343,0
LTE,470,1,43211,77164864,-1,91.1826,22.9517,1000,1,1,1773566323,1773566323,0
LTE,470,1,43211,77164854,-1,91.1896,22.9528,1000,15,1,1773566334,1787525343,0
LTE,470,1,43412,51635231,-1,91.2018,22.954,1000,11,1,1773566459,1787525343,0
LTE,470,1,43412,51635221,-1,91.2077,22.9546,1000,4,1,1773566519,1787525343,0
LTE,470,1,43412,51637023,-1,91.2106,22.9551,1000,3,1,1773566539,1787525343,0
LTE,470,1,43412,51637025,-1,91.2181,22.9566,1000,9,1,1773566564,1787525343,0
LTE,470,1,43412,51637015,-1,91.2281,22.9577,1000,9,1,1773566620,1787525343,0
LTE,470,1,43412,51627041,-1,91.2383,22.9557,1000,10,1,1773566680,1787525343,0
LTE,470,1,43412,51627031,-1,91.2448,22.9508,1000,7,1,1773566740,1787525343,0
LTE,470,1,43412,51627029,-1,91.2494,22.9476,1000,3,1,1773566785,1787525343,0
LTE,470,1,43412,51635487,-1,91.2542,22.9458,1000,5,1,1773566805,1787525343,0
LTE,470,1,43412,51635469,-1,91.2566,22.9455,1000,1,1,1773566850,1773566850,0
LTE,470,1,43412,51635479,-1,91.263,22.9443,1000,12,1,1773566865,1787525344,0
LTE,470,1,43412,51534113,-1,91.2738,22.9418,1000,5,1,1773566961,1787525344,0
LTE,470,1,43412,51534111,-1,91.2799,22.9404,1000,3,1,1773567001,1787525344,0
LTE,470,1,43412,51534101,-1,91.2848,22.9396,1000,6,1,1773567021,1787525344,0
LTE,470,1,43412,51534103,-1,91.2927,22.9392,1000,6,1,1773567061,1787525344,0
LTE,470,1,43412,51529997,-1,91.2949,22.9388,1000,3,1,1773567082,1787525344,0
LTE,470,1,43402,51522337,-1,91.3007,22.9376,1000,8,1,1773567101,1787525344,0
LTE,470,1,43402,51522327,-1,91.3069,22.9397,1000,7,1,1773567167,1787525344,0
LTE,470,1,43402,51522317,-1,91.3116,22.9428,1000,6,1,1773567222,1787525344,0
LTE,470,1,43402,51525133,-1,91.3166,22.9465,1000,6,1,1773567262,1787525344,0
LTE,470,1,43402,51524897,-1,91.3274,22.9556,1077,17,1,1773567302,1787525344,0
LTE,470,1,43402,51524877,-1,91.3339,22.9689,1000,12,1,1773567423,1787525344,0
LTE,470,1,43402,51525665,-1,91.3355,22.9772,1000,8,1,1773567483,1787525344,0
LTE,470,1,43402,51525645,-1,91.3376,22.9822,1000,6,1,1773567523,1787525344,0
LTE,470,1,43402,51535393,-1,91.3416,22.9845,1000,3,1,1773567568,1787525344,0
LTE,470,1,43402,51535383,-1,91.3446,22.9866,1000,2,1,1773567593,1787525344,0
LTE,470,1,43402,51535373,-1,91.3459,22.994,1000,15,1,1773567603,1787525344,0
LTE,470,1,44330,113441,-1,91.3549,23.0047,1000,12,1,1773567704,1787525344,0
LTE,470,1,44330,113431,-1,91.3639,23.0076,1000,3,1,1773567784,1787525344,0
LTE,470,1,44330,51711009,-1,91.3669,23.0083,1000,2,1,1773567804,1787525344,0
LTE,470,1,44330,112161,-1,91.3722,23.0098,1000,7,1,1773567824,1787525345,0
LTE,470,1,44330,112141,-1,91.3766,23.0099,1000,3,1,1773567869,1787525345,0
LTE,470,1,44330,112151,-1,91.3785,23.0097,1000,2,1,1773567895,1787525345,0
LTE,470,1,44330,111895,-1,91.3807,23.0095,1000,12,1,1773567925,1787525345,0
LTE,470,1,44330,51652109,-1,91.3842,23.0073,1000,7,1,1773568065,1787525345,0
LTE,470,1,44330,51652119,-1,91.3906,23.0029,1000,13,1,1773568105,1787525345,0
LTE,470,1,44330,51652117,-1,91.3967,22.9988,1000,2,1,1773568191,1787525345,0
LTE,470,1,43402,51531531,-1,91.3993,22.997,1000,3,1,1773568206,1787525345,0
LTE,470,1,44330,51674655,-1,91.4026,22.9946,1000,11,1,1773568226,1787525345,0
LTE,470,1,62401,41796875,-1,90.6332,24.9735,1000,1,1,1787566437,1787566437,0
LTE,470,1,62401,41796895,-1,90.6332,24.9735,1000,1,1,1787566437,1787566437,0
LTE,470,1,62391,41685535,-1,90.4795,24.7831,1590,34,1,1787583825,1788875447,0
LTE,470,1,62391,41787149,-1,90.4792,24.7828,1000,9,1,1787583825,1788875447,0
LTE,470,1,62391,41685516,-1,90.473,24.7791,1000,18,1,1787584088,1788875447,0
LTE,470,1,62391,41685536,-1,90.4649,24.775,1000,13,1,1787584189,1788875447,0
LTE,470,1,62391,41685537,-1,90.4621,24.7735,996,25,1,1787584204,1788776164,0
LTE,470,1,62391,40979487,-1,90.4546,24.7681,1000,13,1,1787584265,1788875447,0
LTE,470,1,62391,41368607,-1,90.4571,24.7714,1000,2,1,1787584271,1787605921,0
LTE,470,1,62391,41373963,-1,90.4574,24.7721,1000,18,1,1787584271,1788776164,0
LTE,470,1,62391,41595424,-1,90.4724,24.7805,2511,7,1,1787584276,1788875447,0
LTE,470,1,62391,41373964,-1,90.4554,24.7682,1000,4,1,1787584312,1787605921,0
LTE,470,1,62391,41373965,-1,90.4534,24.7665,1000,6,1,1787584332,1787605921,0
LTE,470,1,62391,40979528,-1,90.4499,24.7626,1000,15,1,1787584362,1788875448,0
LTE,470,1,62391,40979518,-1,90.4502,24.7631,1000,15,1,1787584367,1788720541,0
LTE,470,1,62391,40979489,-1,90.4474,24.761,1000,7,1,1787584464,1788875447,0
LTE,470,1,62391,40979744,-1,90.4396,24.7602,536,27,1,1787584474,1788875448,0
LTE,470,1,62391,40979745,-1,90.4339,24.7566,1000,20,1,1787584555,1788875448,0
LTE,470,1,62391,40975392,-1,90.4305,24.7525,1000,14,1,1787584595,1788875448,0
LTE,470,1,62391,40975393,-1,90.4269,24.7503,1000,11,1,1787584641,1788875448,0
LTE,470,1,62411,40978207,-1,90.4249,24.7494,1000,7,1,1787584661,1788875448,0
LTE,470,1,62411,40979232,-1,90.423,24.7489,1000,12,1,1787584681,1788875448,0
LTE,470,1,62411,42095391,-1,90.4212,24.7471,1000,8,1,1787584691,1788875448,0
LTE,470,1,62411,40968736,-1,90.4201,24.7467,1000,10,1,1787584706,1788875448,0
LTE,470,1,62411,42095393,-1,90.4192,24.7458,1000,3,1,1787585005,1788776162,0
LTE,470,1,62411,40968737,-1,90.4179,24.7459,1000,6,1,1787585036,1787605922,0
LTE,470,1,62411,41734688,-1,90.4171,24.7458,1000,4,1,1787585122,1788776162,0
LTE,470,1,62411,41734689,-1,90.4159,24.7453,1000,1,1,1787585137,1787585137,0
LTE,470,1,62411,40969248,-1,90.4145,24.7451,1000,10,1,1787585137,1788776162,0
LTE,470,1,62411,40969249,-1,90.4104,24.7463,1000,5,1,1787585203,1787862422,0
LTE,470,1,62411,40963104,-1,90.4097,24.7466,1000,6,1,1787585233,1788971934,0
LTE,470,1,62411,40963084,-1,90.4099,24.7463,1000,4,1,1787585258,1788971934,0
LTE,470,1,62411,40963876,-1,90.4063,24.7455,1000,9,1,1787585593,1789906487,0
LTE,470,1,56901,27323915,-1,90.3383,23.8021,1000,1,1,1787674494,1787674494,0
LTE,470,2,9135,108244237,-1,91.1401,23.3243,1000,2,1,1787291950,1787739841,0
LTE,470,1,44211,77721887,-1,91.1322,23.3053,1940,50,1,1787291950,1787739872,0
LTE,470,2,9139,263701033,-1,91.1384,23.3213,1000,12,1,1787291955,1787739841,0
LTE,470,2,9139,263701039,-1,91.1316,23.3036,1510,45,1,1787292011,1787739842,0
LTE,470,2,9119,263767861,-1,91.2542,23.1599,1000,5,1,1787719913,1787739842,0
LTE,470,2,9119,263716649,-1,91.2564,23.1597,1000,6,1,1787719941,1787739842,0
LTE,470,2,9217,89704466,-1,91.259,23.1593,1000,4,1,1787719981,1787739842,0
LTE,470,2,9209,89624083,-1,91.2599,23.1593,1000,1,1,1787720017,1787720017,0
LTE,470,1,62411,39891213,-1,90.4022,24.7558,1000,8,1,1787794189,1787862422,0
LTE,470,1,62411,41294603,-1,90.4022,24.757,1000,4,1,1787794189,1787862422,0
LTE,470,1,62411,41294607,-1,90.4025,24.7583,1000,12,1,1787794189,1787862422,0
LTE,470,1,62411,41294604,-1,90.4022,24.7593,1000,2,1,1787794189,1787862422,0
LTE,470,1,62411,39891211,-1,90.4024,24.757,1000,2,1,1787794189,1787862422,0
LTE,470,1,62411,40971787,-1,90.4021,24.7551,1000,2,1,1787794189,1787862422,0
LTE,470,1,62411,40970764,-1,90.4025,24.7546,1000,4,1,1787794189,1787862422,0
LTE,470,1,62411,39891212,-1,90.4032,24.7543,1000,2,1,1787794189,1787862422,0
LTE,470,1,62411,40971275,-1,90.4045,24.7523,1000,11,1,1787794189,1787862422,0
LTE,470,1,62411,40971276,-1,90.4045,24.7519,1000,8,1,1787794189,1787862422,0
LTE,470,1,62411,42097931,-1,90.4035,24.7509,1000,14,1,1787794189,1787862422,0
LTE,470,1,62411,42097951,-1,90.4045,24.7512,1000,9,1,1787794189,1788921925,0
LTE,470,1,62411,40973087,-1,90.4058,24.7496,1000,4,1,1787794189,1787862422,0
LTE,470,1,62411,42097952,-1,90.4067,24.7485,1000,9,1,1787794189,1789137050,0
LTE,470,1,62411,42464289,-1,90.4084,24.7486,1000,17,1,1787794189,1789909777,0
LTE,470,2,33006,133132048,-1,88.6517,25.6957,1000,1,1,1785288268,1785288268,0
GSM,470,2,3106,57581,-1,88.6517,25.6957,1000,1,1,1785288268,1785288268,0
GSM,470,2,3106,57648,-1,88.6517,25.6957,1000,1,1,1785288268,1785288268,0
GSM,470,2,3104,24006,-1,88.6517,25.6957,1000,1,1,1785288268,1785288268,0
GSM,470,2,3106,57859,-1,88.6517,25.6957,1000,1,1,1785288268,1785288268,0
GSM,470,2,3104,14386,-1,88.6517,25.6957,1000,1,1,1785288268,1785288268,0
LTE,470,2,33004,133194767,-1,88.6517,25.6956,1000,1,1,1785288279,1785288279,0
LTE,470,2,33006,133132111,-1,88.6517,25.6957,1000,1,1,1785290349,1785290349,0
LTE,470,2,33006,133132105,-1,88.6517,25.6957,1000,1,1,1785290349,1785290349,0
LTE,470,2,33006,133130252,-1,88.6458,25.6435,1000,1,1,1785389494,1785389494,0
LTE,470,1,62411,42097932,-1,90.4067,24.7463,1000,1,1,1787796075,1787796075,0
LTE,470,1,62411,40963856,-1,90.4059,24.7457,1000,21,1,1787800679,1789906487,0
LTE,470,3,1218,3232799,-1,90.4135,24.7535,1000,16,1,1788355425,1789909776,0
LTE,470,3,1218,3232802,-1,90.412,24.7544,1000,20,1,1788356507,1789143106,0
LTE,470,1,62411,42464267,-1,90.4135,24.7525,1000,1,1,1788356597,1788356597,0
LTE,470,3,1218,18017569,-1,90.4135,24.7518,1000,21,1,1788356607,1789909776,0
LTE,470,3,1218,18017568,-1,90.413,24.7513,1000,13,1,1788356662,1789909777,0
LTE,470,3,1218,2865695,-1,90.4117,24.7503,1000,14,1,1788356702,1789909777,0
LTE,470,3,1218,2865697,-1,90.4103,24.7497,1000,13,1,1788356782,1789909777,0
LTE,470,1,62411,42464269,-1,90.4089,24.7492,1000,11,1,1788356797,1789909777,0
LTE,470,3,1218,18017056,-1,90.4094,24.7486,1000,15,1,1788356797,1789909777,0
LTE,470,3,1218,18017057,-1,90.409,24.7493,1000,9,1,1788356802,1789909777,0
LTE,470,3,1218,3593419,-1,90.4089,24.7463,1000,18,1,1788356878,1789906487,0
LTE,470,3,1218,2645793,-1,90.4065,24.7458,1000,18,1,1788357023,1789909777,0
LTE,470,3,1218,2645961,-1,90.41,24.7471,3245,9,1,1788357294,1789909777,0
LTE,470,2,7521,217605140,0,90.1314,22.7415,1000,1,1,1788531160,1788531160,0
GSM,470,1,21026,355,-1,90.3704,23.7936,1000,2,1,1788620046,1788640201,0
GSM,470,1,21026,29956,-1,90.3704,23.7936,1000,2,1,1788620046,1788640201,0
GSM,470,1,21020,18816,-1,90.3704,23.7936,1000,2,1,1788620046,1788640201,0
GSM,470,1,21020,13222,-1,90.3704,23.7936,1000,2,1,1788620046,1788640201,0
GSM,470,1,21026,30448,-1,90.3707,23.7938,1000,1,1,1788620046,1788620046,0
GSM,470,1,21020,13221,-1,90.3704,23.7936,1000,2,1,1788620046,1788640201,0
GSM,470,1,21026,47791,-1,90.3704,23.7936,1000,2,1,1788620046,1788640201,0
LTE,470,4,17121,25633538,-1,90.3707,23.7938,1000,1,1,1788620046,1788620046,0
LTE,470,4,17121,25633541,-1,90.37,23.7934,1000,1,1,1788620205,1788620205,0
GSM,470,1,25008,59291,-1,90.4127,24.754,1000,11,1,1788674196,1789906484,0
GSM,470,1,25008,59290,-1,90.4134,24.7541,1000,3,1,1788674236,1789239281,0
GSM,470,1,25007,19529,-1,90.6066,24.9376,1000,2,1,1788676686,1788720541,0
GSM,470,1,25007,19528,-1,90.6057,24.9381,1000,1,1,1788676706,1788676706,0
GSM,470,1,25007,19530,-1,90.602,24.9392,1000,17,1,1788677643,1788776161,0
GSM,470,1,25007,36160,-1,90.6021,24.939,1000,11,1,1788678385,1788776161,0
LTE,470,3,1125,3737311,-1,90.4184,24.7524,1000,5,1,1788674257,1788720541,0
LTE,470,1,62391,40975391,-1,90.4196,24.751,1000,5,1,1788674297,1788720541,0
LTE,470,3,1125,17923105,-1,90.4241,24.7493,1000,22,1,1788674357,1788875448,0
LTE,470,3,1125,17923104,-1,90.4299,24.7521,1000,17,1,1788674497,1788875448,0
LTE,470,3,1125,3531041,-1,90.4343,24.7572,500,27,1,1788674537,1788875448,0
LTE,470,1,62391,40979725,-1,90.4339,24.7566,1000,12,1,1788674722,1788776163,0
LTE,470,3,1125,3531011,-1,90.4363,24.7601,1000,2,1,1788674722,1788720541,0
LTE,470,1,62391,40979724,-1,90.4394,24.7608,1000,17,1,1788674737,1788776163,0
LTE,470,3,1125,3531010,-1,90.4406,24.7607,1000,7,1,1788674742,1788720541,0
LTE,470,1,62391,40979469,-1,90.4476,24.761,1000,4,1,1788674818,1788720541,0
LTE,470,3,1125,2620931,-1,90.4482,24.7613,1000,5,1,1788674818,1788720541,0
LTE,470,1,62391,40979467,-1,90.4504,24.7625,1000,1,1,1788674858,1788674858,0
LTE,470,3,1125,2620929,-1,90.4513,24.7643,1000,4,1,1788674878,1788720541,0
LTE,470,3,1125,2621131,-1,90.4496,24.7628,1000,22,1,1788674938,1788875448,0
LTE,470,3,1125,3593503,-1,90.457,24.7709,600,25,1,1788674958,1788776164,0
LTE,470,3,1120,17922848,-1,90.4634,24.774,1000,6,1,1788675043,1788875447,0
LTE,470,3,1120,17922847,-1,90.4686,24.7768,1000,14,1,1788675078,1788875447,0
LTE,470,3,1120,3752993,-1,90.4778,24.782,1000,20,1,1788675118,1788875447,0
LTE,470,3,1120,3752991,-1,90.4926,24.7927,1444,32,1,1788675218,1788875447,0
LTE,470,1,62391,41675296,-1,90.495,24.796,1457,8,1,1788675298,1788875447,0
LTE,470,1,62391,41661983,-1,90.4973,24.7982,1000,8,1,1788675318,1788875447,0
LTE,470,1,62391,41489441,-1,90.5045,24.8035,1692,20,1,1788675364,1788875447,0
LTE,470,3,1122,3203273,-1,90.5089,24.8067,1000,10,1,1788675379,1788720542,0
LTE,470,1,62391,41489440,-1,90.5128,24.8091,1000,2,1,1788675479,1788720542,0
LTE,470,1,62391,41489439,-1,90.5176,24.8129,1000,24,1,1788675499,1788776166,0
LTE,470,3,1122,3203275,-1,90.5305,24.8197,1841,25,1,1788675499,1788875446,0
LTE,470,1,62401,41666081,-1,90.5344,24.8231,1703,35,1,1788675564,1788776166,0
LTE,470,1,62401,41788704,-1,90.5352,24.8233,1498,12,1,1788675584,1788776166,0
LTE,470,3,1122,3203295,-1,90.522,24.8157,3071,37,1,1788675679,1788875447,0
LTE,470,1,62401,41666079,-1,90.554,24.837,1000,15,1,1788675739,1788776167,0
LTE,470,3,1122,3324383,-1,90.5404,24.8272,1490,8,1,1788675739,1788776166,0
LTE,470,3,1122,3324192,-1,90.5397,24.827,1130,21,1,1788675764,1788875446,0
LTE,470,3,1122,3487435,-1,90.5655,24.843,1408,27,1,1788675779,1788875446,0
LTE,470,3,1122,17934625,-1,90.5549,24.8375,1000,15,1,1788675799,1788875446,0
LTE,470,1,62401,41611859,-1,90.5686,24.8444,1056,38,1,1788675839,1788875446,0
LTE,470,1,62401,41611787,-1,90.5797,24.8561,1000,16,1,1788675980,1788875446,0
LTE,470,3,1122,3487263,-1,90.579,24.8533,1000,13,1,1788675980,1788875446,0
LTE,470,3,1122,18160897,-1,90.5816,24.8649,1000,23,1,1788676060,1788875445,0
LTE,470,1,62401,41800717,-1,90.5817,24.87,1000,14,1,1788676080,1788875445,0
LTE,470,3,1122,3123146,-1,90.5817,24.8725,1000,22,1,1788676105,1788875445,0
LTE,470,1,62401,41800716,-1,90.5814,24.8772,1000,6,1,1788676165,1788875445,0
LTE,470,1,62401,41800715,-1,90.5813,24.8877,1090,23,1,1788676180,1788875445,0
LTE,470,3,1122,3123145,-1,90.5815,24.8809,1000,16,1,1788676180,1788875445,0
LTE,470,3,1122,3561418,-1,90.5813,24.8913,1000,17,1,1788676240,1788875445,0
LTE,470,1,62401,41733132,-1,90.5877,24.9023,1858,29,1,1788676280,1788875445,0
LTE,470,1,62401,41636620,-1,90.5836,24.897,1001,11,1,1788676305,1788875445,0
LTE,470,3,1122,3561248,-1,90.583,24.8975,1000,1,1,1788676305,1788676305,0
LTE,470,3,1122,3755743,-1,90.5893,24.9046,1305,27,1,1788676325,1788875445,0
LTE,470,1,62401,41696525,-1,90.5951,24.9136,1000,18,1,1788676421,1788875445,0
LTE,470,3,1122,3559200,-1,90.5996,24.9177,1135,13,1,1788676441,1788875443,0
LTE,470,3,1122,18051872,-1,90.6013,24.9188,1000,4,1,1788676461,1788720543,0
LTE,470,1,62401,41696523,-1,90.6072,24.9222,1340,22,1,1788676461,1788875445,0
LTE,470,1,62401,41499916,-1,90.6102,24.9327,1437,21,1,1788676501,1788875444,0
LTE,470,3,1122,3111902,-1,90.609,24.933,1506,16,1,1788676501,1788875444,0
LTE,470,3,1122,18073120,-1,90.612,24.9244,1000,4,1,1788676541,1788720543,0
LTE,470,3,1122,18073121,-1,90.6135,24.9285,1000,16,1,1788676581,1788875443,0
LTE,470,3,1122,3111882,-1,90.6082,24.9333,1523,16,1,1788676626,1788875444,0
LTE,470,3,1122,3739424,-1,90.6053,24.9371,1000,11,1,1788676641,1788875444,0
LTE,470,3,1122,18073119,-1,90.6117,24.9334,1000,5,1,1788676661,1788875444,0
LTE,470,1,62401,41499936,-1,90.6108,24.9323,889,35,1,1788676781,1788875444,0
LTE,470,3,1122,3522562,-1,90.6096,24.9351,1000,5,1,1788676866,1788875443,0
LTE,470,1,62401,41499917,-1,90.603,24.9389,1000,9,1,1788677262,1788875444,0
LTE,470,3,1122,3522593,-1,90.6015,24.9206,2983,13,1,1788677282,1788875445,0
LTE,470,1,62401,41500172,-1,90.6025,24.9388,1000,8,1,1788677342,1788875444,0
LTE,470,3,1122,3739394,-1,90.6022,24.939,500,30,1,1788677342,1788875444,0
LTE,470,1,62401,41499937,-1,90.6035,24.9388,1000,6,1,1788678866,1788875444,0
GSM,470,2,30409,2494,-1,90.3747,23.817,1000,1,1,1788727957,1788727957,0
GSM,470,2,30409,2493,-1,90.3747,23.817,1000,1,1,1788727957,1788727957,0
GSM,470,2,30409,41805,-1,90.3747,23.817,1000,1,1,1788727957,1788727957,0
GSM,470,2,30409,2495,-1,90.3747,23.817,1000,1,1,1788727957,1788727957,0
GSM,470,2,30409,1637,-1,90.3747,23.817,1000,1,1,1788727957,1788727957,0
GSM,470,2,30409,1626,-1,90.3747,23.817,1000,1,1,1788727957,1788727957,0
GSM,470,2,30409,1627,-1,90.3747,23.817,1000,1,1,1788727957,1788727957,0
LTE,470,2,48311,33849110,-1,90.3747,23.817,1000,1,1,1788727960,1788727960,0
LTE,470,1,49791,76803339,-1,91.014,24.0391,1000,2,1,1788702661,1788746222,0
LTE,470,1,49791,76803341,-1,91.0144,24.0394,1000,5,1,1788713038,1788746224,0
LTE,470,1,49791,76804168,-1,91.0142,24.0396,1000,2,1,1788717458,1788746224,0
LTE,470,1,49791,76804169,-1,91.0141,24.0398,1000,1,1,1788724558,1788724558,0
LTE,470,1,49791,76804167,-1,91.0141,24.0398,1000,1,1,1788725529,1788725529,0
LTE,470,2,41101,243200839,-1,91.0141,24.0398,1000,1,1,1788726038,1788726038,0
GSM,470,1,25007,40455,-1,90.5949,24.9141,1000,1,1,1788766388,1788766388,0
GSM,470,1,25007,59251,-1,90.5946,24.9133,1000,1,1,1788766403,1788766403,0
GSM,470,1,21531,19045,-1,90.5089,24.8063,1000,1,1,1788764474,1788764474,0
GSM,470,1,21531,0,-1,90.4661,24.7735,2380,2,1,1788776117,1788776161,0
GSM,470,1,21531,39424,-1,90.4827,24.7852,1000,2,1,1788776117,1788776161,0
GSM,470,1,21531,19042,-1,90.4469,24.7605,1000,2,1,1788776117,1788776161,0
GSM,470,1,21531,8990,-1,90.441,24.7605,1000,3,1,1788776117,1788776161,0
LTE,470,1,62411,40963134,-1,90.41,24.7465,1000,11,1,1788762783,1789909777,0
LTE,470,3,1218,3232552,-1,90.4146,24.7449,1000,6,1,1788762884,1788875448,0
LTE,470,1,62411,40969228,-1,90.4148,24.7449,1000,10,1,1788762894,1788875448,0
LTE,470,3,1218,18017313,-1,90.4154,24.7451,1000,3,1,1788762945,1788875448,0
LTE,470,3,1218,18017312,-1,90.4175,24.7459,1000,12,1,1788762970,1788875448,0
LTE,470,3,1218,2600738,-1,90.42,24.747,1000,10,1,1788763046,1788875448,0
LTE,470,1,62411,40968716,-1,90.4201,24.7471,1000,8,1,1788763128,1788875448,0
LTE,470,1,62411,42095371,-1,90.4214,24.7476,1000,5,1,1788763205,1788875448,0
LTE,470,3,1218,2600735,-1,90.4212,24.7475,1000,7,1,1788763230,1788875448,0
LTE,470,1,62411,40979212,-1,90.423,24.7485,1000,1,1,1788763261,1788763261,0
LTE,470,1,62411,40978239,-1,90.4245,24.7492,1000,7,1,1788763266,1788776162,0
LTE,470,1,62411,40964926,-1,90.413,24.7541,1386,6,1,1788763301,1789319507,0
LTE,470,1,62391,40975373,-1,90.427,24.7504,1000,3,1,1788763311,1788776162,0
LTE,470,1,62391,40975372,-1,90.4292,24.7516,1000,6,1,1788763332,1788776162,0
LTE,470,3,1125,3531040,-1,90.4401,24.7605,1000,14,1,1788763459,1788875448,0
LTE,470,3,1125,3593505,-1,90.4533,24.7664,1000,3,1,1788763789,1788776164,0
LTE,470,1,62391,41685517,-1,90.463,24.774,1000,3,1,1788763890,1788875447,0
LTE,470,3,1120,17922819,-1,90.4624,24.774,1000,12,1,1788763890,1788875447,0
LTE,470,3,1120,17922817,-1,90.4709,24.7779,1000,9,1,1788763936,1788776164,0
LTE,470,3,1120,3752963,-1,90.4792,24.7829,1000,13,1,1788763981,1788776164,0
LTE,470,3,1120,3752961,-1,90.4907,24.7909,1000,17,1,1788764073,1788776165,0
LTE,470,1,62541,41474079,-1,90.4904,24.79,1000,2,1,1788764108,1788875447,0
LTE,470,1,62541,41682719,-1,90.4889,24.7885,1000,1,1,1788764113,1788764113,0
LTE,470,1,62391,41787147,-1,90.4924,24.792,1114,19,1,1788764129,1788875447,0
LTE,470,1,62391,41675276,-1,90.4962,24.7972,1000,3,1,1788764180,1788776165,0
LTE,470,3,1122,3203293,-1,90.507,24.8055,1000,21,1,1788764196,1788875447,0
LTE,470,1,62391,41662476,-1,90.4976,24.7989,1000,1,1,1788764206,1788764206,0
LTE,470,1,62391,41489421,-1,90.5053,24.8046,1000,16,1,1788764211,1788875447,0
LTE,470,3,1122,3203103,-1,90.5296,24.819,1000,7,1,1788764754,1788875446,0
LTE,470,1,62401,41611849,-1,90.5681,24.844,836,28,1,1788765045,1788776167,0
LTE,470,1,62401,41611809,-1,90.5757,24.8464,1000,2,1,1788765430,1788776167,0
LTE,470,3,1122,3487235,-1,90.5761,24.8469,1000,5,1,1788765430,1788776167,0
LTE,470,1,62401,41611807,-1,90.5761,24.8469,1000,1,1,1788765445,1788765445,0
LTE,470,3,1122,3732481,-1,90.5769,24.8479,1000,1,1,1788765460,1788765460,0
LTE,470,3,1122,3487234,-1,90.5773,24.8488,1000,3,1,1788765465,1788776167,0
LTE,470,3,1122,3487233,-1,90.5786,24.8516,1000,11,1,1788765480,1788875446,0
LTE,470,3,1122,18160898,-1,90.58,24.8569,1000,10,1,1788765582,1788875446,0
GSM,470,1,25008,23631,-1,90.4053,24.7456,1000,16,1,1788778370,1789909770,0
LTE,470,3,1122,18160899,-1,90.5807,24.8613,1000,4,1,1788765648,1788875445,0
LTE,470,3,1122,3122977,-1,90.5817,24.8729,1000,17,1,1788765703,1788875442,0
LTE,470,3,1122,3122975,-1,90.5815,24.8805,1000,11,1,1788765789,1788875442,0
LTE,470,3,1122,18051873,-1,90.5854,24.8995,1000,2,1,1788765978,1788875443,0
LTE,470,3,1122,3755723,-1,90.5908,24.9062,1000,19,1,1788765988,1788875443,0
LTE,470,3,1122,18051842,-1,90.5945,24.9128,1000,2,1,1788766084,1788875443,0
LTE,470,1,62401,41696545,-1,90.5963,24.9155,1000,12,1,1788766433,1788875443,0
LTE,470,3,1122,3755601,-1,90.5952,24.9144,1000,1,1,1788766444,1788766444,0
LTE,470,3,1122,3755553,-1,90.587,24.903,1640,6,1,1788766449,1788875445,0
LTE,470,1,62401,41696543,-1,90.6068,24.9213,1059,18,1,1788766494,1788875443,0
LTE,470,3,1122,18073091,-1,90.6097,24.9228,901,35,1,1788766570,1788875445,0
LTE,470,1,62401,41798432,-1,90.6114,24.9233,1000,1,1,1788766611,1788766611,0
LTE,470,3,1122,18073089,-1,90.6121,24.933,1000,3,1,1788766743,1788875443,0
LTE,470,3,1122,3522592,-1,90.6066,24.9377,1000,3,1,1788766824,1788875444,0
LTE,470,1,62401,41500192,-1,90.6017,24.9398,1000,5,1,1788766876,1788875444,0
LTE,470,3,1122,3522561,-1,90.6039,24.9389,1000,1,1,1788774609,1788774609,0
LTE,470,1,62401,41499915,-1,90.6054,24.9382,1000,2,1,1788774645,1788875444,0
LTE,470,3,1122,18073090,-1,90.6139,24.9271,1000,3,1,1788774792,1788875444,0
LTE,470,3,1122,3755530,-1,90.5985,24.9175,1000,8,1,1788774909,1788875445,0
LTE,470,3,1122,3755521,-1,90.5953,24.9144,1000,5,1,1788774950,1788875445,0
LTE,470,1,62401,41611788,-1,90.5762,24.847,1000,6,1,1788775463,1788875446,0
LTE,470,3,1122,2698699,-1,90.5768,24.8477,1000,1,1,1788775469,1788775469,0
LTE,470,3,1122,3487455,-1,90.5689,24.8443,961,28,1,1788775474,1788875446,0
LTE,470,1,62401,41611789,-1,90.5753,24.8454,1000,1,1,1788775494,1788775494,0
LTE,470,1,62401,41666059,-1,90.5535,24.8366,1000,18,1,1788775636,1788875446,0
LTE,470,1,62401,41666061,-1,90.538,24.8257,1664,19,1,1788775727,1788875446,0
LTE,470,1,62401,41788684,-1,90.5328,24.8215,1000,9,1,1788775778,1788875446,0
LTE,470,1,62541,43498507,-1,90.5269,24.8169,1000,1,1,1788775870,1788775870,0
LTE,470,1,62391,41489422,-1,90.5176,24.8128,1000,20,1,1788775886,1788875447,0
LTE,470,3,1122,3203105,-1,90.4971,24.7983,1000,5,1,1788776180,1788875447,0
LTE,470,1,62391,41787148,-1,90.4876,24.7879,1000,1,1,1788776483,1788776483,0
LTE,470,1,62391,41685515,-1,90.4664,24.7757,1000,1,1,1788776624,1788776624,0
LTE,470,3,1125,3593473,-1,90.4551,24.7686,1000,12,1,1788776685,1788875447,0
LTE,470,3,1125,3593475,-1,90.4526,24.7659,1000,2,1,1788776746,1788875447,0
LTE,470,3,1125,2621151,-1,90.451,24.7635,1000,9,1,1788776756,1788875448,0
LTE,470,1,62391,40979538,-1,90.4512,24.7634,1000,3,1,1788776772,1788875447,0
LTE,470,1,62411,40968717,-1,90.4178,24.746,1000,4,1,1788777531,1788875448,0
LTE,470,1,62411,41734668,-1,90.4166,24.7456,1000,1,1,1788777567,1788777567,0
LTE,470,1,62411,40969229,-1,90.4122,24.7451,1000,2,1,1788777618,1788875448,0
LTE,470,3,1218,3593248,-1,90.4113,24.7457,1000,7,1,1788777618,1788875448,0
LTE,470,1,62411,40963103,-1,90.4082,24.7475,1000,11,1,1788777776,1789317534,0
LTE,470,1,62411,40963085,-1,90.4074,24.7465,1000,6,1,1788777902,1789317534,0
LTE,470,3,1218,2645981,-1,90.4072,24.7456,500,25,1,1788778004,1789909777,0
GSM,470,1,25008,0,-1,90.4123,24.7535,1000,6,1,1788919515,1789239281,0
LTE,470,3,1218,3232772,-1,90.4129,24.7541,1000,4,1,1788917845,1789906488,0
LTE,470,1,62411,42464287,-1,90.4112,24.7546,1000,3,1,1788921924,1788921924,0
LTE,470,1,62411,40968735,-1,90.4109,24.7543,1000,1,1,1788921924,1788921924,0
LTE,470,1,62411,40972063,-1,90.4106,24.7547,1000,1,1,1788921924,1788921924,0
LTE,470,1,62411,40970273,-1,90.4091,24.756,1000,6,1,1788921924,1788921924,0
LTE,470,3,1218,3605537,-1,90.4087,24.7562,1000,11,1,1788921924,1789319508,0
LTE,470,1,62411,40973344,-1,90.4054,24.7579,1000,6,1,1788921924,1788921925,0
LTE,470,1,62411,40962847,-1,90.4067,24.7574,1000,3,1,1788921924,1788921924,0
LTE,470,3,1218,3223298,-1,90.4045,24.7583,1000,5,1,1788921924,1788921925,0
LTE,470,1,62411,39891231,-1,90.4031,24.7581,1000,3,1,1788921924,1788921925,0
LTE,470,3,1218,3223302,-1,90.4027,24.7587,1000,7,1,1788921924,1788921925,0
LTE,470,1,62411,41294627,-1,90.4026,24.7585,1000,7,1,1788921924,1788921925,0
LTE,470,3,1218,3233312,-1,90.4023,24.757,1000,3,1,1788921924,1788921925,0
LTE,470,1,62411,39891233,-1,90.4022,24.7558,1000,5,1,1788921924,1788921925,0
LTE,470,3,1218,18018337,-1,90.4022,24.7554,1000,5,1,1788921924,1788921925,0
LTE,470,1,62411,40971808,-1,90.4028,24.7545,1000,1,1,1788921924,1788921924,0
LTE,470,3,1218,2599502,-1,90.4033,24.7543,1000,3,1,1788921924,1788921925,0
LTE,470,1,62411,40971296,-1,90.4044,24.7523,1000,7,1,1788921924,1788921926,0
LTE,470,1,62411,41358625,-1,90.4042,24.7536,1000,1,1,1788921924,1788921924,0
LTE,470,3,1218,2599499,-1,90.4045,24.7527,1000,4,1,1788921924,1788921926,0
LTE,470,3,1218,18019103,-1,90.405,24.7507,1000,5,1,1788921926,1788921926,0
LTE,470,1,62411,40973088,-1,90.4072,24.7484,1000,6,1,1788921926,1789317534,0
LTE,470,1,62411,40973089,-1,90.406,24.7495,1000,2,1,1788921926,1788921926,0
LTE,470,3,1218,2801184,-1,90.4062,24.7476,1000,6,1,1788921926,1789143099,0
LTE,470,1,62411,41370695,-1,90.4088,24.7453,1000,2,1,1788921926,1788943698,0
LTE,470,1,56071,41876511,-1,90.4084,24.7451,1000,2,1,1788921926,1788921926,0
LTE,470,3,1218,2645763,-1,90.4062,24.7457,1000,11,1,1788921926,1789906487,0
LTE,470,3,1218,3593439,-1,90.4086,24.7469,500,28,1,1788923820,1789909777,0
LTE,470,3,1218,2645792,-1,90.4059,24.7451,1000,10,1,1788926202,1789143099,0
LTE,470,3,1218,2645843,-1,90.4063,24.7463,1000,1,1,1788929897,1788929897,0
LTE,470,1,62411,40963902,-1,90.4075,24.7436,1000,1,1,1788933495,1788933495,0
LTE,470,1,62411,41370685,-1,90.4087,24.7451,1000,6,1,1788933505,1789143099,0
LTE,470,1,62411,40963912,-1,90.4086,24.7445,1000,2,1,1788933618,1788943698,0
LTE,470,3,1218,2865665,-1,90.4115,24.7503,1000,5,1,1788944797,1789239286,0
LTE,470,3,1218,18017538,-1,90.4135,24.7512,1000,7,1,1788944797,1789906488,0
LTE,470,3,1218,18017539,-1,90.4138,24.7523,1000,7,1,1788944797,1789906488,0
LTE,470,3,1218,3232769,-1,90.4126,24.7536,1000,11,1,1788944797,1789906488,0
LTE,470,3,1218,3232775,-1,90.4125,24.7545,1000,4,1,1788944797,1789906488,0
LTE,470,3,1218,3232771,-1,90.412,24.7543,1000,2,1,1788944797,1789906488,0
LTE,470,3,1218,3232770,-1,90.4121,24.7539,1000,2,1,1788944797,1789906488,0
LTE,470,1,62281,40965457,-1,90.3881,24.7613,1000,2,1,1788925225,1788945349,0
LTE,470,4,28081,52230145,-1,90.3879,24.7613,1000,1,1,1788925225,1788925225,0
LTE,470,4,28081,52484352,-1,90.3882,24.7613,1000,1,1,1788925233,1788925233,0
LTE,470,3,1218,3232801,-1,90.4123,24.7538,1000,12,1,1788950433,1789906485,0
LTE,470,1,62411,42464288,-1,90.411,24.7499,1000,14,1,1788971933,1789906488,0
LTE,470,3,1218,3593249,-1,90.4082,24.7472,1000,2,1,1788971933,1788971934,0
LTE,470,1,62411,40963901,-1,90.4077,24.7453,1000,6,1,1788977988,1789909777,0
LTE,470,3,1218,18017281,-1,90.414,24.7513,1000,1,1,1788978085,1788978085,0
LTE,470,2,9321,107572243,-1,91.8609,22.3587,1000,3,1,1788986892,1789914315,0
LTE,470,3,1218,2801183,-1,90.4079,24.7484,1000,1,1,1789047945,1789047945,0
LTE,470,3,1218,3232800,-1,90.4117,24.754,1000,14,1,1789048326,1789909776,0
LTE,470,3,1218,3232804,-1,90.412,24.7543,1000,10,1,1789138344,1789909776,0
LTE,470,1,62411,40979233,-1,90.4129,24.7516,1000,8,1,1789138344,1789906485,0
LTE,470,3,1218,18019104,-1,90.4081,24.7468,1000,1,1,1789138344,1789138344,0
LTE,470,3,1218,2865952,-1,90.4056,24.7455,1000,1,1,1789141111,1789141111,0
LTE,470,1,62411,40969227,-1,90.4116,24.7467,1000,2,1,1789143099,1789143099,0
LTE,470,1,62411,40972832,-1,90.4116,24.7478,1000,3,1,1789143099,1789143099,0
LTE,470,3,1218,2865696,-1,90.4116,24.7483,1000,5,1,1789143099,1789143099,0
LTE,470,1,62411,40972831,-1,90.4117,24.749,1000,2,1,1789143099,1789143099,0
LTE,470,3,1218,18017026,-1,90.4096,24.7499,1000,1,1,1789198501,1789198501,0
LTE,470,3,1218,18017027,-1,90.4082,24.7492,1000,6,1,1789198516,1789239286,0
LTE,470,3,1218,2951169,-1,90.4059,24.7454,1000,2,1,1789312827,1789317534,0
LTE,470,1,62411,40969023,-1,90.4112,24.7541,1000,1,1,1789319507,1789319507,0
LTE,470,3,1218,3605539,-1,90.4108,24.7545,1000,2,1,1789319507,1789319507,0
LTE,470,1,62411,40964946,-1,90.4105,24.7548,1000,3,1,1789319507,1789319508,0
LTE,470,1,62411,40969043,-1,90.4087,24.75,1000,10,1,1789319507,1789906487,0
LTE,470,2,9115,89840943,-1,91.1724,23.4214,1000,1,1,1789632696,1789632696,0
LTE,470,2,9141,89699345,-1,91.2014,23.1686,1000,2,1,1789639072,1789658888,0
LTE,470,3,1218,18017311,-1,90.4135,24.7525,1000,1,1,1789906485,1789906485,0
LTE,470,3,1218,3593219,-1,90.407,24.7464,1000,1,1,1789906487,1789906487,0
GSM,470,2,1260,16427,-1,91.8612,22.359,1000,23,1,1789568648,1789914309,0
GSM,470,2,1261,46437,-1,91.8613,22.3588,1000,6,1,1789568648,1789914308,0
GSM,470,2,1260,16428,-1,91.8613,22.3589,500,32,1,1789568648,1789914309,0
GSM,470,2,1260,16426,-1,91.8612,22.359,1000,22,1,1789568648,1789914309,0
GSM,470,2,1261,34422,-1,91.8613,22.359,500,30,1,1789568648,1789914309,0
GSM,470,2,1261,15277,-1,91.8613,22.3588,1000,7,1,1789568688,1789914309,0
GSM,470,2,1261,46435,-1,91.8613,22.3589,1000,15,1,1789569217,1789914309,0
GSM,470,2,1260,15410,-1,91.8614,22.3588,1000,2,1,1789573078,1789914286,0
GSM,470,2,1260,15316,-1,91.8614,22.3587,1000,8,1,1789573223,1789914301,0
GSM,470,2,1260,30934,-1,91.8616,22.3587,1000,1,1,1789579139,1789579139,0
GSM,470,2,1260,18042,-1,91.8616,22.3589,1000,2,1,1789581903,1789914301,0
GSM,470,2,1261,15519,-1,91.8614,22.359,1000,3,1,1789587012,1789914309,0
LTE,470,2,9322,261138740,-1,91.8509,22.3595,1000,2,1,1789111391,1789914313,0
LTE,470,2,9322,107535156,-1,91.851,22.3596,1000,1,1,1789111425,1789111425,0
LTE,470,2,9322,107579666,-1,91.8511,22.3591,1000,2,1,1789111908,1789914313,0
LTE,470,2,9322,261138742,-1,91.8511,22.3593,1000,1,1,1789129735,1789129735,0
LTE,470,2,9321,107572241,-1,91.8616,22.3588,1000,9,1,1789568647,1789914315,0
LTE,470,2,9321,107572235,-1,91.8613,22.3587,1000,4,1,1789573243,1789914315,0
LTE,470,2,9321,261311797,-1,91.8612,22.3587,1000,4,1,1789576933,1789914315,0
LTE,470,2,9321,261311796,-1,91.8612,22.359,500,26,1,1789579279,1789914315,0
GSM,470,3,208,52518,-1,90.7484,23.2554,1000,22,1,1788274300,1789994109,0
GSM,470,3,208,22383,-1,90.7482,23.2554,1000,7,1,1788274300,1790465288,0
GSM,470,3,208,22382,-1,90.7483,23.2554,1000,21,1,1788274300,1790465288,0
LTE,470,3,2053,5181186,-1,90.748,23.2547,1000,4,1,1788347309,1790465292,0
LTE,470,3,2053,5696515,-1,90.748,23.2555,1000,3,1,1788273079,1790465291,0
LTE,470,3,2053,5181266,-1,90.7482,23.2538,1000,2,1,1788351647,1790465291,0
LTE,470,3,2053,5181267,-1,90.748,23.2554,1000,1,1,1788447041,1788447041,0
LTE,470,3,2053,5181185,-1,90.7562,23.2517,1000,1,1,1789994112,1789994112,0
LTE,470,2,48101,33609742,-1,90.4315,23.7293,1000,1,1,1790016534,1790016534,0
LTE,470,2,48101,33609740,-1,90.4315,23.7292,1000,1,1,1790019626,1790019626,0
LTE,470,4,17301,25791236,-1,90.4315,23.7293,1000,1,1,1790060546,1790060546,0
LTE,470,2,50007,235579406,-1,89.4823,22.9447,1000,1,1,1790258494,1790258494,0
LTE,470,2,9103,92238607,-1,90.7484,23.2553,1000,2,1,1790359176,1790465291,0
